iso	project	class	phase	elapsed_s	tree_rss_mb	tree_procs	cpu_pct	mem_used_mb	disk_free_gb	load1
2026-09-13T04:29:15+00:00	scrcpy	S	pipeline	0	3	1	0.0	26073	1446	4.4931640625
2026-09-13T04:29:30+00:00	scrcpy	S	pipeline	15	406	15	26.5	26472	1446	7.48876953125
2026-09-13T04:29:45+00:00	scrcpy	S	pipeline	30	626	21	62.6	26553	1447	14.08544921875
2026-09-13T04:30:02+00:00	scrcpy	S	pipeline	47	522	7	83.9	24627	1447	18.4033203125
2026-09-13T04:30:17+00:00	scrcpy	S	pipeline	62	715	27	93.4	23927	1447	23.1884765625
2026-09-13T04:30:32+00:00	scrcpy	S	pipeline	77	614	17	86.1	23448	1447	26.5439453125
2026-09-13T04:30:47+00:00	scrcpy	S	pipeline	92	685	24	83.7	23476	1447	27.0244140625
2026-09-13T04:31:02+00:00	scrcpy	S	pipeline	107	637	16	81.0	23651	1447	28.68798828125
2026-09-13T04:31:17+00:00	scrcpy	S	pipeline	122	27	5	45.8	23312	1447	24.82080078125
2026-09-13T04:31:32+00:00	scrcpy	S	pipeline	137	201	5	9.4	23778	1448	20.23291015625
2026-09-13T04:31:47+00:00	scrcpy	S	pipeline	152	64	3	17.6	23549	1448	16.62353515625
2026-09-13T04:32:02+00:00	scrcpy	S	pipeline	167	19	4	14.8	24009	1448	14.83056640625
2026-09-13T04:32:11+00:00	scrcpy	S	validate	0	27	1	0.0	24385	1449	13.8828125
2026-09-13T04:32:25+00:00	redis	S	pipeline	0	3	1	0.0	24334	1449	11.69921875
2026-09-13T04:32:25+00:00	terminal	S	pipeline	0	4	1	0.0	24334	1449	11.69921875
2026-09-13T04:32:25+00:00	rustlings	S	pipeline	0	4	1	0.0	24334	1449	11.69921875
2026-09-13T04:32:41+00:00	redis	S	pipeline	15	815	52	89.3	23396	1449	22.740234375
2026-09-13T04:32:41+00:00	rustlings	S	pipeline	15	430	3	89.3	23401	1449	22.740234375
2026-09-13T04:32:41+00:00	terminal	S	pipeline	15	402	10	89.3	23393	1449	22.740234375
2026-09-13T04:32:56+00:00	redis	S	pipeline	30	1071	59	98.5	24028	1449	28.72216796875
2026-09-13T04:32:56+00:00	rustlings	S	pipeline	30	444	3	98.5	24033	1449	28.72216796875
2026-09-13T04:32:56+00:00	terminal	S	pipeline	30	456	3	98.5	24046	1449	28.72216796875
2026-09-13T04:33:11+00:00	redis	S	pipeline	46	924	41	99.1	24341	1449	39.60302734375
2026-09-13T04:33:11+00:00	terminal	S	pipeline	46	656	11	99.1	24355	1449	39.60302734375
2026-09-13T04:33:11+00:00	rustlings	S	pipeline	46	458	4	99.1	24329	1449	39.60302734375
2026-09-13T04:33:27+00:00	redis	S	pipeline	61	1345	81	99.3	24703	1449	46.3359375
2026-09-13T04:33:27+00:00	terminal	S	pipeline	61	765	22	99.3	24705	1449	46.3359375
2026-09-13T04:33:27+00:00	rustlings	S	pipeline	61	493	7	99.3	24707	1449	46.3359375
2026-09-13T04:33:42+00:00	redis	S	pipeline	76	1274	71	99.1	24558	1449	52.03564453125
2026-09-13T04:33:42+00:00	rustlings	S	pipeline	76	467	4	99.2	24542	1449	52.03564453125
2026-09-13T04:33:42+00:00	terminal	S	pipeline	76	665	10	99.2	24542	1449	52.03564453125
2026-09-13T04:33:57+00:00	redis	S	pipeline	92	955	45	99.2	24507	1449	53.7138671875
2026-09-13T04:33:57+00:00	terminal	S	pipeline	92	771	23	99.2	24500	1449	53.7138671875
2026-09-13T04:33:57+00:00	rustlings	S	pipeline	92	21	5	99.2	24503	1449	53.7138671875
2026-09-13T04:34:13+00:00	redis	S	pipeline	107	1040	50	99.2	24339	1449	53.623046875
2026-09-13T04:34:13+00:00	rustlings	S	pipeline	107	168	5	99.2	24380	1449	53.623046875
2026-09-13T04:34:13+00:00	terminal	S	pipeline	107	813	26	99.2	24384	1449	53.623046875
2026-09-13T04:34:28+00:00	redis	S	pipeline	122	871	40	98.3	25157	1449	55.2841796875
2026-09-13T04:34:28+00:00	rustlings	S	pipeline	122	126	3	98.3	25162	1449	55.2841796875
2026-09-13T04:34:28+00:00	terminal	S	pipeline	122	718	15	98.3	25162	1449	55.2841796875
2026-09-13T04:34:43+00:00	redis	S	pipeline	137	925	48	98.6	25578	1449	57.6279296875
2026-09-13T04:34:43+00:00	terminal	S	pipeline	137	948	38	98.6	25441	1449	57.6279296875
2026-09-13T04:34:43+00:00	rustlings	S	pipeline	137	6	3	98.6	25438	1449	57.6279296875
2026-09-13T04:34:58+00:00	redis	S	pipeline	152	648	18	97.5	24817	1449	57.62646484375
2026-09-13T04:34:58+00:00	rustlings	S	pipeline	152	19	4	97.5	24788	1449	57.62646484375
2026-09-13T04:34:58+00:00	terminal	S	pipeline	152	777	22	97.5	24819	1449	57.62646484375
2026-09-13T04:35:14+00:00	terminal	S	pipeline	168	660	9	98.2	25060	1449	56.74560546875
2026-09-13T04:35:14+00:00	redis	S	pipeline	168	726	27	98.2	25063	1449	56.74560546875
2026-09-13T04:35:14+00:00	rustlings	S	pipeline	168	19	4	98.2	25029	1449	56.74560546875
2026-09-13T04:35:29+00:00	rustlings	S	pipeline	183	261	3	97.9	25085	1449	56.9384765625
2026-09-13T04:35:29+00:00	terminal	S	pipeline	183	785	23	97.9	25097	1449	56.9384765625
2026-09-13T04:35:29+00:00	redis	S	pipeline	183	878	41	97.9	25137	1449	56.9384765625
2026-09-13T04:35:39+00:00	rustlings	S	validate	0	43	1	0.0	25707	1450	57.5634765625
2026-09-13T04:35:42+00:00	dubbo	S	pipeline	0	3	1	0.0	25674	1450	58.2392578125
2026-09-13T04:35:44+00:00	terminal	S	pipeline	198	843	31	97.6	25191	1450	58.2392578125
2026-09-13T04:35:44+00:00	redis	S	pipeline	198	807	38	97.6	25196	1450	58.2392578125
2026-09-13T04:35:58+00:00	dubbo	S	pipeline	15	440	16	97.8	25377	1450	61.22412109375
2026-09-13T04:35:59+00:00	terminal	S	pipeline	213	746	20	98.2	25223	1450	61.22412109375
2026-09-13T04:35:59+00:00	redis	S	pipeline	214	697	25	98.2	25157	1450	61.22412109375
2026-09-13T04:36:13+00:00	dubbo	S	pipeline	30	587	20	97.9	24494	1450	63.029296875
2026-09-13T04:36:14+00:00	terminal	S	pipeline	228	1002	50	97.8	24621	1450	63.029296875
2026-09-13T04:36:14+00:00	redis	S	pipeline	229	774	34	97.8	24588	1450	63.029296875
2026-09-13T04:36:28+00:00	dubbo	S	pipeline	45	765	22	98.0	24704	1450	66.57275390625
2026-09-13T04:36:29+00:00	terminal	S	pipeline	244	867	27	98.0	24609	1450	66.57275390625
2026-09-13T04:36:29+00:00	redis	S	pipeline	244	568	9	98.1	24617	1450	66.57275390625
2026-09-13T04:36:43+00:00	dubbo	S	pipeline	60	797	15	98.2	24932	1450	69.171875
2026-09-13T04:36:45+00:00	terminal	S	pipeline	259	1028	44	98.2	25018	1450	69.171875
2026-09-13T04:36:45+00:00	redis	S	pipeline	259	936	47	98.1	24964	1450	69.171875
2026-09-13T04:36:58+00:00	dubbo	S	pipeline	76	755	9	98.0	24487	1450	71.14892578125
2026-09-13T04:37:00+00:00	redis	S	pipeline	274	809	35	98.0	24275	1450	71.14892578125
2026-09-13T04:37:00+00:00	terminal	S	pipeline	274	747	16	98.0	24275	1450	71.14892578125
2026-09-13T04:37:13+00:00	dubbo	S	pipeline	91	969	37	97.9	24493	1450	71.95849609375
2026-09-13T04:37:15+00:00	redis	S	pipeline	289	1084	63	97.9	24741	1450	71.95849609375
2026-09-13T04:37:15+00:00	terminal	S	pipeline	289	883	28	97.8	24752	1450	71.95849609375
2026-09-13T04:37:29+00:00	dubbo	S	pipeline	106	956	33	98.5	24568	1450	75.86181640625
2026-09-13T04:37:30+00:00	redis	S	pipeline	305	827	38	98.5	24966	1450	75.86181640625
2026-09-13T04:37:30+00:00	terminal	S	pipeline	305	997	40	98.5	24995	1450	75.86181640625
2026-09-13T04:37:44+00:00	dubbo	S	pipeline	121	882	24	98.3	25090	1450	79.326171875
2026-09-13T04:37:46+00:00	redis	S	pipeline	320	718	24	98.3	24795	1450	79.326171875
2026-09-13T04:37:46+00:00	terminal	S	pipeline	320	828	22	98.3	24791	1450	79.326171875
2026-09-13T04:37:59+00:00	dubbo	S	pipeline	136	896	24	98.4	25002	1450	78.689453125
2026-09-13T04:38:01+00:00	redis	S	pipeline	335	1008	53	98.4	25305	1450	78.689453125
2026-09-13T04:38:01+00:00	terminal	S	pipeline	335	954	37	98.4	25239	1450	78.689453125
2026-09-13T04:38:14+00:00	dubbo	S	pipeline	151	835	18	98.4	25447	1450	79.6474609375
2026-09-13T04:38:16+00:00	redis	S	pipeline	350	953	50	98.3	25427	1450	79.6474609375
2026-09-13T04:38:16+00:00	terminal	S	pipeline	350	742	13	98.3	25433	1450	79.6474609375
2026-09-13T04:38:29+00:00	dubbo	S	pipeline	167	830	18	98.3	25344	1450	80.42041015625
2026-09-13T04:38:31+00:00	redis	S	pipeline	366	1033	57	98.2	24857	1450	80.146484375
2026-09-13T04:38:31+00:00	terminal	S	pipeline	366	844	25	98.2	24810	1450	80.146484375
2026-09-13T04:38:44+00:00	dubbo	S	pipeline	182	900	26	98.4	25782	1450	83.865234375
2026-09-13T04:38:46+00:00	redis	S	pipeline	381	795	32	98.4	25761	1450	83.0751953125
2026-09-13T04:38:47+00:00	terminal	S	pipeline	381	845	24	98.4	25734	1450	83.0751953125
2026-09-13T04:39:00+00:00	dubbo	S	pipeline	197	865	19	97.8	25271	1450	81.68310546875
2026-09-13T04:39:02+00:00	redis	S	pipeline	396	723	24	98.1	25891	1450	80.0263671875
2026-09-13T04:39:02+00:00	terminal	S	pipeline	396	862	26	98.1	25903	1450	80.0263671875
2026-09-13T04:39:15+00:00	dubbo	S	pipeline	212	818	15	97.7	25800	1450	80.0927734375
2026-09-13T04:39:17+00:00	terminal	S	pipeline	411	945	38	97.4	25882	1450	76.7216796875
2026-09-13T04:39:17+00:00	redis	S	pipeline	411	1004	58	97.4	25882	1450	76.7216796875
2026-09-13T04:39:30+00:00	dubbo	S	pipeline	227	860	19	97.8	25833	1450	75.56591796875
2026-09-13T04:39:32+00:00	redis	S	pipeline	426	801	35	97.9	25715	1450	74.7197265625
2026-09-13T04:39:32+00:00	terminal	S	pipeline	426	820	21	97.9	25728	1450	74.7197265625
2026-09-13T04:39:45+00:00	dubbo	S	pipeline	242	850	17	97.9	25167	1451	77.2099609375
2026-09-13T04:39:47+00:00	redis	S	pipeline	441	927	45	98.0	25550	1451	76.71240234375
2026-09-13T04:39:47+00:00	terminal	S	pipeline	441	924	34	98.0	25557	1451	76.71240234375
2026-09-13T04:40:00+00:00	dubbo	S	pipeline	257	1019	40	98.2	25476	1451	77.5322265625
2026-09-13T04:40:02+00:00	redis	S	pipeline	457	672	18	98.2	25407	1451	79.25146484375
2026-09-13T04:40:02+00:00	terminal	S	pipeline	457	791	18	98.2	25419	1451	79.25146484375
2026-09-13T04:40:15+00:00	dubbo	S	pipeline	272	1011	32	97.9	25345	1451	82.1884765625
2026-09-13T04:40:17+00:00	redis	S	pipeline	472	850	37	97.9	24913	1451	83.53515625
2026-09-13T04:40:17+00:00	terminal	S	pipeline	472	970	39	97.9	24917	1451	83.53515625
2026-09-13T04:40:30+00:00	dubbo	S	pipeline	287	1114	44	98.4	25487	1451	84.05859375
2026-09-13T04:40:33+00:00	redis	S	pipeline	487	998	56	98.2	25385	1451	84.45458984375
2026-09-13T04:40:33+00:00	terminal	S	pipeline	487	971	37	98.2	25390	1451	84.45458984375
2026-09-13T04:40:45+00:00	dubbo	S	pipeline	303	1019	33	98.0	25187	1451	82.93310546875
2026-09-13T04:40:48+00:00	redis	S	pipeline	502	1167	70	98.2	25444	1451	81.97705078125
2026-09-13T04:40:48+00:00	terminal	S	pipeline	502	858	26	98.2	25452	1451	81.97705078125
2026-09-13T04:41:01+00:00	dubbo	S	pipeline	318	812	9	98.3	25509	1451	82.25244140625
2026-09-13T04:41:03+00:00	terminal	S	pipeline	517	855	26	98.2	25150	1451	82.6328125
2026-09-13T04:41:03+00:00	redis	S	pipeline	517	1049	54	98.2	25075	1451	82.6328125
2026-09-13T04:41:16+00:00	dubbo	S	pipeline	333	1052	40	98.4	25192	1451	83.87841796875
2026-09-13T04:41:19+00:00	terminal	S	pipeline	533	735	12	98.5	25275	1451	84.20849609375
2026-09-13T04:41:19+00:00	redis	S	pipeline	533	673	18	98.4	25274	1451	84.20849609375
2026-09-13T04:41:31+00:00	dubbo	S	pipeline	348	962	29	98.5	25610	1451	83.77294921875
2026-09-13T04:41:34+00:00	terminal	S	pipeline	548	1028	44	98.5	25270	1451	82.26953125
2026-09-13T04:41:34+00:00	redis	S	pipeline	548	762	28	98.5	25250	1451	82.26953125
2026-09-13T04:41:46+00:00	dubbo	S	pipeline	363	1069	39	98.2	25433	1451	78.84814453125
2026-09-13T04:41:49+00:00	terminal	S	pipeline	563	905	30	98.1	25063	1451	78.21923828125
2026-09-13T04:41:49+00:00	redis	S	pipeline	563	904	42	98.1	25084	1451	78.21923828125
2026-09-13T04:42:01+00:00	dubbo	S	pipeline	378	888	18	98.3	25540	1451	75.10693359375
2026-09-13T04:42:04+00:00	terminal	S	pipeline	578	870	30	98.2	25435	1451	74.29736328125
2026-09-13T04:42:04+00:00	redis	S	pipeline	578	974	50	98.2	25419	1451	74.29736328125
2026-09-13T04:42:16+00:00	dubbo	S	pipeline	394	1095	42	98.5	24443	1451	76.1611328125
2026-09-13T04:42:19+00:00	terminal	S	pipeline	594	907	31	98.7	25126	1451	77.75
2026-09-13T04:42:20+00:00	redis	S	pipeline	594	892	43	98.7	25143	1451	77.75
2026-09-13T04:42:32+00:00	dubbo	S	pipeline	409	993	29	98.2	25173	1451	78.94189453125
2026-09-13T04:42:35+00:00	terminal	S	pipeline	609	926	34	98.1	25021	1451	78.1455078125
2026-09-13T04:42:35+00:00	redis	S	pipeline	609	1043	61	98.1	25045	1451	78.1455078125
2026-09-13T04:42:47+00:00	dubbo	S	pipeline	424	902	19	98.4	25505	1451	78.650390625
2026-09-13T04:42:50+00:00	terminal	S	pipeline	624	941	35	98.5	25545	1451	78.650390625
2026-09-13T04:42:50+00:00	redis	S	pipeline	624	946	48	98.5	25550	1451	78.650390625
2026-09-13T04:43:02+00:00	dubbo	S	pipeline	439	989	32	98.9	25275	1451	78.39453125
2026-09-13T04:43:05+00:00	terminal	S	pipeline	639	906	33	99.0	25885	1451	78.39453125
2026-09-13T04:43:05+00:00	redis	S	pipeline	639	1007	54	99.0	25890	1451	78.39453125
2026-09-13T04:43:17+00:00	dubbo	S	pipeline	454	977	32	97.6	25984	1451	82.078125
2026-09-13T04:43:20+00:00	terminal	S	pipeline	655	963	39	97.5	25975	1451	82.078125
2026-09-13T04:43:20+00:00	redis	S	pipeline	655	1178	72	97.5	25990	1451	82.078125
2026-09-13T04:43:32+00:00	dubbo	S	pipeline	469	1029	38	98.5	26237	1451	82.28759765625
2026-09-13T04:43:36+00:00	terminal	S	pipeline	670	812	22	98.3	26163	1451	82.28759765625
2026-09-13T04:43:36+00:00	redis	S	pipeline	670	738	24	98.3	26146	1451	82.28759765625
2026-09-13T04:43:47+00:00	dubbo	S	pipeline	485	890	19	98.0	26262	1452	84.3720703125
2026-09-13T04:43:51+00:00	terminal	S	pipeline	685	1125	58	97.7	26309	1452	84.3720703125
2026-09-13T04:43:51+00:00	redis	S	pipeline	685	1063	61	97.7	26307	1452	84.3720703125
2026-09-13T04:44:02+00:00	dubbo	S	pipeline	500	1092	42	97.8	25445	1452	86.33349609375
2026-09-13T04:44:06+00:00	terminal	S	pipeline	700	900	31	98.3	26187	1452	86.33349609375
2026-09-13T04:44:06+00:00	redis	S	pipeline	701	1009	57	98.2	26213	1452	86.33349609375
2026-09-13T04:44:18+00:00	dubbo	S	pipeline	515	922	19	98.3	25396	1452	85.64892578125
2026-09-13T04:44:21+00:00	terminal	S	pipeline	715	1103	55	98.5	25869	1452	85.64892578125
2026-09-13T04:44:22+00:00	redis	S	pipeline	716	1238	76	98.6	25912	1452	85.64892578125
2026-09-13T04:44:33+00:00	dubbo	S	pipeline	530	1028	33	98.5	25512	1452	86.69482421875
2026-09-13T04:44:36+00:00	terminal	S	pipeline	730	1191	65	98.4	25784	1452	86.69482421875
2026-09-13T04:44:37+00:00	redis	S	pipeline	731	1039	57	98.4	25764	1452	86.69482421875
2026-09-13T04:44:48+00:00	dubbo	S	pipeline	545	924	21	98.3	25810	1452	82.30419921875
2026-09-13T04:44:52+00:00	terminal	S	pipeline	746	1148	53	98.4	25731	1452	82.30419921875
2026-09-13T04:44:52+00:00	redis	S	pipeline	746	869	42	98.3	26012	1452	82.30419921875
2026-09-13T04:45:03+00:00	dubbo	S	pipeline	560	979	27	98.2	25612	1452	82.5087890625
2026-09-13T04:45:07+00:00	terminal	S	pipeline	761	874	28	98.1	25965	1452	82.5087890625
2026-09-13T04:45:08+00:00	redis	S	pipeline	762	859	36	98.1	25884	1452	81.3466796875
2026-09-13T04:45:18+00:00	dubbo	S	pipeline	576	1082	41	98.4	25726	1452	83.21533203125
2026-09-13T04:45:22+00:00	terminal	S	pipeline	776	858	29	98.5	26040	1452	83.21533203125
2026-09-13T04:45:23+00:00	redis	S	pipeline	777	1315	92	98.5	26067	1452	82.79736328125
2026-09-13T04:45:34+00:00	dubbo	S	pipeline	591	972	29	98.1	25284	1452	81.47705078125
2026-09-13T04:45:37+00:00	terminal	S	pipeline	792	952	38	98.1	26064	1452	81.2783203125
2026-09-13T04:45:38+00:00	redis	S	pipeline	792	1046	52	98.1	26067	1452	81.2783203125
2026-09-13T04:45:49+00:00	dubbo	S	pipeline	606	892	18	98.3	25840	1452	81.67138671875
2026-09-13T04:45:52+00:00	terminal	S	pipeline	807	967	38	98.0	25528	1452	82.97900390625
2026-09-13T04:45:53+00:00	redis	S	pipeline	807	1084	65	97.9	25393	1452	82.97900390625
2026-09-13T04:46:04+00:00	dubbo	S	pipeline	621	1130	48	98.0	25913	1452	82.26806640625
2026-09-13T04:46:08+00:00	terminal	S	pipeline	822	839	22	97.9	25544	1452	83.1279296875
2026-09-13T04:46:08+00:00	redis	S	pipeline	822	1083	61	98.0	25618	1452	83.1279296875
2026-09-13T04:46:19+00:00	dubbo	S	pipeline	636	1151	49	98.7	25615	1452	84.5625
2026-09-13T04:46:23+00:00	terminal	S	pipeline	837	876	34	99.2	25580	1452	84.43701171875
2026-09-13T04:46:23+00:00	redis	S	pipeline	837	1053	60	99.1	25712	1452	84.43701171875
2026-09-13T04:46:34+00:00	dubbo	S	pipeline	651	1088	40	98.6	25244	1452	83.87353515625
2026-09-13T04:46:38+00:00	terminal	S	pipeline	852	876	29	98.4	25773	1452	84.1240234375
2026-09-13T04:46:38+00:00	redis	S	pipeline	853	1191	72	98.5	25762	1452	84.1240234375
2026-09-13T04:46:49+00:00	dubbo	S	pipeline	666	1038	38	98.6	25364	1452	86.1298828125
2026-09-13T04:46:53+00:00	terminal	S	pipeline	867	1115	55	98.5	25808	1452	84.517578125
2026-09-13T04:46:54+00:00	redis	S	pipeline	868	879	42	98.5	25758	1452	84.517578125
2026-09-13T04:47:04+00:00	dubbo	S	pipeline	681	1096	39	98.8	25802	1452	83.03857421875
2026-09-13T04:47:08+00:00	terminal	S	pipeline	883	1080	50	98.9	25298	1452	82.634765625
2026-09-13T04:47:09+00:00	redis	S	pipeline	883	1139	65	98.9	25384	1452	82.634765625
2026-09-13T04:47:20+00:00	dubbo	S	pipeline	697	990	30	98.9	25462	1452	81.626953125
2026-09-13T04:47:23+00:00	terminal	S	pipeline	898	1067	52	98.6	25815	1452	81.09619140625
2026-09-13T04:47:24+00:00	redis	S	pipeline	898	1143	67	98.5	25792	1452	81.09619140625
2026-09-13T04:47:35+00:00	dubbo	S	pipeline	712	1003	30	98.2	25672	1452	80.29931640625
2026-09-13T04:47:39+00:00	terminal	S	pipeline	913	1040	43	98.5	25564	1452	79.71435546875
2026-09-13T04:47:39+00:00	redis	S	pipeline	913	972	46	98.6	25620	1452	79.71435546875
2026-09-13T04:47:50+00:00	dubbo	S	pipeline	727	1038	35	98.6	24836	1452	81.62939453125
2026-09-13T04:47:54+00:00	terminal	S	pipeline	928	1079	50	98.6	25832	1452	81.49853515625
2026-09-13T04:47:54+00:00	redis	S	pipeline	928	876	39	98.6	25770	1452	81.49853515625
2026-09-13T04:48:05+00:00	dubbo	S	pipeline	742	1173	52	98.8	25787	1452	80.17626953125
2026-09-13T04:48:09+00:00	terminal	S	pipeline	943	970	41	98.8	25460	1452	81.20361328125
2026-09-13T04:48:09+00:00	redis	S	pipeline	944	785	33	98.6	25621	1452	81.20361328125
2026-09-13T04:48:20+00:00	dubbo	S	pipeline	758	952	23	98.2	26056	1452	81.63671875
2026-09-13T04:48:24+00:00	terminal	S	pipeline	958	1192	63	98.2	25417	1453	80.54443359375
2026-09-13T04:48:24+00:00	redis	S	pipeline	959	965	50	98.3	25469	1453	80.54443359375
2026-09-13T04:48:35+00:00	dubbo	S	pipeline	773	1049	35	98.6	25049	1453	78.7783203125
2026-09-13T04:48:39+00:00	terminal	S	pipeline	973	875	27	98.8	25570	1453	79.27685546875
2026-09-13T04:48:40+00:00	redis	S	pipeline	974	794	31	98.9	25515	1453	79.27685546875
2026-09-13T04:48:51+00:00	dubbo	S	pipeline	788	1135	45	98.6	25853	1453	80.07080078125
2026-09-13T04:48:54+00:00	terminal	S	pipeline	988	1137	63	98.3	24960	1453	80.1455078125
2026-09-13T04:48:55+00:00	redis	S	pipeline	989	765	27	98.2	25186	1453	80.1455078125
2026-09-13T04:49:06+00:00	dubbo	S	pipeline	803	1150	44	98.2	25401	1453	80.36669921875
2026-09-13T04:49:09+00:00	terminal	S	pipeline	1003	1174	60	98.1	25524	1453	78.5751953125
2026-09-13T04:49:10+00:00	redis	S	pipeline	1004	1048	54	98.2	25549	1453	78.5751953125
2026-09-13T04:49:21+00:00	dubbo	S	pipeline	818	1131	37	98.4	25628	1453	80.39599609375
2026-09-13T04:49:24+00:00	terminal	S	pipeline	1019	1023	51	86.0	25123	1453	78.7626953125
2026-09-13T04:49:25+00:00	redis	S	pipeline	1019	702	20	85.9	25293	1453	78.7626953125
2026-09-13T04:49:36+00:00	dubbo	S	pipeline	833	1114	33	86.4	25797	1453	78.44677734375
2026-09-13T04:49:39+00:00	terminal	S	pipeline	1034	1130	59	98.6	25364	1453	78.6513671875
2026-09-13T04:49:40+00:00	redis	S	pipeline	1035	1114	63	98.6	25312	1453	78.6513671875
2026-09-13T04:49:52+00:00	dubbo	S	pipeline	849	971	16	98.1	25706	1453	78.98681640625
2026-09-13T04:49:55+00:00	terminal	S	pipeline	1049	990	39	98.2	25634	1453	79.068359375
2026-09-13T04:49:55+00:00	redis	S	pipeline	1050	1034	53	98.3	25722	1453	79.068359375
2026-09-13T04:50:07+00:00	dubbo	S	pipeline	864	1094	34	98.0	25747	1453	79.916015625
2026-09-13T04:50:10+00:00	terminal	S	pipeline	1064	935	33	98.1	25878	1453	80.2431640625
2026-09-13T04:50:11+00:00	redis	S	pipeline	1065	951	49	97.9	26005	1453	80.2431640625
2026-09-13T04:50:22+00:00	dubbo	S	pipeline	879	1126	35	98.5	25926	1453	80.484375
2026-09-13T04:50:25+00:00	terminal	S	pipeline	1079	1019	44	98.1	26194	1453	82.04736328125
2026-09-13T04:50:26+00:00	redis	S	pipeline	1080	1206	72	98.2	26079	1453	82.04736328125
2026-09-13T04:50:37+00:00	dubbo	S	pipeline	894	1047	23	98.3	26114	1453	81.181640625
2026-09-13T04:50:40+00:00	terminal	S	pipeline	1094	739	12	98.5	26082	1453	80.5263671875
2026-09-13T04:50:41+00:00	redis	S	pipeline	1095	1159	65	98.6	26210	1453	80.5263671875
2026-09-13T04:50:52+00:00	dubbo	S	pipeline	910	1152	35	97.7	23413	1454	78.4111328125
2026-09-13T04:50:55+00:00	terminal	S	pipeline	1110	964	35	97.8	23367	1454	78.85888671875
2026-09-13T04:50:56+00:00	redis	S	pipeline	1110	1083	53	97.6	23326	1454	78.85888671875
2026-09-13T04:51:08+00:00	dubbo	S	pipeline	925	1161	36	97.8	23525	1454	79.52197265625
2026-09-13T04:51:11+00:00	terminal	S	pipeline	1125	827	20	97.9	23549	1454	80.76171875
2026-09-13T04:51:11+00:00	redis	S	pipeline	1125	1015	50	98.1	23461	1454	80.76171875
2026-09-13T04:51:23+00:00	dubbo	S	pipeline	940	1359	61	98.5	23918	1454	82.23388671875
2026-09-13T04:51:26+00:00	terminal	S	pipeline	1140	1009	44	98.0	23984	1454	81.734375
2026-09-13T04:51:26+00:00	redis	S	pipeline	1141	1046	53	98.0	23932	1454	81.734375
2026-09-13T04:51:38+00:00	dubbo	S	pipeline	955	1123	31	97.4	23787	1454	83.07568359375
2026-09-13T04:51:41+00:00	terminal	S	pipeline	1155	1107	50	97.9	23864	1454	84.19091796875
2026-09-13T04:51:41+00:00	redis	S	pipeline	1156	1062	55	98.0	23764	1454	84.19091796875
2026-09-13T04:51:53+00:00	dubbo	S	pipeline	970	1058	23	98.2	23898	1454	82.21044921875
2026-09-13T04:51:56+00:00	terminal	S	pipeline	1170	1148	57	98.1	23926	1454	82.43408203125
2026-09-13T04:51:57+00:00	redis	S	pipeline	1171	1060	52	98.1	23906	1454	82.43408203125
2026-09-13T04:52:08+00:00	dubbo	S	pipeline	985	1134	33	98.6	24122	1454	82.03173828125
2026-09-13T04:52:11+00:00	terminal	S	pipeline	1185	977	38	98.4	24147	1454	82.03173828125
2026-09-13T04:52:12+00:00	redis	S	pipeline	1186	1105	61	98.3	24110	1454	82.03173828125
2026-09-13T04:52:23+00:00	dubbo	S	pipeline	1000	1118	30	97.8	24107	1455	82.2568359375
2026-09-13T04:52:26+00:00	terminal	S	pipeline	1201	933	32	97.5	24153	1455	82.2568359375
2026-09-13T04:52:27+00:00	redis	S	pipeline	1201	693	18	97.4	24087	1455	82.2568359375
2026-09-13T04:52:38+00:00	dubbo	S	pipeline	1016	999	17	97.1	24675	1455	82.29345703125
2026-09-13T04:52:41+00:00	terminal	S	pipeline	1216	1064	48	97.1	24502	1455	82.29345703125
2026-09-13T04:52:42+00:00	redis	S	pipeline	1216	876	37	97.2	24564	1455	82.29345703125
2026-09-13T04:52:54+00:00	dubbo	S	pipeline	1031	1057	23	97.6	24683	1455	81.255859375
2026-09-13T04:52:57+00:00	terminal	S	pipeline	1231	952	32	97.8	24866	1455	81.255859375
2026-09-13T04:52:57+00:00	redis	S	pipeline	1232	1195	64	97.8	24773	1455	81.255859375
2026-09-13T04:53:09+00:00	dubbo	S	pipeline	1046	1080	29	97.8	24967	1456	80.86181640625
2026-09-13T04:53:12+00:00	terminal	S	pipeline	1246	871	26	97.9	25028	1456	80.86181640625
2026-09-13T04:53:13+00:00	redis	S	pipeline	1247	1062	52	97.9	25095	1456	80.86181640625
2026-09-13T04:53:24+00:00	dubbo	S	pipeline	1061	1131	34	98.1	24795	1456	84.4072265625
2026-09-13T04:53:27+00:00	terminal	S	pipeline	1261	901	33	98.1	24865	1456	84.4072265625
2026-09-13T04:53:28+00:00	redis	S	pipeline	1262	1154	62	98.0	24972	1456	84.4072265625
2026-09-13T04:53:39+00:00	dubbo	S	pipeline	1076	1082	31	79.9	25171	1456	81.57666015625
2026-09-13T04:53:42+00:00	terminal	S	pipeline	1276	922	31	80.0	25170	1456	81.57666015625
2026-09-13T04:53:43+00:00	redis	S	pipeline	1277	1290	77	80.2	25252	1456	81.57666015625
2026-09-13T04:53:54+00:00	dubbo	S	pipeline	1092	1260	46	97.9	25412	1457	81.73193359375
2026-09-13T04:53:57+00:00	terminal	S	pipeline	1291	1042	47	97.6	25321	1457	81.73193359375
2026-09-13T04:53:58+00:00	redis	S	pipeline	1292	985	53	97.5	25288	1457	81.73193359375
2026-09-13T04:54:10+00:00	dubbo	S	pipeline	1107	1194	39	96.7	25466	1457	82.83935546875
2026-09-13T04:54:12+00:00	terminal	S	pipeline	1306	1132	57	96.7	25454	1457	82.83935546875
2026-09-13T04:54:13+00:00	redis	S	pipeline	1307	1164	62	96.9	25412	1457	82.83935546875
2026-09-13T04:54:25+00:00	dubbo	S	pipeline	1122	1237	43	98.0	25421	1457	81.7646484375
2026-09-13T04:54:27+00:00	terminal	S	pipeline	1322	1040	43	98.1	25504	1457	81.7646484375
2026-09-13T04:54:28+00:00	redis	S	pipeline	1322	1203	66	98.0	25477	1457	81.7646484375
2026-09-13T04:54:40+00:00	dubbo	S	pipeline	1137	1026	19	97.2	25566	1458	83.203125
2026-09-13T04:54:42+00:00	terminal	S	pipeline	1337	1151	57	97.0	25282	1458	83.203125
2026-09-13T04:54:43+00:00	redis	S	pipeline	1337	974	44	97.0	25292	1458	83.203125
2026-09-13T04:54:55+00:00	dubbo	S	pipeline	1153	1197	40	97.1	25306	1458	83.2646484375
2026-09-13T04:54:57+00:00	terminal	S	pipeline	1352	1020	44	97.3	25267	1458	83.2646484375
2026-09-13T04:54:58+00:00	redis	S	pipeline	1352	1119	58	97.3	25350	1458	83.2646484375
2026-09-13T04:55:10+00:00	dubbo	S	pipeline	1168	1324	55	96.8	25356	1459	84.06689453125
2026-09-13T04:55:12+00:00	terminal	S	pipeline	1367	1132	54	96.8	25320	1459	84.06689453125
2026-09-13T04:55:13+00:00	redis	S	pipeline	1367	1391	75	96.9	25428	1459	84.06689453125
2026-09-13T04:55:26+00:00	dubbo	S	pipeline	1183	1016	19	97.0	25344	1459	82.9052734375
2026-09-13T04:55:28+00:00	terminal	S	pipeline	1382	1008	44	96.9	25449	1459	82.9052734375
2026-09-13T04:55:28+00:00	redis	S	pipeline	1383	1248	61	96.9	25458	1459	82.9052734375
2026-09-13T04:55:41+00:00	dubbo	S	pipeline	1198	1249	46	96.8	25477	1460	84.14208984375
2026-09-13T04:55:43+00:00	terminal	S	pipeline	1397	925	32	96.5	25430	1460	84.14208984375
2026-09-13T04:55:43+00:00	redis	S	pipeline	1398	1200	57	94.9	25410	1460	84.14208984375
2026-09-13T04:55:56+00:00	dubbo	S	pipeline	1213	1074	24	77.3	25366	1460	82.31396484375
2026-09-13T04:55:58+00:00	terminal	S	pipeline	1412	1160	56	77.8	25430	1460	82.31396484375
2026-09-13T04:55:59+00:00	redis	S	pipeline	1414	1267	63	79.6	25403	1460	81.40771484375
2026-09-13T04:56:11+00:00	dubbo	S	pipeline	1228	1215	42	96.7	25392	1461	80.140625
2026-09-13T04:56:13+00:00	terminal	S	pipeline	1427	1168	51	96.3	25370	1461	80.140625
2026-09-13T04:56:15+00:00	redis	S	pipeline	1429	795	15	96.2	25378	1461	79.248046875
2026-09-13T04:56:26+00:00	dubbo	S	pipeline	1243	1151	37	95.6	25327	1461	78.0341796875
2026-09-13T04:56:28+00:00	terminal	S	pipeline	1442	1076	39	95.8	25392	1461	78.0341796875
2026-09-13T04:56:30+00:00	redis	S	pipeline	1444	1308	67	96.1	25368	1462	78.83251953125
2026-09-13T04:56:41+00:00	dubbo	S	pipeline	1258	1134	36	96.2	25398	1462	80.77099609375
2026-09-13T04:56:43+00:00	terminal	S	pipeline	1457	1020	32	96.4	25399	1462	80.77099609375
2026-09-13T04:56:45+00:00	redis	S	pipeline	1459	1047	39	96.2	25279	1462	81.83056640625
2026-09-13T04:56:56+00:00	dubbo	S	pipeline	1274	1228	49	96.5	25242	1463	79.81591796875
2026-09-13T04:56:58+00:00	terminal	S	pipeline	1473	929	24	96.3	25134	1463	79.81591796875
2026-09-13T04:57:00+00:00	redis	S	pipeline	1475	1104	43	96.4	25045	1463	80.1513671875
2026-09-13T04:57:11+00:00	dubbo	S	pipeline	1289	1207	46	96.7	24719	1464	80.884765625
2026-09-13T04:57:13+00:00	terminal	S	pipeline	1488	1143	46	96.8	24605	1465	80.884765625
2026-09-13T04:57:15+00:00	redis	S	pipeline	1490	1354	72	96.9	24519	1465	78.4912109375
2026-09-13T04:57:26+00:00	dubbo	S	pipeline	1304	1214	44	96.5	23618	1466	77.8544921875
2026-09-13T04:57:29+00:00	terminal	S	pipeline	1503	1223	56	96.3	23452	1467	77.8544921875
2026-09-13T04:57:30+00:00	redis	S	pipeline	1505	1091	49	96.1	23237	1467	78.3466796875
2026-09-13T04:57:42+00:00	dubbo	S	pipeline	1319	1160	35	97.5	21920	1469	78.28076171875
2026-09-13T04:57:44+00:00	terminal	S	pipeline	1518	1171	48	97.9	21957	1469	78.28076171875
2026-09-13T04:57:46+00:00	redis	S	pipeline	1520	1330	69	98.0	22308	1469	77.9375
2026-09-13T04:57:57+00:00	dubbo	S	pipeline	1334	1121	34	97.7	22160	1469	79.50048828125
2026-09-13T04:57:59+00:00	terminal	S	pipeline	1533	1103	39	97.8	22166	1469	79.50048828125
2026-09-13T04:58:01+00:00	redis	S	pipeline	1535	1028	38	97.8	22293	1469	78.5791015625
2026-09-13T04:58:12+00:00	dubbo	S	pipeline	1349	1144	34	96.3	22292	1469	78.7783203125
2026-09-13T04:58:14+00:00	terminal	S	pipeline	1548	979	33	93.5	22101	1469	78.7783203125
2026-09-13T04:58:17+00:00	redis	S	pipeline	1551	1170	52	83.7	22317	1469	76.7138671875
2026-09-13T04:58:27+00:00	dubbo	S	pipeline	1364	1088	29	85.0	22239	1470	76.38232421875
2026-09-13T04:58:30+00:00	terminal	S	pipeline	1564	925	25	81.4	22091	1470	74.4296875
2026-09-13T04:58:32+00:00	redis	S	pipeline	1566	688	3	88.3	22137	1470	74.4296875
2026-09-13T04:58:42+00:00	dubbo	S	pipeline	1379	1031	22	74.7	22296	1470	71.8134765625
2026-09-13T04:58:46+00:00	terminal	S	pipeline	1580	1058	36	73.7	22081	1470	71.90869140625
2026-09-13T04:58:47+00:00	redis	S	pipeline	1581	688	3	74.4	22167	1470	71.90869140625
2026-09-13T04:58:58+00:00	dubbo	S	pipeline	1396	1050	22	59.6	22087	1471	67.4892578125
2026-09-13T04:59:01+00:00	terminal	S	pipeline	1595	1013	28	57.4	22136	1471	68.0107421875
2026-09-13T04:59:02+00:00	redis	S	pipeline	1596	688	3	51.4	22084	1471	68.0107421875
2026-09-13T04:59:14+00:00	dubbo	S	pipeline	1411	982	14	54.8	22646	1471	68.46728515625
2026-09-13T04:59:17+00:00	terminal	S	pipeline	1611	1074	36	56.6	22060	1472	66.34765625
2026-09-13T04:59:17+00:00	redis	S	pipeline	1611	688	3	60.0	21968	1472	66.34765625
2026-09-13T04:59:30+00:00	dubbo	S	pipeline	1427	1061	25	55.1	21465	1472	62.33349609375
2026-09-13T04:59:32+00:00	terminal	S	pipeline	1626	1051	35	57.8	21422	1472	62.33349609375
2026-09-13T04:59:32+00:00	redis	S	pipeline	1627	9	3	58.2	21414	1472	62.33349609375
2026-09-13T04:59:45+00:00	dubbo	S	pipeline	1442	1070	27	65.2	21535	1474	62.16650390625
2026-09-13T04:59:47+00:00	terminal	S	pipeline	1641	857	12	61.9	21443	1474	62.16650390625
2026-09-13T04:59:48+00:00	redis	S	pipeline	1642	9	3	62.2	21508	1474	62.16650390625
2026-09-13T05:00:00+00:00	dubbo	S	pipeline	1458	975	14	59.1	21511	1476	63.45751953125
2026-09-13T05:00:02+00:00	terminal	S	pipeline	1657	955	25	62.9	21511	1476	63.45751953125
2026-09-13T05:00:03+00:00	redis	S	pipeline	1657	9	3	62.6	21487	1476	63.45751953125
2026-09-13T05:00:15+00:00	dubbo	S	pipeline	1473	1021	18	52.8	21500	1478	63.8642578125
2026-09-13T05:00:17+00:00	terminal	S	pipeline	1672	1024	29	50.3	21562	1479	63.8642578125
2026-09-13T05:00:18+00:00	redis	S	pipeline	1672	9	3	49.4	21461	1479	63.8642578125
2026-09-13T05:00:31+00:00	dubbo	S	pipeline	1488	874	3	52.5	21465	1480	63.24267578125
2026-09-13T05:00:33+00:00	terminal	S	pipeline	1687	929	23	54.0	21483	1480	63.24267578125
2026-09-13T05:00:46+00:00	dubbo	S	pipeline	1503	1031	19	43.7	21470	1480	57.56982421875
2026-09-13T05:00:49+00:00	terminal	S	pipeline	1703	1035	37	43.8	21575	1480	57.56982421875
2026-09-13T05:01:01+00:00	dubbo	S	pipeline	1518	1031	21	58.4	21363	1481	57.10205078125
2026-09-13T05:01:04+00:00	terminal	S	pipeline	1718	1320	62	62.8	21506	1481	57.10205078125
2026-09-13T05:01:16+00:00	dubbo	S	pipeline	1533	1172	36	83.3	21476	1482	56.51171875
2026-09-13T05:01:19+00:00	terminal	S	pipeline	1733	1117	39	84.2	21483	1482	56.51171875
2026-09-13T05:01:31+00:00	dubbo	S	pipeline	1548	1105	32	86.4	20431	1482	53.2958984375
2026-09-13T05:01:34+00:00	terminal	S	pipeline	1748	23	5	85.8	20494	1482	53.2958984375
2026-09-13T05:01:46+00:00	dubbo	S	pipeline	1563	1031	25	61.0	20482	1483	46.58984375
2026-09-13T05:01:49+00:00	terminal	S	pipeline	1763	32	5	50.0	20487	1483	46.58984375
2026-09-13T05:02:02+00:00	dubbo	S	pipeline	1580	1051	29	38.7	20476	1484	43.4541015625
2026-09-13T05:02:04+00:00	terminal	S	pipeline	1778	35	5	41.9	20493	1484	43.4541015625
2026-09-13T05:02:17+00:00	dubbo	S	pipeline	1595	1047	24	45.1	20463	1484	38.28564453125
2026-09-13T05:02:19+00:00	terminal	S	pipeline	1793	37	5	43.0	20471	1484	38.28564453125
2026-09-13T05:02:33+00:00	dubbo	S	pipeline	1610	1118	30	42.4	20440	1485	36.58984375
2026-09-13T05:02:35+00:00	terminal	S	pipeline	1809	38	5	39.9	20337	1485	34.62060546875
2026-09-13T05:02:48+00:00	dubbo	S	pipeline	1625	992	19	31.0	20360	1486	33.65673828125
2026-09-13T05:02:50+00:00	terminal	S	pipeline	1824	40	5	34.9	20418	1486	33.04345703125
2026-09-13T05:03:03+00:00	dubbo	S	pipeline	1640	1031	19	54.3	20461	1486	32.08154296875
2026-09-13T05:03:05+00:00	terminal	S	pipeline	1839	41	5	55.1	20458	1486	31.19384765625
2026-09-13T05:03:18+00:00	dubbo	S	pipeline	1656	1049	23	53.9	20495	1487	31.548828125
2026-09-13T05:03:20+00:00	terminal	S	pipeline	1854	42	5	53.1	20392	1487	33.5869140625
2026-09-13T05:03:33+00:00	dubbo	S	pipeline	1671	1022	20	51.5	20345	1488	34.05126953125
2026-09-13T05:03:35+00:00	terminal	S	pipeline	1870	46	5	50.3	20477	1488	33.646484375
2026-09-13T05:03:50+00:00	dubbo	S	pipeline	1687	1072	26	54.7	20481	1489	34.68408203125
2026-09-13T05:03:50+00:00	terminal	S	pipeline	1885	48	5	57.7	20502	1489	34.68408203125
2026-09-13T05:04:05+00:00	dubbo	S	pipeline	1702	874	3	59.4	20176	1490	34.60791015625
2026-09-13T05:04:05+00:00	terminal	S	pipeline	1900	48	5	57.9	20299	1490	34.60791015625
2026-09-13T05:04:20+00:00	dubbo	S	pipeline	1717	1079	29	45.2	20435	1490	31.6982421875
2026-09-13T05:04:21+00:00	terminal	S	pipeline	1915	48	5	47.5	20408	1490	31.6982421875
2026-09-13T05:04:35+00:00	dubbo	S	pipeline	1732	1033	19	46.6	20326	1491	31.0361328125
2026-09-13T05:04:36+00:00	terminal	S	pipeline	1930	48	5	41.2	20321	1491	31.0361328125
2026-09-13T05:04:51+00:00	terminal	S	pipeline	1945	427	5	44.2	20672	1492	29.89208984375
2026-09-13T05:04:51+00:00	dubbo	S	pipeline	1748	1034	19	42.0	20672	1492	29.89208984375
2026-09-13T05:05:07+00:00	dubbo	S	pipeline	1764	1034	22	87.4	22836	1493	31.369140625
2026-09-13T05:05:07+00:00	terminal	S	pipeline	1961	2048	5	87.4	22836	1493	31.369140625
2026-09-13T05:05:23+00:00	dubbo	S	pipeline	1780	1066	24	64.2	22634	1493	32.2548828125
2026-09-13T05:05:23+00:00	terminal	S	pipeline	1977	2314	5	64.2	22642	1493	32.2548828125
2026-09-13T05:05:38+00:00	terminal	S	pipeline	1992	16	4	41.7	20314	1494	27.6220703125
2026-09-13T05:05:38+00:00	dubbo	S	pipeline	1795	994	15	41.8	20327	1494	27.6220703125
2026-09-13T05:05:53+00:00	terminal	S	pipeline	2007	15	4	32.0	20004	1495	26.0927734375
2026-09-13T05:05:53+00:00	dubbo	S	pipeline	1810	875	3	32.0	20004	1495	26.0927734375
2026-09-13T05:06:09+00:00	terminal	S	pipeline	2023	17	4	35.0	20057	1496	26.14501953125
2026-09-13T05:06:09+00:00	dubbo	S	pipeline	1826	1061	25	35.0	20057	1496	26.14501953125
2026-09-13T05:06:26+00:00	dubbo	S	pipeline	1843	1094	28	42.1	20109	1497	28.22412109375
2026-09-13T05:06:26+00:00	terminal	S	pipeline	2040	90	3	42.1	20121	1497	28.22412109375
2026-09-13T05:06:41+00:00	dubbo	S	pipeline	1858	23	5	32.8	19097	1499	26.337890625
2026-09-13T05:06:41+00:00	terminal	S	pipeline	2055	644	3	32.9	19098	1499	26.337890625
2026-09-13T05:06:56+00:00	dubbo	S	pipeline	1873	46	5	13.0	17880	1501	21.58642578125
2026-09-13T05:06:56+00:00	terminal	S	pipeline	2070	25	4	13.0	17881	1501	21.58642578125
2026-09-13T05:07:11+00:00	dubbo	S	pipeline	1888	51	5	11.9	18294	1507	17.5361328125
2026-09-13T05:07:11+00:00	terminal	S	pipeline	2085	34	5	11.9	18294	1507	17.5361328125
2026-09-13T05:07:26+00:00	dubbo	S	pipeline	1903	54	5	12.5	18213	1515	14.703125
2026-09-13T05:07:26+00:00	terminal	S	pipeline	2100	34	5	12.5	18213	1515	14.703125
2026-09-13T05:07:41+00:00	dubbo	S	pipeline	1918	61	5	11.2	18109	1523	12.56591796875
2026-09-13T05:07:41+00:00	terminal	S	pipeline	2115	34	5	11.2	18109	1523	12.56591796875
2026-09-13T05:07:57+00:00	terminal	S	pipeline	2131	19	4	11.6	18091	1530	10.7294921875
2026-09-13T05:07:57+00:00	dubbo	S	pipeline	1934	63	5	11.6	18091	1530	10.7294921875
2026-09-13T05:08:12+00:00	terminal	S	pipeline	2146	34	5	10.8	18138	1537	9.453125
2026-09-13T05:08:12+00:00	dubbo	S	pipeline	1949	66	5	10.8	18138	1537	9.453125
2026-09-13T05:08:27+00:00	dubbo	S	pipeline	1964	73	5	13.3	18150	1544	8.24462890625
2026-09-13T05:08:27+00:00	terminal	S	pipeline	2161	34	5	13.3	18150	1544	8.24462890625
2026-09-13T05:08:42+00:00	dubbo	S	pipeline	1979	77	5	14.3	18213	1551	7.3037109375
2026-09-13T05:08:42+00:00	terminal	S	pipeline	2176	34	5	14.3	18212	1551	7.3037109375
2026-09-13T05:08:57+00:00	terminal	S	pipeline	2191	32	3	15.3	17893	1559	6.86669921875
2026-09-13T05:08:57+00:00	dubbo	S	pipeline	1994	77	5	15.3	17893	1559	6.86669921875
2026-09-13T05:09:12+00:00	dubbo	S	pipeline	2009	200	5	14.2	17877	1563	6.08349609375
2026-09-13T05:09:27+00:00	dubbo	S	pipeline	2024	577	5	44.6	18292	1563	6.1298828125
2026-09-13T05:09:42+00:00	dubbo	S	pipeline	2039	16	4	9.6	17836	1563	5.306640625
2026-09-13T05:09:57+00:00	dubbo	S	pipeline	2054	413	3	13.5	17969	1564	5.1455078125
2026-09-13T05:10:12+00:00	dubbo	S	pipeline	2069	40	5	14.6	17809	1564	4.4423828125
2026-09-13T05:10:27+00:00	dubbo	S	pipeline	2084	80	6	10.4	17811	1564	3.7470703125
2026-09-13T05:10:42+00:00	dubbo	S	pipeline	2100	25	4	9.7	17759	1564	3.21142578125
2026-09-13T05:10:57+00:00	dubbo	S	pipeline	2115	25	4	11.4	17783	1564	3.078125
2026-09-13T05:11:12+00:00	dubbo	S	pipeline	2130	40	5	11.0	17799	1564	2.6171875
2026-09-13T05:11:27+00:00	dubbo	S	pipeline	2145	25	4	10.3	17790	1564	2.25830078125
2026-09-13T05:11:42+00:00	dubbo	S	pipeline	2160	40	6	11.2	17885	1564	2.33642578125
2026-09-13T05:11:58+00:00	dubbo	S	pipeline	2175	40	5	11.6	17871	1564	2.490234375
2026-09-13T05:12:13+00:00	dubbo	S	pipeline	2190	62	6	11.3	17797	1564	2.53564453125
2026-09-13T05:12:28+00:00	dubbo	S	pipeline	2205	61	6	19.6	18756	1564	2.56494140625
2026-09-13T05:12:43+00:00	dubbo	S	pipeline	2220	65	6	28.2	18808	1564	2.60595703125
2026-09-13T05:12:58+00:00	dubbo	S	pipeline	2235	37	5	16.6	17738	1564	2.705078125
2026-09-13T05:13:13+00:00	dubbo	S	pipeline	2250	25	4	11.1	17809	1564	2.462890625
2026-09-13T05:13:28+00:00	dubbo	S	pipeline	2265	69	6	9.6	17851	1564	2.2060546875
2026-09-13T05:13:43+00:00	dubbo	S	pipeline	2280	35	5	25.0	18948	1564	2.97998046875
2026-09-13T05:13:58+00:00	dubbo	S	pipeline	2295	40	5	13.3	17952	1564	2.8359375
2026-09-13T05:14:13+00:00	dubbo	S	pipeline	2310	37	5	25.0	17844	1564	2.49609375
2026-09-13T05:14:28+00:00	dubbo	S	pipeline	2325	37	5	30.7	17886	1564	3.33447265625
2026-09-13T05:14:43+00:00	dubbo	S	pipeline	2340	35	5	10.0	17820	1564	2.81689453125
2026-09-13T05:14:58+00:00	dubbo	S	pipeline	2355	61	6	12.2	18004	1564	2.96826171875
2026-09-13T05:15:13+00:00	dubbo	S	pipeline	2370	40	5	11.7	17876	1564	2.8154296875
2026-09-13T05:15:28+00:00	dubbo	S	pipeline	2385	29	5	10.8	18033	1564	2.48046875
2026-09-13T05:15:43+00:00	dubbo	S	pipeline	2400	33	5	10.7	17835	1564	2.38623046875
2026-09-13T05:15:58+00:00	dubbo	S	pipeline	2415	19	4	11.7	17828	1564	2.38037109375
2026-09-13T05:16:13+00:00	dubbo	S	pipeline	2430	38	3	11.4	17946	1564	2.38232421875
2026-09-13T05:16:28+00:00	dubbo	S	pipeline	2445	42	3	11.4	18510	1564	2.21142578125
2026-09-13T05:16:32+00:00	dubbo	S	validate	0	19	1	0.0	19981	1564	3.71630859375
2026-09-13T05:16:39+00:00	terminal	S	pipeline	0	4	1	0.0	17686	1565	3.7392578125
2026-09-13T05:16:39+00:00	redis	S	pipeline	0	4	1	0.0	17686	1565	3.7392578125
2026-09-13T05:16:54+00:00	redis	S	pipeline	15	1040	62	77.7	18736	1564	13.00537109375
2026-09-13T05:16:54+00:00	terminal	S	pipeline	15	497	20	77.7	18737	1564	13.00537109375
2026-09-13T05:17:09+00:00	terminal	S	pipeline	30	745	21	98.8	18989	1564	20.8984375
2026-09-13T05:17:09+00:00	redis	S	pipeline	30	1139	63	98.8	19023	1564	20.8984375
2026-09-13T05:17:24+00:00	terminal	S	pipeline	45	890	39	99.3	19175	1564	26.951171875
2026-09-13T05:17:25+00:00	redis	S	pipeline	45	1102	60	99.3	19155	1564	26.951171875
2026-09-13T05:17:40+00:00	terminal	S	pipeline	60	850	32	99.2	19031	1564	31.6279296875
2026-09-13T05:17:40+00:00	redis	S	pipeline	60	1059	52	99.2	18986	1564	31.6279296875
2026-09-13T05:17:55+00:00	terminal	S	pipeline	75	964	44	99.3	19129	1564	35.001953125
2026-09-13T05:17:55+00:00	redis	S	pipeline	75	1415	82	99.3	19091	1564	35.001953125
2026-09-13T05:18:03+00:00	torvalds__linux	L	pipeline	0	4	1	0.0	19136	1564	37.02001953125
2026-09-13T05:18:10+00:00	terminal	S	pipeline	90	802	26	98.9	19271	1563	36.53759765625
2026-09-13T05:18:10+00:00	redis	S	pipeline	91	1290	66	98.9	19322	1563	36.53759765625
2026-09-13T05:18:19+00:00	torvalds__linux	L	pipeline	15	899	3	98.7	19890	1563	39.68408203125
2026-09-13T05:18:25+00:00	terminal	S	pipeline	105	930	42	98.7	20195	1563	43.07275390625
2026-09-13T05:18:25+00:00	redis	S	pipeline	106	852	40	98.7	20211	1563	43.07275390625
2026-09-13T05:18:34+00:00	torvalds__linux	L	pipeline	30	1440	3	98.8	20499	1563	46.31298828125
2026-09-13T05:18:40+00:00	terminal	S	pipeline	121	983	47	98.7	20530	1563	47.6494140625
2026-09-13T05:18:40+00:00	redis	S	pipeline	121	967	54	98.7	20579	1563	47.6494140625
2026-09-13T05:18:49+00:00	torvalds__linux	L	pipeline	45	1941	3	98.8	20830	1563	49.11328125
2026-09-13T05:18:55+00:00	terminal	S	pipeline	136	850	32	98.9	20996	1563	49.02392578125
2026-09-13T05:18:55+00:00	redis	S	pipeline	136	929	47	98.9	21003	1563	49.02392578125
2026-09-13T05:19:04+00:00	torvalds__linux	L	pipeline	60	2452	3	98.7	21387	1563	51.81396484375
2026-09-13T05:19:10+00:00	terminal	S	pipeline	151	869	33	98.6	21580	1563	52.8701171875
2026-09-13T05:19:10+00:00	redis	S	pipeline	151	949	52	98.6	21525	1563	52.8701171875
2026-09-13T05:19:19+00:00	torvalds__linux	L	pipeline	75	3476	21	99.1	22312	1563	54.9150390625
2026-09-13T05:19:25+00:00	terminal	S	pipeline	166	910	37	99.5	22611	1563	55.802734375
2026-09-13T05:19:26+00:00	redis	S	pipeline	166	893	43	99.5	22648	1563	55.802734375
2026-09-13T05:19:34+00:00	torvalds__linux	L	pipeline	90	3864	34	99.5	22763	1563	59.07177734375
2026-09-13T05:19:41+00:00	terminal	S	pipeline	181	699	13	99.4	22809	1563	62.830078125
2026-09-13T05:19:41+00:00	redis	S	pipeline	181	882	44	99.4	22802	1563	62.830078125
2026-09-13T05:19:49+00:00	torvalds__linux	L	pipeline	106	3803	26	99.2	22679	1563	64.4677734375
2026-09-13T05:19:56+00:00	terminal	S	pipeline	196	920	33	98.9	22797	1563	64.43017578125
2026-09-13T05:19:56+00:00	redis	S	pipeline	197	1158	72	99.0	22836	1563	64.43017578125
2026-09-13T05:20:04+00:00	torvalds__linux	L	pipeline	121	3781	24	99.0	22896	1563	65.23876953125
2026-09-13T05:20:11+00:00	terminal	S	pipeline	211	1030	45	99.3	22875	1563	66.6611328125
2026-09-13T05:20:11+00:00	redis	S	pipeline	212	724	26	99.3	22699	1563	66.6611328125
2026-09-13T05:20:20+00:00	torvalds__linux	L	pipeline	136	4035	41	99.2	23080	1563	67.4150390625
2026-09-13T05:20:26+00:00	terminal	S	pipeline	227	933	35	99.4	22957	1563	70.0244140625
2026-09-13T05:20:26+00:00	redis	S	pipeline	227	827	36	99.4	22939	1563	70.0244140625
2026-09-13T05:20:35+00:00	torvalds__linux	L	pipeline	151	3880	22	99.5	23073	1563	71.05810546875
2026-09-13T05:20:41+00:00	terminal	S	pipeline	242	964	39	99.4	23099	1563	71.6943359375
2026-09-13T05:20:41+00:00	redis	S	pipeline	242	907	44	99.4	23085	1563	71.79931640625
2026-09-13T05:20:50+00:00	torvalds__linux	L	pipeline	166	3973	31	99.4	22973	1563	73.1767578125
2026-09-13T05:20:56+00:00	terminal	S	pipeline	257	873	28	99.3	23014	1562	73.2431640625
2026-09-13T05:20:57+00:00	redis	S	pipeline	257	1014	57	99.3	23048	1562	73.46435546875
2026-09-13T05:21:05+00:00	torvalds__linux	L	pipeline	181	4006	30	99.2	23009	1562	73.58740234375
2026-09-13T05:21:11+00:00	terminal	S	pipeline	272	715	10	99.3	22928	1562	75.38232421875
2026-09-13T05:21:12+00:00	redis	S	pipeline	272	798	35	99.3	23030	1562	74.791015625
2026-09-13T05:21:20+00:00	torvalds__linux	L	pipeline	196	3985	27	99.2	23028	1562	75.28857421875
2026-09-13T05:21:26+00:00	terminal	S	pipeline	287	1100	52	99.2	23078	1562	78.388671875
2026-09-13T05:21:27+00:00	redis	S	pipeline	287	967	54	99.2	23131	1562	79.63916015625
2026-09-13T05:21:36+00:00	torvalds__linux	L	pipeline	212	3936	18	99.2	23121	1562	78.947265625
2026-09-13T05:21:42+00:00	terminal	S	pipeline	302	815	21	99.2	23175	1562	80.97021484375
2026-09-13T05:21:42+00:00	redis	S	pipeline	302	1119	64	99.3	23206	1562	80.97021484375
2026-09-13T05:21:51+00:00	torvalds__linux	L	pipeline	227	3987	20	99.4	23183	1562	80.49169921875
2026-09-13T05:21:57+00:00	redis	S	pipeline	318	969	52	99.5	23061	1562	80.53125
2026-09-13T05:21:57+00:00	terminal	S	pipeline	318	832	21	99.5	23095	1562	80.53125
2026-09-13T05:22:06+00:00	torvalds__linux	L	pipeline	242	4135	34	99.4	23112	1562	81.60986328125
2026-09-13T05:22:12+00:00	redis	S	pipeline	333	1138	65	99.3	23131	1562	83.95654296875
2026-09-13T05:22:12+00:00	terminal	S	pipeline	333	940	34	99.3	23080	1562	83.95654296875
2026-09-13T05:22:21+00:00	torvalds__linux	L	pipeline	257	4169	36	99.0	23261	1562	82.6787109375
2026-09-13T05:22:27+00:00	redis	S	pipeline	348	829	32	99.1	23254	1562	81.77978515625
2026-09-13T05:22:27+00:00	terminal	S	pipeline	348	862	26	99.1	23245	1562	81.77978515625
2026-09-13T05:22:36+00:00	torvalds__linux	L	pipeline	272	4204	35	99.3	23225	1562	81.23681640625
2026-09-13T05:22:42+00:00	redis	S	pipeline	363	1273	77	99.1	23223	1562	79.62744140625
2026-09-13T05:22:42+00:00	terminal	S	pipeline	363	906	31	99.1	23216	1562	79.62744140625
2026-09-13T05:22:51+00:00	torvalds__linux	L	pipeline	287	4162	32	99.0	23189	1562	79.4970703125
2026-09-13T05:22:57+00:00	redis	S	pipeline	378	929	45	99.0	23230	1562	80.23388671875
2026-09-13T05:22:58+00:00	terminal	S	pipeline	378	870	27	99.0	23270	1562	80.23388671875
2026-09-13T05:23:06+00:00	torvalds__linux	L	pipeline	303	4282	39	98.9	23223	1562	78.7734375
2026-09-13T05:23:13+00:00	redis	S	pipeline	393	751	23	99.0	23281	1562	79.44287109375
2026-09-13T05:23:13+00:00	terminal	S	pipeline	393	987	38	98.9	23302	1562	79.44287109375
2026-09-13T05:23:21+00:00	torvalds__linux	L	pipeline	318	4212	35	99.1	23277	1562	81.72998046875
2026-09-13T05:23:28+00:00	redis	S	pipeline	408	763	27	99.0	23342	1562	78.45947265625
2026-09-13T05:23:28+00:00	terminal	S	pipeline	409	1068	47	99.0	23326	1562	78.45947265625
2026-09-13T05:23:37+00:00	torvalds__linux	L	pipeline	333	4231	27	99.0	23361	1561	78.5029296875
2026-09-13T05:23:43+00:00	redis	S	pipeline	424	670	17	99.1	23314	1561	77.7880859375
2026-09-13T05:23:43+00:00	terminal	S	pipeline	424	994	43	99.1	23349	1561	77.7880859375
2026-09-13T05:23:52+00:00	torvalds__linux	L	pipeline	348	4309	41	99.2	23358	1561	77.1640625
2026-09-13T05:23:58+00:00	redis	S	pipeline	439	808	29	99.2	23358	1561	78.47119140625
2026-09-13T05:23:58+00:00	terminal	S	pipeline	439	1105	50	99.2	23361	1561	78.47119140625
2026-09-13T05:24:07+00:00	torvalds__linux	L	pipeline	363	4339	41	99.2	23229	1561	79.39453125
2026-09-13T05:24:13+00:00	redis	S	pipeline	454	933	42	99.2	23242	1561	78.83740234375
2026-09-13T05:24:13+00:00	terminal	S	pipeline	454	980	42	99.2	23259	1561	78.83740234375
2026-09-13T05:24:22+00:00	torvalds__linux	L	pipeline	378	4163	22	99.2	23413	1561	80.42236328125
2026-09-13T05:24:29+00:00	terminal	S	pipeline	469	865	25	99.2	23301	1561	80.708984375
2026-09-13T05:24:29+00:00	redis	S	pipeline	469	764	24	99.2	23303	1561	80.708984375
2026-09-13T05:24:37+00:00	torvalds__linux	L	pipeline	393	4279	21	99.2	23450	1561	80.29833984375
2026-09-13T05:24:44+00:00	terminal	S	pipeline	484	1143	58	99.2	23483	1561	83.23779296875
2026-09-13T05:24:44+00:00	redis	S	pipeline	484	1140	67	99.2	23485	1561	83.23779296875
2026-09-13T05:24:52+00:00	torvalds__linux	L	pipeline	408	4292	33	99.4	23474	1561	82.40380859375
2026-09-13T05:24:59+00:00	redis	S	pipeline	499	882	40	99.4	23418	1561	81.5703125
2026-09-13T05:24:59+00:00	terminal	S	pipeline	500	860	24	99.4	23433	1561	81.5703125
2026-09-13T05:25:08+00:00	torvalds__linux	L	pipeline	424	4149	15	99.2	23408	1561	82.30615234375
2026-09-13T05:25:14+00:00	redis	S	pipeline	515	1166	63	99.3	23506	1561	80.599609375
2026-09-13T05:25:14+00:00	terminal	S	pipeline	515	1189	59	99.3	23527	1561	80.599609375
2026-09-13T05:25:23+00:00	torvalds__linux	L	pipeline	439	4206	23	99.4	23477	1561	79.57177734375
2026-09-13T05:25:29+00:00	redis	S	pipeline	530	918	41	99.4	23478	1561	80.6474609375
2026-09-13T05:25:29+00:00	terminal	S	pipeline	530	936	34	99.4	23488	1561	80.6474609375
2026-09-13T05:25:38+00:00	torvalds__linux	L	pipeline	454	4329	35	99.4	23379	1561	79.31494140625
2026-09-13T05:25:44+00:00	redis	S	pipeline	545	830	32	99.3	23486	1561	78.88916015625
2026-09-13T05:25:45+00:00	terminal	S	pipeline	545	942	34	99.3	23508	1561	78.88916015625
2026-09-13T05:25:53+00:00	torvalds__linux	L	pipeline	469	4320	30	99.1	23472	1561	78.22998046875
2026-09-13T05:26:00+00:00	redis	S	pipeline	560	988	53	99.2	23481	1561	78.4521484375
2026-09-13T05:26:00+00:00	terminal	S	pipeline	560	1119	52	99.2	23440	1561	78.4521484375
2026-09-13T05:26:08+00:00	torvalds__linux	L	pipeline	484	4222	18	99.2	23486	1561	78.62255859375
2026-09-13T05:26:15+00:00	redis	S	pipeline	575	832	32	99.2	23444	1561	77.2109375
2026-09-13T05:26:15+00:00	terminal	S	pipeline	575	897	28	99.2	23445	1561	77.2109375
2026-09-13T05:26:23+00:00	torvalds__linux	L	pipeline	499	4465	46	99.1	23528	1560	76.92529296875
2026-09-13T05:26:30+00:00	terminal	S	pipeline	591	813	20	99.0	23499	1560	75.89013671875
2026-09-13T05:26:30+00:00	redis	S	pipeline	591	830	32	99.0	23515	1560	75.89013671875
2026-09-13T05:26:38+00:00	torvalds__linux	L	pipeline	515	4478	37	99.1	23455	1560	77.98583984375
2026-09-13T05:26:45+00:00	terminal	S	pipeline	606	874	27	99.2	23355	1560	78.2275390625
2026-09-13T05:26:45+00:00	redis	S	pipeline	606	995	50	99.2	23350	1560	78.2275390625
2026-09-13T05:26:54+00:00	torvalds__linux	L	pipeline	530	4187	15	99.0	23552	1560	78.29833984375
2026-09-13T05:27:00+00:00	terminal	S	pipeline	621	954	34	99.2	23499	1560	78.1943359375
2026-09-13T05:27:00+00:00	redis	S	pipeline	621	804	31	99.2	23499	1560	78.1943359375
2026-09-13T05:27:09+00:00	torvalds__linux	L	pipeline	545	4347	31	99.4	23513	1560	81.18212890625
2026-09-13T05:27:16+00:00	terminal	S	pipeline	636	985	39	99.3	23541	1560	80.44677734375
2026-09-13T05:27:16+00:00	redis	S	pipeline	636	920	43	99.3	23541	1560	80.44677734375
2026-09-13T05:27:24+00:00	torvalds__linux	L	pipeline	560	4477	29	99.4	23743	1560	82.28759765625
2026-09-13T05:27:31+00:00	terminal	S	pipeline	651	894	27	99.5	23522	1560	81.62353515625
2026-09-13T05:27:31+00:00	redis	S	pipeline	651	727	20	99.5	23529	1560	81.62353515625
2026-09-13T05:27:39+00:00	torvalds__linux	L	pipeline	575	4390	32	99.3	23548	1560	79.72705078125
2026-09-13T05:27:46+00:00	redis	S	pipeline	667	1172	65	99.2	23559	1560	79.9091796875
2026-09-13T05:27:46+00:00	terminal	S	pipeline	667	973	38	99.2	23560	1560	79.9091796875
2026-09-13T05:27:54+00:00	torvalds__linux	L	pipeline	591	4250	13	99.0	23342	1560	76.046875
2026-09-13T05:28:01+00:00	redis	S	pipeline	682	789	26	98.9	23381	1560	75.642578125
2026-09-13T05:28:01+00:00	terminal	S	pipeline	682	877	26	98.9	23389	1560	75.642578125
2026-09-13T05:28:10+00:00	torvalds__linux	L	pipeline	606	4652	48	99.1	23720	1560	72.6669921875
2026-09-13T05:28:16+00:00	terminal	S	pipeline	697	932	30	99.0	23642	1560	74.53564453125
2026-09-13T05:28:16+00:00	redis	S	pipeline	697	921	41	99.0	23652	1560	74.53564453125
2026-09-13T05:28:25+00:00	torvalds__linux	L	pipeline	621	4765	59	99.1	23703	1560	71.88427734375
2026-09-13T05:28:31+00:00	terminal	S	pipeline	712	959	36	99.3	23699	1560	71.49267578125
2026-09-13T05:28:31+00:00	redis	S	pipeline	712	1130	56	99.3	23705	1560	71.49267578125
2026-09-13T05:28:40+00:00	torvalds__linux	L	pipeline	636	4272	11	99.5	23662	1559	72.72412109375
2026-09-13T05:28:47+00:00	redis	S	pipeline	727	1216	70	99.6	23771	1559	72.74658203125
2026-09-13T05:28:47+00:00	terminal	S	pipeline	727	1100	48	99.6	23768	1559	72.74658203125
2026-09-13T05:28:55+00:00	torvalds__linux	L	pipeline	651	4421	26	99.3	23750	1559	74.470703125
2026-09-13T05:29:02+00:00	terminal	S	pipeline	742	1030	40	99.3	23661	1559	73.5517578125
2026-09-13T05:29:02+00:00	redis	S	pipeline	742	1080	53	99.3	23665	1559	73.5517578125
2026-09-13T05:29:10+00:00	torvalds__linux	L	pipeline	666	4353	18	99.5	23500	1559	74.63916015625
2026-09-13T05:29:17+00:00	redis	S	pipeline	758	890	38	99.4	23727	1559	73.8671875
2026-09-13T05:29:17+00:00	terminal	S	pipeline	758	1045	44	99.4	23740	1559	73.8671875
2026-09-13T05:29:25+00:00	torvalds__linux	L	pipeline	682	4421	26	99.2	23664	1559	74.83251953125
2026-09-13T05:29:32+00:00	redis	S	pipeline	773	1009	48	99.3	23607	1559	76.04736328125
2026-09-13T05:29:32+00:00	terminal	S	pipeline	773	779	13	99.3	23617	1559	76.04736328125
2026-09-13T05:29:40+00:00	torvalds__linux	L	pipeline	697	4634	53	99.5	23660	1559	75.07568359375
2026-09-13T05:29:47+00:00	terminal	S	pipeline	788	902	26	99.5	23821	1559	78.3603515625
2026-09-13T05:29:48+00:00	redis	S	pipeline	788	1249	68	99.5	23821	1559	78.3603515625
2026-09-13T05:29:56+00:00	torvalds__linux	L	pipeline	712	4584	46	99.6	23663	1559	78.41162109375
2026-09-13T05:30:03+00:00	redis	S	pipeline	803	1130	58	99.5	23756	1559	80.072265625
2026-09-13T05:30:03+00:00	terminal	S	pipeline	803	1108	52	99.5	23755	1559	80.072265625
2026-09-13T05:30:11+00:00	torvalds__linux	L	pipeline	727	4720	52	99.4	23817	1559	79.826171875
2026-09-13T05:30:18+00:00	redis	S	pipeline	819	1010	48	99.5	23755	1559	78.10986328125
2026-09-13T05:30:18+00:00	terminal	S	pipeline	819	944	33	99.5	23758	1559	78.10986328125
2026-09-13T05:30:26+00:00	torvalds__linux	L	pipeline	742	4774	57	99.5	23874	1559	79.06201171875
2026-09-13T05:30:33+00:00	redis	S	pipeline	834	1078	56	99.4	23698	1559	78.068359375
2026-09-13T05:30:33+00:00	terminal	S	pipeline	834	1008	37	99.4	23703	1559	78.068359375
2026-09-13T05:30:41+00:00	torvalds__linux	L	pipeline	757	4516	37	99.5	23768	1558	78.46337890625
2026-09-13T05:30:48+00:00	redis	S	pipeline	849	1312	78	99.4	23570	1558	77.9951171875
2026-09-13T05:30:48+00:00	terminal	S	pipeline	849	954	34	99.4	23586	1558	77.9951171875
2026-09-13T05:30:56+00:00	torvalds__linux	L	pipeline	773	4688	58	99.3	23554	1558	75.5126953125
2026-09-13T05:31:03+00:00	redis	S	pipeline	864	1248	72	99.3	23608	1558	76.68994140625
2026-09-13T05:31:03+00:00	terminal	S	pipeline	864	1179	57	99.3	23608	1558	76.68994140625
2026-09-13T05:31:12+00:00	torvalds__linux	L	pipeline	788	4736	64	99.4	23415	1558	77.115234375
2026-09-13T05:31:19+00:00	redis	S	pipeline	879	1336	81	99.4	23410	1558	75.61767578125
2026-09-13T05:31:19+00:00	terminal	S	pipeline	879	1103	50	99.4	23412	1558	75.61767578125
2026-09-13T05:31:27+00:00	torvalds__linux	L	pipeline	803	4592	43	99.2	23313	1558	75.24755859375
2026-09-13T05:31:34+00:00	terminal	S	pipeline	895	1188	59	99.3	23324	1558	75.4658203125
2026-09-13T05:31:34+00:00	redis	S	pipeline	895	1043	50	99.3	23324	1558	75.4658203125
2026-09-13T05:31:42+00:00	torvalds__linux	L	pipeline	818	4769	65	99.4	23441	1558	76.1494140625
2026-09-13T05:31:49+00:00	terminal	S	pipeline	910	1091	46	99.3	23333	1558	77.90771484375
2026-09-13T05:31:49+00:00	redis	S	pipeline	910	1084	54	99.3	23334	1558	77.90771484375
2026-09-13T05:31:57+00:00	torvalds__linux	L	pipeline	833	4580	45	99.3	23364	1558	77.1142578125
2026-09-13T05:32:04+00:00	redis	S	pipeline	925	968	46	99.4	23475	1558	78.0390625
2026-09-13T05:32:04+00:00	terminal	S	pipeline	925	1257	62	99.4	23475	1558	78.0390625
2026-09-13T05:32:12+00:00	torvalds__linux	L	pipeline	848	4659	52	99.5	23428	1558	78.8369140625
2026-09-13T05:32:20+00:00	redis	S	pipeline	940	1231	70	99.4	23465	1558	77.62841796875
2026-09-13T05:32:20+00:00	terminal	S	pipeline	940	1126	51	99.4	23465	1558	77.62841796875
2026-09-13T05:32:27+00:00	torvalds__linux	L	pipeline	863	4512	38	99.5	23444	1558	76.93701171875
2026-09-13T05:32:35+00:00	redis	S	pipeline	955	1216	67	99.5	23448	1557	79.78515625
2026-09-13T05:32:35+00:00	terminal	S	pipeline	955	1196	57	99.5	23448	1557	79.78515625
2026-09-13T05:32:42+00:00	torvalds__linux	L	pipeline	879	4350	19	99.4	23395	1557	80.603515625
2026-09-13T05:32:50+00:00	redis	S	pipeline	971	945	42	99.4	23321	1557	82.7216796875
2026-09-13T05:32:50+00:00	terminal	S	pipeline	971	880	24	99.4	23325	1557	82.7216796875
2026-09-13T05:32:58+00:00	torvalds__linux	L	pipeline	894	4504	34	99.5	23323	1557	83.46484375
2026-09-13T05:33:05+00:00	redis	S	pipeline	986	1087	59	99.4	23387	1557	88.130859375
2026-09-13T05:33:05+00:00	terminal	S	pipeline	986	1012	38	99.4	23391	1557	88.130859375
2026-09-13T05:33:13+00:00	torvalds__linux	L	pipeline	909	4741	60	99.4	23354	1557	86.2783203125
2026-09-13T05:33:20+00:00	terminal	S	pipeline	1001	1021	41	99.6	23337	1557	84.51171875
2026-09-13T05:33:20+00:00	redis	S	pipeline	1001	934	41	99.6	23336	1557	84.51171875
2026-09-13T05:33:28+00:00	torvalds__linux	L	pipeline	924	4514	37	99.6	23427	1557	82.94921875
2026-09-13T05:33:36+00:00	terminal	S	pipeline	1016	1132	52	99.5	23457	1557	81.49951171875
2026-09-13T05:33:36+00:00	redis	S	pipeline	1016	1093	56	99.5	23452	1557	81.49951171875
2026-09-13T05:33:43+00:00	torvalds__linux	L	pipeline	939	4690	54	99.4	23432	1557	80.85302734375
2026-09-13T05:33:51+00:00	terminal	S	pipeline	1031	995	35	99.5	23433	1557	80.22412109375
2026-09-13T05:33:51+00:00	redis	S	pipeline	1031	1309	75	99.5	23444	1557	80.22412109375
2026-09-13T05:33:58+00:00	torvalds__linux	L	pipeline	955	4474	33	99.5	23384	1557	78.8984375
2026-09-13T05:34:06+00:00	terminal	S	pipeline	1047	902	27	99.3	23398	1557	79.22705078125
2026-09-13T05:34:06+00:00	redis	S	pipeline	1047	1142	58	99.3	23401	1557	79.22705078125
2026-09-13T05:34:14+00:00	torvalds__linux	L	pipeline	970	4574	42	99.3	23397	1557	76.923828125
2026-09-13T05:34:21+00:00	redis	S	pipeline	1062	898	37	99.5	23404	1557	76.529296875
2026-09-13T05:34:21+00:00	terminal	S	pipeline	1062	994	37	99.5	23394	1557	76.529296875
2026-09-13T05:34:29+00:00	torvalds__linux	L	pipeline	985	4428	26	99.5	23375	1557	78.79296875
2026-09-13T05:34:37+00:00	redis	S	pipeline	1077	1286	73	99.6	23506	1556	79.2900390625
2026-09-13T05:34:37+00:00	terminal	S	pipeline	1077	982	36	99.6	23508	1556	79.2900390625
2026-09-13T05:34:44+00:00	torvalds__linux	L	pipeline	1000	4637	48	99.5	23428	1556	78.81298828125
2026-09-13T05:34:52+00:00	terminal	S	pipeline	1092	943	34	99.4	23429	1556	79.30859375
2026-09-13T05:34:52+00:00	redis	S	pipeline	1092	1009	49	99.4	23420	1556	79.30859375
2026-09-13T05:34:59+00:00	torvalds__linux	L	pipeline	1015	4700	56	99.2	23375	1556	80.06201171875
2026-09-13T05:35:07+00:00	redis	S	pipeline	1108	909	40	99.2	23406	1556	80.69775390625
2026-09-13T05:35:07+00:00	terminal	S	pipeline	1108	1262	64	99.2	23447	1556	80.69775390625
2026-09-13T05:35:14+00:00	torvalds__linux	L	pipeline	1030	4512	37	99.1	23450	1556	79.533203125
2026-09-13T05:35:22+00:00	redis	S	pipeline	1123	1425	87	99.2	23462	1556	79.490234375
2026-09-13T05:35:23+00:00	terminal	S	pipeline	1123	969	35	99.2	23453	1556	79.490234375
2026-09-13T05:35:29+00:00	torvalds__linux	L	pipeline	1045	4545	39	99.4	23447	1556	78.9404296875
2026-09-13T05:35:37+00:00	redis	S	pipeline	1138	1186	63	99.6	23390	1556	79.025390625
2026-09-13T05:35:38+00:00	terminal	S	pipeline	1138	1098	53	99.6	23408	1556	79.025390625
2026-09-13T05:35:44+00:00	torvalds__linux	L	pipeline	1061	4533	38	99.5	23448	1556	78.1787109375
2026-09-13T05:35:52+00:00	redis	S	pipeline	1153	1266	68	99.5	23316	1556	78.80517578125
2026-09-13T05:35:53+00:00	terminal	S	pipeline	1154	1099	48	99.5	23321	1556	78.80517578125
2026-09-13T05:36:00+00:00	torvalds__linux	L	pipeline	1076	4627	49	99.5	23410	1556	79.35986328125
2026-09-13T05:36:08+00:00	redis	S	pipeline	1168	1046	47	99.5	23482	1556	80.1318359375
2026-09-13T05:36:08+00:00	terminal	S	pipeline	1169	1285	68	99.5	23373	1556	80.1318359375
2026-09-13T05:36:15+00:00	torvalds__linux	L	pipeline	1091	4593	45	99.5	23536	1556	80.9443359375
2026-09-13T05:36:23+00:00	redis	S	pipeline	1184	1287	71	99.5	23478	1556	81.91015625
2026-09-13T05:36:23+00:00	terminal	S	pipeline	1184	1236	60	99.5	23561	1556	81.91015625
2026-09-13T05:36:30+00:00	torvalds__linux	L	pipeline	1106	4861	72	99.5	23535	1555	83.44873046875
2026-09-13T05:36:38+00:00	redis	S	pipeline	1199	1248	68	99.4	23524	1555	84.8544921875
2026-09-13T05:36:38+00:00	terminal	S	pipeline	1199	1019	42	99.4	23492	1555	84.8544921875
2026-09-13T05:36:45+00:00	torvalds__linux	L	pipeline	1121	4790	67	99.4	23476	1555	85.44384765625
2026-09-13T05:36:53+00:00	redis	S	pipeline	1214	1228	66	99.4	23593	1555	85.0078125
2026-09-13T05:36:53+00:00	terminal	S	pipeline	1214	1141	51	99.4	23658	1555	84.4462890625
2026-09-13T05:37:00+00:00	torvalds__linux	L	pipeline	1136	4613	47	99.5	23405	1555	83.44921875
2026-09-13T05:37:08+00:00	redis	S	pipeline	1229	1521	90	99.5	23388	1555	83.4130859375
2026-09-13T05:37:09+00:00	terminal	S	pipeline	1229	951	31	99.5	23360	1555	83.2998046875
2026-09-13T05:37:15+00:00	torvalds__linux	L	pipeline	1151	4555	43	99.5	23345	1555	84.31689453125
2026-09-13T05:37:23+00:00	redis	S	pipeline	1244	1217	67	99.5	23421	1555	83.18505859375
2026-09-13T05:37:24+00:00	terminal	S	pipeline	1245	1035	41	99.5	23493	1555	83.18505859375
2026-09-13T05:37:30+00:00	torvalds__linux	L	pipeline	1166	4760	61	99.4	23531	1555	83.73095703125
2026-09-13T05:37:39+00:00	redis	S	pipeline	1259	1000	44	99.4	23412	1555	82.94873046875
2026-09-13T05:37:39+00:00	terminal	S	pipeline	1260	1206	61	99.4	23571	1555	82.94873046875
2026-09-13T05:37:45+00:00	torvalds__linux	L	pipeline	1182	4508	36	99.4	23574	1555	82.23193359375
2026-09-13T05:37:54+00:00	redis	S	pipeline	1274	1144	60	99.3	23492	1555	80.57177734375
2026-09-13T05:37:54+00:00	terminal	S	pipeline	1275	1043	47	99.2	23525	1555	80.57177734375
2026-09-13T05:38:01+00:00	torvalds__linux	L	pipeline	1197	4570	40	99.3	23347	1555	82.3681640625
2026-09-13T05:38:09+00:00	redis	S	pipeline	1289	1308	73	99.3	23491	1555	81.84716796875
2026-09-13T05:38:09+00:00	terminal	S	pipeline	1290	1121	51	99.3	23379	1555	81.84716796875
2026-09-13T05:38:16+00:00	torvalds__linux	L	pipeline	1212	4533	42	99.2	23474	1555	81.85986328125
2026-09-13T05:38:24+00:00	redis	S	pipeline	1305	1277	65	99.4	23337	1555	80.77880859375
2026-09-13T05:38:25+00:00	terminal	S	pipeline	1305	919	34	99.4	23348	1555	80.77880859375
2026-09-13T05:38:31+00:00	torvalds__linux	L	pipeline	1227	4324	14	99.5	23409	1554	80.796875
2026-09-13T05:38:39+00:00	redis	S	pipeline	1320	855	32	99.4	23431	1554	79.31591796875
2026-09-13T05:38:40+00:00	terminal	S	pipeline	1320	947	32	99.4	23334	1554	79.31591796875
2026-09-13T05:38:46+00:00	torvalds__linux	L	pipeline	1242	4758	59	99.3	23332	1554	80.97265625
2026-09-13T05:38:54+00:00	redis	S	pipeline	1335	1215	65	99.3	23480	1554	78.86865234375
2026-09-13T05:38:55+00:00	terminal	S	pipeline	1336	944	33	99.3	23453	1554	78.86865234375
2026-09-13T05:39:01+00:00	torvalds__linux	L	pipeline	1257	4569	40	99.3	23481	1554	79.84033203125
2026-09-13T05:39:10+00:00	redis	S	pipeline	1350	1143	51	99.2	23385	1554	79.916015625
2026-09-13T05:39:10+00:00	terminal	S	pipeline	1351	1100	49	99.2	23453	1554	79.916015625
2026-09-13T05:39:16+00:00	torvalds__linux	L	pipeline	1273	4819	65	99.3	23522	1554	81.5244140625
2026-09-13T05:39:25+00:00	redis	S	pipeline	1365	1345	72	99.5	23533	1554	81.0048828125
2026-09-13T05:39:25+00:00	terminal	S	pipeline	1366	977	40	99.5	23426	1554	81.0048828125
2026-09-13T05:39:32+00:00	torvalds__linux	L	pipeline	1288	4577	45	99.5	23541	1554	80.44384765625
2026-09-13T05:39:40+00:00	redis	S	pipeline	1380	1260	66	99.4	23435	1554	78.69677734375
2026-09-13T05:39:40+00:00	terminal	S	pipeline	1381	1102	49	99.4	23488	1554	78.69677734375
2026-09-13T05:39:47+00:00	torvalds__linux	L	pipeline	1303	4450	29	99.3	23324	1554	79.92236328125
2026-09-13T05:39:55+00:00	redis	S	pipeline	1396	973	44	99.3	23326	1554	79.88623046875
2026-09-13T05:39:56+00:00	terminal	S	pipeline	1396	1027	39	99.3	23429	1554	79.88623046875
2026-09-13T05:40:02+00:00	torvalds__linux	L	pipeline	1318	4796	63	99.4	23505	1554	79.41455078125
2026-09-13T05:40:10+00:00	redis	S	pipeline	1411	1383	79	99.3	23470	1554	79.69384765625
2026-09-13T05:40:11+00:00	terminal	S	pipeline	1411	1077	47	99.3	23449	1554	79.69384765625
2026-09-13T05:40:17+00:00	torvalds__linux	L	pipeline	1333	4648	49	99.4	23513	1554	78.67724609375
2026-09-13T05:40:25+00:00	redis	S	pipeline	1426	1194	64	99.6	23513	1554	79.45068359375
2026-09-13T05:40:26+00:00	terminal	S	pipeline	1427	1047	43	99.6	23522	1554	79.45068359375
2026-09-13T05:40:32+00:00	torvalds__linux	L	pipeline	1348	4644	47	99.5	23514	1553	79.17431640625
2026-09-13T05:40:40+00:00	redis	S	pipeline	1441	1198	59	99.5	23392	1553	77.30224609375
2026-09-13T05:40:41+00:00	terminal	S	pipeline	1442	1037	42	99.5	23472	1553	77.30224609375
2026-09-13T05:40:47+00:00	torvalds__linux	L	pipeline	1364	4848	67	99.5	23626	1553	75.75634765625
2026-09-13T05:40:55+00:00	redis	S	pipeline	1456	617	3	99.4	23221	1553	75.32568359375
2026-09-13T05:40:56+00:00	terminal	S	pipeline	1457	1162	55	99.3	23289	1553	75.32568359375
2026-09-13T05:41:03+00:00	torvalds__linux	L	pipeline	1379	4424	24	99.2	23423	1553	75.9404296875
2026-09-13T05:41:11+00:00	redis	S	pipeline	1471	1304	66	99.3	23536	1553	75.94970703125
2026-09-13T05:41:11+00:00	terminal	S	pipeline	1472	1196	56	99.3	23539	1553	75.94970703125
2026-09-13T05:41:18+00:00	torvalds__linux	L	pipeline	1394	4633	47	99.5	23429	1553	76.5947265625
2026-09-13T05:41:26+00:00	redis	S	pipeline	1486	1005	41	99.4	23418	1553	76.23095703125
2026-09-13T05:41:27+00:00	terminal	S	pipeline	1487	1181	58	99.4	23514	1553	76.23095703125
2026-09-13T05:41:33+00:00	torvalds__linux	L	pipeline	1409	4605	46	99.4	23488	1553	77.09375
2026-09-13T05:41:41+00:00	redis	S	pipeline	1501	1292	69	99.5	23438	1553	79.6513671875
2026-09-13T05:41:42+00:00	terminal	S	pipeline	1502	842	20	99.4	23578	1553	79.6513671875
2026-09-13T05:41:48+00:00	torvalds__linux	L	pipeline	1424	4590	41	99.4	23435	1553	78.95849609375
2026-09-13T05:41:56+00:00	redis	S	pipeline	1516	1184	60	99.3	23431	1553	80.42236328125
2026-09-13T05:41:57+00:00	terminal	S	pipeline	1518	929	30	99.4	23456	1553	80.42236328125
2026-09-13T05:42:03+00:00	torvalds__linux	L	pipeline	1439	4287	9	99.4	23525	1553	82.150390625
2026-09-13T05:42:11+00:00	redis	S	pipeline	1532	1255	65	99.4	23337	1552	81.140625
2026-09-13T05:42:12+00:00	terminal	S	pipeline	1533	1061	48	99.4	23517	1553	81.140625
2026-09-13T05:42:18+00:00	torvalds__linux	L	pipeline	1455	4552	40	99.3	23404	1552	83.13134765625
2026-09-13T05:42:26+00:00	redis	S	pipeline	1547	1265	63	99.3	23335	1552	80.83349609375
2026-09-13T05:42:27+00:00	terminal	S	pipeline	1548	688	3	99.4	23352	1552	80.83349609375
2026-09-13T05:42:34+00:00	torvalds__linux	L	pipeline	1470	4370	18	99.2	22644	1552	79.0849609375
2026-09-13T05:42:41+00:00	redis	S	pipeline	1562	1222	64	99.2	22609	1552	75.8173828125
2026-09-13T05:42:42+00:00	terminal	S	pipeline	1563	32	5	99.2	22705	1552	75.8173828125
2026-09-13T05:42:49+00:00	torvalds__linux	L	pipeline	1485	4477	31	99.2	22681	1552	74.47021484375
2026-09-13T05:42:56+00:00	redis	S	pipeline	1577	1378	73	99.1	22728	1552	71.72265625
2026-09-13T05:42:57+00:00	terminal	S	pipeline	1578	36	5	99.1	22717	1552	71.72265625
2026-09-13T05:43:04+00:00	torvalds__linux	L	pipeline	1500	4730	55	99.2	22689	1552	71.42431640625
2026-09-13T05:43:11+00:00	redis	S	pipeline	1592	1566	88	99.3	22746	1552	68.02099609375
2026-09-13T05:43:12+00:00	terminal	S	pipeline	1593	40	5	99.3	22791	1552	68.02099609375
2026-09-13T05:43:19+00:00	torvalds__linux	L	pipeline	1515	4816	65	99.2	22735	1552	67.29833984375
2026-09-13T05:43:27+00:00	redis	S	pipeline	1607	1167	51	99.1	22747	1552	66.525390625
2026-09-13T05:43:28+00:00	terminal	S	pipeline	1608	45	5	99.0	22752	1552	66.525390625
2026-09-13T05:43:34+00:00	torvalds__linux	L	pipeline	1530	4615	46	97.8	22606	1552	65.52197265625
2026-09-13T05:43:42+00:00	redis	S	pipeline	1622	651	3	96.2	22626	1552	60.49609375
2026-09-13T05:43:43+00:00	terminal	S	pipeline	1623	48	5	96.1	21974	1552	60.49609375
2026-09-13T05:43:49+00:00	torvalds__linux	L	pipeline	1545	4531	36	95.6	21898	1552	57.9736328125
2026-09-13T05:43:57+00:00	redis	S	pipeline	1637	27	5	95.2	21879	1552	54.1015625
2026-09-13T05:43:58+00:00	terminal	S	pipeline	1638	48	5	95.2	21897	1552	54.1015625
2026-09-13T05:44:04+00:00	torvalds__linux	L	pipeline	1560	4654	49	95.4	22000	1552	52.81201171875
2026-09-13T05:44:12+00:00	redis	S	pipeline	1652	35	5	95.4	21926	1551	51.357421875
2026-09-13T05:44:13+00:00	terminal	S	pipeline	1653	49	5	95.4	21936	1551	51.357421875
2026-09-13T05:44:19+00:00	torvalds__linux	L	pipeline	1575	4526	38	95.6	21934	1551	49.48681640625
2026-09-13T05:44:27+00:00	redis	S	pipeline	1667	39	5	96.9	22416	1551	49.65576171875
2026-09-13T05:44:28+00:00	terminal	S	pipeline	1668	637	5	97.1	22513	1551	49.65576171875
2026-09-13T05:44:34+00:00	torvalds__linux	L	pipeline	1590	4507	34	98.0	22650	1551	48.72216796875
2026-09-13T05:44:42+00:00	redis	S	pipeline	1682	41	5	98.2	22771	1551	46.60546875
2026-09-13T05:44:43+00:00	terminal	S	pipeline	1684	1030	5	98.2	22881	1551	46.60546875
2026-09-13T05:44:49+00:00	torvalds__linux	L	pipeline	1605	4687	53	98.6	23062	1551	46.556640625
2026-09-13T05:44:57+00:00	redis	S	pipeline	1698	41	5	98.5	23417	1551	45.7275390625
2026-09-13T05:44:58+00:00	terminal	S	pipeline	1699	1795	5	98.5	23500	1551	45.7275390625
2026-09-13T05:45:04+00:00	torvalds__linux	L	pipeline	1620	4829	67	98.3	23969	1551	45.3486328125
2026-09-13T05:45:12+00:00	redis	S	pipeline	1713	41	5	98.4	24080	1551	44.72802734375
2026-09-13T05:45:13+00:00	terminal	S	pipeline	1714	2139	5	98.4	24076	1551	44.72802734375
2026-09-13T05:45:19+00:00	torvalds__linux	L	pipeline	1636	4769	58	98.1	24260	1551	43.61962890625
2026-09-13T05:45:27+00:00	redis	S	pipeline	1728	983	5	97.7	23942	1551	42.60888671875
2026-09-13T05:45:28+00:00	terminal	S	pipeline	1729	545	5	97.7	23740	1551	42.60888671875
2026-09-13T05:45:34+00:00	torvalds__linux	L	pipeline	1651	4639	51	97.9	23455	1551	43.1943359375
2026-09-13T05:45:42+00:00	redis	S	pipeline	1743	2768	5	97.5	24580	1552	42.6982421875
2026-09-13T05:45:43+00:00	terminal	S	pipeline	1744	11	3	97.5	24919	1552	42.6982421875
2026-09-13T05:45:49+00:00	torvalds__linux	L	pipeline	1666	4402	21	97.5	25931	1552	43.9970703125
2026-09-13T05:45:57+00:00	redis	S	pipeline	1758	4269	5	98.0	26313	1552	43.1962890625
2026-09-13T05:45:58+00:00	terminal	S	pipeline	1759	458	3	98.1	26450	1552	43.1962890625
2026-09-13T05:46:05+00:00	torvalds__linux	L	pipeline	1681	4442	27	98.0	26532	1552	43.04443359375
2026-09-13T05:46:12+00:00	redis	S	pipeline	1773	4663	5	97.8	26408	1552	43.04052734375
2026-09-13T05:46:13+00:00	terminal	S	pipeline	1774	31	5	97.8	26452	1552	43.04052734375
2026-09-13T05:46:20+00:00	torvalds__linux	L	pipeline	1696	4561	39	97.5	26445	1552	41.89697265625
2026-09-13T05:46:27+00:00	redis	S	pipeline	1788	4622	5	97.6	26430	1552	41.9853515625
2026-09-13T05:46:28+00:00	terminal	S	pipeline	1789	68	6	97.7	26409	1552	41.9853515625
2026-09-13T05:46:35+00:00	torvalds__linux	L	pipeline	1711	4645	48	97.0	26425	1552	40.5556640625
2026-09-13T05:46:42+00:00	redis	S	pipeline	1803	4531	5	96.2	26348	1552	40.2705078125
2026-09-13T05:46:43+00:00	terminal	S	pipeline	1804	53	6	96.1	26433	1552	40.2705078125
2026-09-13T05:46:50+00:00	torvalds__linux	L	pipeline	1726	4529	37	96.4	25847	1552	39.6328125
2026-09-13T05:46:57+00:00	redis	S	pipeline	1818	888	5	96.6	22691	1551	40.30322265625
2026-09-13T05:46:58+00:00	terminal	S	pipeline	1819	33	5	96.5	22709	1551	40.30322265625
2026-09-13T05:47:05+00:00	torvalds__linux	L	pipeline	1741	4440	26	96.6	22784	1551	39.20556640625
2026-09-13T05:47:13+00:00	redis	S	pipeline	1833	889	5	96.4	22721	1551	39.669921875
2026-09-13T05:47:14+00:00	terminal	S	pipeline	1834	33	5	96.4	22770	1551	39.669921875
2026-09-13T05:47:20+00:00	torvalds__linux	L	pipeline	1756	4640	46	95.9	22755	1551	38.2568359375
2026-09-13T05:47:28+00:00	redis	S	pipeline	1848	16	4	95.9	21705	1552	38.4765625
2026-09-13T05:47:29+00:00	terminal	S	pipeline	1849	72	6	95.9	21723	1552	38.4765625
2026-09-13T05:47:35+00:00	torvalds__linux	L	pipeline	1771	4494	32	96.0	21910	1552	38.50537109375
2026-09-13T05:47:43+00:00	redis	S	pipeline	1863	1030	3	96.6	22748	1552	38.70556640625
2026-09-13T05:47:44+00:00	terminal	S	pipeline	1864	57	6	96.7	22881	1552	38.70556640625
2026-09-13T05:47:50+00:00	torvalds__linux	L	pipeline	1786	4663	48	97.0	21904	1552	37.77734375
2026-09-13T05:47:58+00:00	redis	S	pipeline	1878	48	6	96.3	21769	1552	37.234375
2026-09-13T05:47:59+00:00	terminal	S	pipeline	1879	61	6	96.2	21804	1552	37.234375
2026-09-13T05:48:05+00:00	torvalds__linux	L	pipeline	1801	4479	29	95.7	21789	1552	37.4609375
2026-09-13T05:48:13+00:00	redis	S	pipeline	1893	48	6	96.3	21927	1552	37.50439453125
2026-09-13T05:48:14+00:00	terminal	S	pipeline	1894	54	6	96.0	21812	1552	37.50439453125
2026-09-13T05:48:20+00:00	torvalds__linux	L	pipeline	1816	4546	36	96.3	21843	1552	36.99462890625
2026-09-13T05:48:28+00:00	redis	S	pipeline	1908	49	6	96.1	21809	1552	37.3154296875
2026-09-13T05:48:29+00:00	terminal	S	pipeline	1909	27	5	96.2	21856	1552	37.3154296875
2026-09-13T05:48:35+00:00	torvalds__linux	L	pipeline	1831	4749	51	95.0	21861	1552	36.44970703125
2026-09-13T05:48:43+00:00	redis	S	pipeline	1923	19	4	93.0	21849	1552	36.25341796875
2026-09-13T05:48:44+00:00	terminal	S	pipeline	1924	60	6	93.2	21918	1552	36.25341796875
2026-09-13T05:48:50+00:00	torvalds__linux	L	pipeline	1846	4595	40	94.4	21838	1552	35.919921875
2026-09-13T05:48:58+00:00	redis	S	pipeline	1938	19	4	96.3	21765	1552	35.68603515625
2026-09-13T05:48:59+00:00	terminal	S	pipeline	1940	19	4	96.3	21785	1552	35.68603515625
2026-09-13T05:49:05+00:00	torvalds__linux	L	pipeline	1861	4556	38	96.1	21825	1552	35.4140625
2026-09-13T05:49:13+00:00	redis	S	pipeline	1954	67	6	96.1	22202	1552	35.220703125
2026-09-13T05:49:14+00:00	terminal	S	pipeline	1955	365	3	96.1	22180	1552	35.220703125
2026-09-13T05:49:20+00:00	torvalds__linux	L	pipeline	1877	4541	36	96.4	21835	1552	34.32470703125
2026-09-13T05:49:28+00:00	redis	S	pipeline	1969	30	5	96.6	21939	1551	33.97802734375
2026-09-13T05:49:29+00:00	terminal	S	pipeline	1970	32	3	96.6	21945	1551	33.97802734375
2026-09-13T05:49:35+00:00	torvalds__linux	L	pipeline	1892	4738	56	96.5	22068	1551	32.798828125
2026-09-13T05:49:43+00:00	redis	S	pipeline	1984	65	6	96.6	22149	1551	32.654296875
2026-09-13T05:49:44+00:00	terminal	S	pipeline	1985	1117	3	96.6	23174	1551	32.654296875
2026-09-13T05:49:46+00:00	terminal	S	validate	0	32	1	0.0	22297	1551	33.32275390625
2026-09-13T05:49:50+00:00	torvalds__linux	L	pipeline	1907	4658	50	96.9	21919	1553	34.89892578125
2026-09-13T05:49:58+00:00	redis	S	pipeline	1999	81	6	96.7	21868	1554	34.58642578125
2026-09-13T05:50:06+00:00	torvalds__linux	L	pipeline	1922	4746	55	96.4	21926	1554	35.4951171875
2026-09-13T05:50:13+00:00	redis	S	pipeline	2014	97	6	96.1	21859	1554	35.134765625
2026-09-13T05:50:21+00:00	torvalds__linux	L	pipeline	1937	4419	24	95.9	21899	1554	34.671875
2026-09-13T05:50:28+00:00	redis	S	pipeline	2029	63	3	96.2	21845	1554	34.29736328125
2026-09-13T05:50:36+00:00	torvalds__linux	L	pipeline	1952	4651	48	96.1	21840	1554	34.07861328125
2026-09-13T05:50:43+00:00	redis	S	pipeline	2044	33	3	95.9	22014	1554	34.63330078125
2026-09-13T05:50:51+00:00	torvalds__linux	L	pipeline	1967	4505	33	95.9	21943	1554	33.318359375
2026-09-13T05:50:58+00:00	redis	S	pipeline	2059	37	3	95.9	22027	1553	32.89208984375
2026-09-13T05:51:06+00:00	torvalds__linux	L	pipeline	1982	4779	61	95.8	22082	1553	32.421875
2026-09-13T05:51:10+00:00	redis	S	validate	0	25	1	0.0	22035	1553	32.421875
2026-09-13T05:51:21+00:00	torvalds__linux	L	pipeline	1997	4695	51	95.5	21860	1558	31.8056640625
2026-09-13T05:51:36+00:00	torvalds__linux	L	pipeline	2012	4674	48	95.0	21764	1558	32.951171875
2026-09-13T05:51:51+00:00	torvalds__linux	L	pipeline	2027	4748	56	95.1	21781	1558	32.2783203125
2026-09-13T05:52:06+00:00	torvalds__linux	L	pipeline	2042	4690	51	94.4	21787	1558	31.84130859375
2026-09-13T05:52:21+00:00	torvalds__linux	L	pipeline	2057	4314	11	94.9	21673	1558	31.8642578125
2026-09-13T05:52:36+00:00	torvalds__linux	L	pipeline	2072	4609	42	92.8	21756	1558	31.9306640625
2026-09-13T05:52:51+00:00	torvalds__linux	L	pipeline	2087	4881	67	92.3	21760	1558	30.80419921875
2026-09-13T05:53:06+00:00	torvalds__linux	L	pipeline	2102	4587	41	93.6	21708	1558	31.0751953125
2026-09-13T05:53:21+00:00	torvalds__linux	L	pipeline	2117	4764	59	95.5	21777	1558	31.87939453125
2026-09-13T05:53:36+00:00	torvalds__linux	L	pipeline	2133	4683	53	95.5	21691	1557	32.17822265625
2026-09-13T05:53:51+00:00	torvalds__linux	L	pipeline	2148	4945	76	95.7	21775	1557	34.3984375
2026-09-13T05:54:06+00:00	torvalds__linux	L	pipeline	2163	4712	55	95.1	21759	1557	34.001953125
2026-09-13T05:54:21+00:00	torvalds__linux	L	pipeline	2178	4502	32	95.1	21740	1557	32.228515625
2026-09-13T05:54:37+00:00	torvalds__linux	L	pipeline	2193	4779	58	94.6	21826	1557	32.591796875
2026-09-13T05:54:52+00:00	torvalds__linux	L	pipeline	2208	4507	31	95.5	21780	1557	32.4443359375
2026-09-13T05:55:07+00:00	torvalds__linux	L	pipeline	2223	4590	41	95.1	21727	1557	32.23681640625
2026-09-13T05:55:22+00:00	torvalds__linux	L	pipeline	2238	4522	33	95.3	21763	1557	31.21240234375
2026-09-13T05:55:37+00:00	torvalds__linux	L	pipeline	2253	4576	40	95.1	21785	1557	30.88232421875
2026-09-13T05:55:52+00:00	torvalds__linux	L	pipeline	2268	4679	49	95.7	21755	1557	31.1611328125
2026-09-13T05:56:07+00:00	torvalds__linux	L	pipeline	2283	4427	23	94.2	21860	1557	32.36328125
2026-09-13T05:56:22+00:00	torvalds__linux	L	pipeline	2298	4649	46	92.8	21775	1556	32.3232421875
2026-09-13T05:56:37+00:00	torvalds__linux	L	pipeline	2313	4664	50	93.8	21824	1556	32.49267578125
2026-09-13T05:56:52+00:00	torvalds__linux	L	pipeline	2328	4797	61	95.1	21794	1556	31.7197265625
2026-09-13T05:57:07+00:00	torvalds__linux	L	pipeline	2343	4550	35	95.5	21723	1556	30.90087890625
2026-09-13T05:57:22+00:00	torvalds__linux	L	pipeline	2358	4405	21	94.5	21841	1556	31.82275390625
2026-09-13T05:57:37+00:00	torvalds__linux	L	pipeline	2373	4408	22	95.4	21721	1556	32.18408203125
2026-09-13T05:57:52+00:00	torvalds__linux	L	pipeline	2388	4687	50	95.4	21770	1556	32.7138671875
2026-09-13T05:58:07+00:00	torvalds__linux	L	pipeline	2404	4551	35	95.3	21788	1556	32.84521484375
2026-09-13T05:58:22+00:00	torvalds__linux	L	pipeline	2419	4408	21	94.0	21777	1556	33.3662109375
2026-09-13T05:58:37+00:00	torvalds__linux	L	pipeline	2434	4451	28	95.3	21799	1556	33.51318359375
2026-09-13T05:58:53+00:00	torvalds__linux	L	pipeline	2449	4846	66	95.4	21795	1556	32.29833984375
2026-09-13T05:59:08+00:00	torvalds__linux	L	pipeline	2464	4458	26	95.0	21831	1555	33.71728515625
2026-09-13T05:59:23+00:00	torvalds__linux	L	pipeline	2479	4479	29	95.2	21820	1555	34.75634765625
2026-09-13T05:59:38+00:00	torvalds__linux	L	pipeline	2494	4487	30	95.4	21833	1555	34.55126953125
2026-09-13T05:59:53+00:00	torvalds__linux	L	pipeline	2509	4718	56	95.4	21953	1555	33.697265625
2026-09-13T06:00:08+00:00	torvalds__linux	L	pipeline	2524	4601	42	95.5	21858	1555	32.84130859375
2026-09-13T06:00:23+00:00	torvalds__linux	L	pipeline	2539	4531	34	95.4	21870	1555	32.4716796875
2026-09-13T06:00:38+00:00	torvalds__linux	L	pipeline	2554	4701	51	94.9	21900	1555	31.603515625
2026-09-13T06:00:53+00:00	torvalds__linux	L	pipeline	2569	4492	31	94.8	22003	1555	32.39990234375
2026-09-13T06:01:08+00:00	torvalds__linux	L	pipeline	2584	4427	23	94.7	22047	1555	32.0673828125
2026-09-13T06:01:23+00:00	torvalds__linux	L	pipeline	2599	4705	51	90.4	21935	1555	31.54052734375
2026-09-13T06:01:38+00:00	torvalds__linux	L	pipeline	2614	4853	68	95.3	22014	1555	32.677734375
2026-09-13T06:01:53+00:00	torvalds__linux	L	pipeline	2629	4584	37	94.6	21961	1554	32.6630859375
2026-09-13T06:02:08+00:00	torvalds__linux	L	pipeline	2644	4403	21	94.7	21801	1554	33.369140625
2026-09-13T06:02:23+00:00	torvalds__linux	L	pipeline	2659	4656	47	95.6	22015	1554	33.37939453125
2026-09-13T06:02:38+00:00	torvalds__linux	L	pipeline	2675	4640	43	95.6	21982	1554	32.45166015625
2026-09-13T06:02:53+00:00	torvalds__linux	L	pipeline	2690	4373	16	93.9	21727	1554	33.55908203125
2026-09-13T06:03:08+00:00	torvalds__linux	L	pipeline	2705	4646	44	95.7	21842	1554	33.29931640625
2026-09-13T06:03:24+00:00	torvalds__linux	L	pipeline	2720	4672	54	95.0	21926	1554	34.2744140625
2026-09-13T06:03:39+00:00	torvalds__linux	L	pipeline	2735	4763	57	95.4	21958	1554	36.904296875
2026-09-13T06:03:54+00:00	torvalds__linux	L	pipeline	2750	4367	16	95.7	21980	1554	36.509765625
2026-09-13T06:04:09+00:00	torvalds__linux	L	pipeline	2765	4586	41	94.8	21818	1554	35.2373046875
2026-09-13T06:04:24+00:00	torvalds__linux	L	pipeline	2780	4773	59	95.8	21934	1554	34.83447265625
2026-09-13T06:04:39+00:00	torvalds__linux	L	pipeline	2795	4365	17	91.5	21994	1553	33.32568359375
2026-09-13T06:04:54+00:00	torvalds__linux	L	pipeline	2810	4526	35	94.8	21866	1553	32.62548828125
2026-09-13T06:05:09+00:00	torvalds__linux	L	pipeline	2825	4750	53	94.8	22160	1553	32.5361328125
2026-09-13T06:05:24+00:00	torvalds__linux	L	pipeline	2840	4357	15	92.2	22117	1553	32.57568359375
2026-09-13T06:05:39+00:00	torvalds__linux	L	pipeline	2855	4646	46	95.2	22044	1553	32.8896484375
2026-09-13T06:05:54+00:00	torvalds__linux	L	pipeline	2870	4534	31	92.5	22070	1553	31.623046875
2026-09-13T06:06:09+00:00	torvalds__linux	L	pipeline	2885	4513	32	93.0	21952	1553	32.384765625
2026-09-13T06:06:24+00:00	torvalds__linux	L	pipeline	2900	4253	3	70.5	21940	1553	29.2568359375
2026-09-13T06:06:39+00:00	torvalds__linux	L	pipeline	2915	4583	39	94.7	21967	1553	28.6650390625
2026-09-13T06:06:54+00:00	torvalds__linux	L	pipeline	2930	4509	30	95.6	22501	1553	28.73828125
2026-09-13T06:07:09+00:00	torvalds__linux	L	pipeline	2946	4498	31	95.6	22046	1553	28.7099609375
2026-09-13T06:07:24+00:00	torvalds__linux	L	pipeline	2961	4530	33	94.2	22164	1553	30.45458984375
2026-09-13T06:07:39+00:00	torvalds__linux	L	pipeline	2976	4691	52	95.5	22183	1552	31.0791015625
2026-09-13T06:07:54+00:00	torvalds__linux	L	pipeline	2991	4523	34	95.5	22284	1552	31.57421875
2026-09-13T06:08:10+00:00	torvalds__linux	L	pipeline	3006	4618	43	94.2	22038	1552	32.16552734375
2026-09-13T06:08:25+00:00	torvalds__linux	L	pipeline	3021	4855	68	95.7	22176	1552	31.05078125
2026-09-13T06:08:40+00:00	torvalds__linux	L	pipeline	3036	4526	35	95.6	22150	1552	31.26806640625
2026-09-13T06:08:55+00:00	torvalds__linux	L	pipeline	3051	5090	85	95.4	22178	1552	30.31787109375
2026-09-13T06:09:10+00:00	torvalds__linux	L	pipeline	3066	4481	28	94.0	22450	1552	31.1572265625
2026-09-13T06:09:25+00:00	torvalds__linux	L	pipeline	3081	4490	28	93.5	22099	1552	32.375
2026-09-13T06:09:40+00:00	torvalds__linux	L	pipeline	3096	4630	44	94.3	22127	1552	32.61962890625
2026-09-13T06:09:55+00:00	torvalds__linux	L	pipeline	3111	4366	17	95.0	21997	1552	34.25390625
2026-09-13T06:10:10+00:00	torvalds__linux	L	pipeline	3126	4537	38	95.3	22220	1552	34.751953125
2026-09-13T06:10:25+00:00	torvalds__linux	L	pipeline	3141	4443	25	95.1	22206	1551	33.5087890625
2026-09-13T06:10:40+00:00	torvalds__linux	L	pipeline	3156	4667	49	95.0	22241	1551	33.0205078125
2026-09-13T06:10:55+00:00	torvalds__linux	L	pipeline	3171	4848	61	95.0	22297	1551	33.7001953125
2026-09-13T06:11:10+00:00	torvalds__linux	L	pipeline	3186	4787	61	95.5	22070	1551	33.90869140625
2026-09-13T06:11:25+00:00	torvalds__linux	L	pipeline	3202	4702	52	95.2	22267	1551	33.02880859375
2026-09-13T06:11:40+00:00	torvalds__linux	L	pipeline	3217	4611	43	94.1	22269	1551	31.98828125
2026-09-13T06:11:55+00:00	torvalds__linux	L	pipeline	3232	4527	37	94.3	22249	1551	31.6875
2026-09-13T06:12:11+00:00	torvalds__linux	L	pipeline	3247	4737	54	94.0	22219	1551	30.6494140625
2026-09-13T06:12:26+00:00	torvalds__linux	L	pipeline	3262	4499	30	94.4	22236	1551	30.48095703125
2026-09-13T06:12:41+00:00	torvalds__linux	L	pipeline	3277	4715	53	94.1	22174	1551	32.02490234375
2026-09-13T06:12:56+00:00	torvalds__linux	L	pipeline	3292	4686	49	95.1	22139	1550	30.47412109375
2026-09-13T06:13:11+00:00	torvalds__linux	L	pipeline	3307	4585	45	94.6	22173	1550	30.4677734375
2026-09-13T06:13:26+00:00	torvalds__linux	L	pipeline	3322	4589	37	95.4	22302	1550	29.2919921875
2026-09-13T06:13:41+00:00	torvalds__linux	L	pipeline	3337	4550	36	95.4	22307	1550	30.6416015625
2026-09-13T06:13:56+00:00	torvalds__linux	L	pipeline	3352	4689	52	95.5	22244	1550	32.6123046875
2026-09-13T06:14:11+00:00	torvalds__linux	L	pipeline	3367	4586	42	95.5	22265	1550	33.2041015625
2026-09-13T06:14:26+00:00	torvalds__linux	L	pipeline	3382	4907	70	95.5	22294	1550	32.21875
2026-09-13T06:14:41+00:00	torvalds__linux	L	pipeline	3397	4626	48	95.5	22244	1550	31.89990234375
2026-09-13T06:14:56+00:00	torvalds__linux	L	pipeline	3412	4704	52	95.2	22136	1550	34.00244140625
2026-09-13T06:15:11+00:00	torvalds__linux	L	pipeline	3427	4781	60	95.3	22165	1550	34.55517578125
2026-09-13T06:15:26+00:00	torvalds__linux	L	pipeline	3442	4762	60	95.4	22221	1550	32.978515625
2026-09-13T06:15:41+00:00	torvalds__linux	L	pipeline	3457	4618	45	94.8	22262	1550	34.15869140625
2026-09-13T06:15:56+00:00	torvalds__linux	L	pipeline	3473	4664	47	95.5	22151	1549	32.85546875
2026-09-13T06:16:11+00:00	torvalds__linux	L	pipeline	3488	4625	43	95.1	22548	1549	34.4453125
2026-09-13T06:16:26+00:00	torvalds__linux	L	pipeline	3503	4625	45	94.8	22176	1549	34.08837890625
2026-09-13T06:16:42+00:00	torvalds__linux	L	pipeline	3518	4709	53	93.9	22258	1549	33.0302734375
2026-09-13T06:16:57+00:00	torvalds__linux	L	pipeline	3533	4634	44	89.7	22194	1549	33.9921875
2026-09-13T06:17:12+00:00	torvalds__linux	L	pipeline	3548	4550	39	93.9	22532	1549	32.2333984375
2026-09-13T06:17:27+00:00	torvalds__linux	L	pipeline	3563	4632	44	93.0	22213	1549	31.28076171875
2026-09-13T06:17:42+00:00	torvalds__linux	L	pipeline	3578	4488	30	95.1	22372	1549	32.56787109375
2026-09-13T06:17:57+00:00	torvalds__linux	L	pipeline	3593	4529	34	95.3	22327	1549	32.41162109375
2026-09-13T06:18:12+00:00	torvalds__linux	L	pipeline	3608	4526	35	95.4	22654	1549	33.5029296875
2026-09-13T06:18:27+00:00	torvalds__linux	L	pipeline	3623	4659	49	95.2	22323	1549	34.353515625
2026-09-13T06:18:42+00:00	torvalds__linux	L	pipeline	3638	5007	78	95.3	22407	1548	36.32861328125
2026-09-13T06:18:57+00:00	torvalds__linux	L	pipeline	3653	4537	35	95.5	22201	1548	34.822265625
2026-09-13T06:19:12+00:00	torvalds__linux	L	pipeline	3668	4772	60	95.7	22544	1548	34.63134765625
2026-09-13T06:19:27+00:00	torvalds__linux	L	pipeline	3683	4782	56	94.5	22436	1548	36.330078125
2026-09-13T06:19:42+00:00	torvalds__linux	L	pipeline	3698	4574	40	95.4	22227	1548	36.119140625
2026-09-13T06:19:57+00:00	torvalds__linux	L	pipeline	3713	4465	27	94.3	22258	1548	34.63818359375
2026-09-13T06:20:12+00:00	torvalds__linux	L	pipeline	3728	4489	30	94.9	22256	1548	34.9853515625
2026-09-13T06:20:27+00:00	torvalds__linux	L	pipeline	3743	4552	36	94.1	22300	1548	33.41259765625
2026-09-13T06:20:42+00:00	torvalds__linux	L	pipeline	3759	4755	54	92.3	22338	1548	31.70263671875
2026-09-13T06:20:57+00:00	torvalds__linux	L	pipeline	3774	4582	40	93.7	22296	1548	31.43798828125
2026-09-13T06:21:12+00:00	torvalds__linux	L	pipeline	3789	4270	5	91.2	22671	1547	31.78466796875
2026-09-13T06:21:28+00:00	torvalds__linux	L	pipeline	3804	4399	21	49.9	22348	1548	27.20166015625
2026-09-13T06:21:43+00:00	torvalds__linux	L	pipeline	3819	4497	28	94.4	22251	1547	27.62841796875
2026-09-13T06:21:58+00:00	torvalds__linux	L	pipeline	3834	4456	25	94.9	22279	1547	27.87158203125
2026-09-13T06:22:13+00:00	torvalds__linux	L	pipeline	3849	4739	54	95.1	22272	1547	29.2724609375
2026-09-13T06:22:28+00:00	torvalds__linux	L	pipeline	3864	4691	50	95.3	22319	1547	29.2353515625
2026-09-13T06:22:43+00:00	torvalds__linux	L	pipeline	3879	4556	36	95.0	22353	1547	30.22265625
2026-09-13T06:22:58+00:00	torvalds__linux	L	pipeline	3894	4584	36	95.6	22261	1547	31.87548828125
2026-09-13T06:23:13+00:00	torvalds__linux	L	pipeline	3909	4799	54	95.8	22364	1547	31.0048828125
2026-09-13T06:23:28+00:00	torvalds__linux	L	pipeline	3924	4526	34	92.6	22324	1547	28.58984375
2026-09-13T06:23:43+00:00	torvalds__linux	L	pipeline	3939	4586	39	95.5	22302	1547	29.35205078125
2026-09-13T06:23:58+00:00	torvalds__linux	L	pipeline	3954	4570	38	95.4	22352	1547	29.8046875
2026-09-13T06:24:13+00:00	torvalds__linux	L	pipeline	3969	5531	99	96.0	23127	1546	30.23876953125
2026-09-13T06:24:28+00:00	torvalds__linux	L	pipeline	3984	4757	56	94.5	22356	1546	29.86669921875
2026-09-13T06:24:43+00:00	torvalds__linux	L	pipeline	3999	4999	74	94.8	22483	1546	30.2158203125
2026-09-13T06:24:58+00:00	torvalds__linux	L	pipeline	4015	4553	35	95.2	22635	1546	30.77880859375
2026-09-13T06:25:13+00:00	torvalds__linux	L	pipeline	4030	4451	24	95.2	22365	1546	31.11767578125
2026-09-13T06:25:28+00:00	torvalds__linux	L	pipeline	4045	4430	24	94.6	22363	1546	31.30078125
2026-09-13T06:25:44+00:00	torvalds__linux	L	pipeline	4060	4935	72	90.8	22523	1546	32.37646484375
2026-09-13T06:25:59+00:00	torvalds__linux	L	pipeline	4075	4614	42	95.8	22856	1546	33.0595703125
2026-09-13T06:26:14+00:00	torvalds__linux	L	pipeline	4090	4714	51	95.8	22346	1546	32.9599609375
2026-09-13T06:26:29+00:00	torvalds__linux	L	pipeline	4105	4604	39	94.5	22420	1545	32.06884765625
2026-09-13T06:26:44+00:00	torvalds__linux	L	pipeline	4120	4804	55	93.5	22498	1545	32.39599609375
2026-09-13T06:26:59+00:00	torvalds__linux	L	pipeline	4135	4555	36	93.5	22332	1545	30.76123046875
2026-09-13T06:27:14+00:00	torvalds__linux	L	pipeline	4150	4525	34	92.2	22392	1545	30.1865234375
2026-09-13T06:27:29+00:00	torvalds__linux	L	pipeline	4165	4577	38	50.2	22419	1545	25.55078125
2026-09-13T06:27:44+00:00	torvalds__linux	L	pipeline	4180	4439	22	91.5	22360	1545	27.41015625
2026-09-13T06:27:59+00:00	torvalds__linux	L	pipeline	4195	4819	62	89.4	22372	1545	31.119140625
2026-09-13T06:28:14+00:00	torvalds__linux	L	pipeline	4210	4414	15	92.3	22342	1545	30.064453125
2026-09-13T06:28:29+00:00	torvalds__linux	L	pipeline	4225	4470	25	94.7	22411	1545	32.06396484375
2026-09-13T06:28:44+00:00	torvalds__linux	L	pipeline	4240	4600	39	95.3	22479	1545	31.87451171875
2026-09-13T06:28:59+00:00	torvalds__linux	L	pipeline	4255	4458	27	95.6	22314	1544	31.962890625
2026-09-13T06:29:14+00:00	torvalds__linux	L	pipeline	4270	4444	24	50.5	22285	1545	30.037109375
2026-09-13T06:29:29+00:00	torvalds__linux	L	pipeline	4286	4280	6	94.3	22376	1544	31.916015625
2026-09-13T06:29:44+00:00	torvalds__linux	L	pipeline	4301	4616	43	95.3	22458	1544	32.00341796875
2026-09-13T06:29:59+00:00	torvalds__linux	L	pipeline	4316	4569	36	95.9	22399	1544	33.1826171875
2026-09-13T06:30:14+00:00	torvalds__linux	L	pipeline	4331	4666	48	95.7	22405	1544	33.64501953125
2026-09-13T06:30:30+00:00	torvalds__linux	L	pipeline	4346	4969	73	95.5	22570	1544	33.2763671875
2026-09-13T06:30:45+00:00	torvalds__linux	L	pipeline	4361	4584	39	95.6	22468	1544	32.83984375
2026-09-13T06:31:00+00:00	torvalds__linux	L	pipeline	4376	4523	33	95.7	22343	1544	30.8369140625
2026-09-13T06:31:15+00:00	torvalds__linux	L	pipeline	4391	4574	39	95.0	22819	1544	32.2685546875
2026-09-13T06:31:30+00:00	torvalds__linux	L	pipeline	4406	4671	49	95.3	22372	1544	31.69384765625
2026-09-13T06:31:45+00:00	torvalds__linux	L	pipeline	4421	4578	40	94.8	22376	1543	31.61474609375
2026-09-13T06:32:00+00:00	torvalds__linux	L	pipeline	4436	4704	52	95.1	22363	1543	31.548828125
2026-09-13T06:32:15+00:00	torvalds__linux	L	pipeline	4451	4594	41	95.4	22698	1543	30.97119140625
2026-09-13T06:32:30+00:00	torvalds__linux	L	pipeline	4466	4559	37	95.3	22399	1543	31.41455078125
2026-09-13T06:32:45+00:00	torvalds__linux	L	pipeline	4481	4564	35	92.5	22810	1543	32.91259765625
2026-09-13T06:33:00+00:00	torvalds__linux	L	pipeline	4496	4527	32	96.0	22558	1543	32.59326171875
2026-09-13T06:33:15+00:00	torvalds__linux	L	pipeline	4511	4500	31	92.6	22728	1543	31.89697265625
2026-09-13T06:33:30+00:00	torvalds__linux	L	pipeline	4526	4584	39	95.3	22338	1543	31.69921875
2026-09-13T06:33:45+00:00	torvalds__linux	L	pipeline	4541	4535	34	95.3	22603	1543	31.310546875
2026-09-13T06:34:00+00:00	torvalds__linux	L	pipeline	4556	4461	21	82.3	22412	1542	29.73388671875
2026-09-13T06:34:15+00:00	torvalds__linux	L	pipeline	4571	4861	61	66.2	22790	1543	27.482421875
2026-09-13T06:34:30+00:00	torvalds__linux	L	pipeline	4587	4489	29	93.2	22762	1543	29.33837890625
2026-09-13T06:34:45+00:00	torvalds__linux	L	pipeline	4602	4460	21	69.9	22844	1542	26.24658203125
2026-09-13T06:35:00+00:00	torvalds__linux	L	pipeline	4617	4943	72	85.0	22381	1542	25.02587890625
2026-09-13T06:35:15+00:00	torvalds__linux	L	pipeline	4632	4754	51	93.1	22437	1542	25.56591796875
2026-09-13T06:35:31+00:00	torvalds__linux	L	pipeline	4647	4451	21	89.6	22450	1542	26.97119140625
2026-09-13T06:35:46+00:00	torvalds__linux	L	pipeline	4662	4351	16	92.4	22396	1542	25.79248046875
2026-09-13T06:36:01+00:00	torvalds__linux	L	pipeline	4677	4689	48	95.2	22411	1542	27.7060546875
2026-09-13T06:36:16+00:00	torvalds__linux	L	pipeline	4692	4752	55	94.9	22399	1542	28.2705078125
2026-09-13T06:36:31+00:00	torvalds__linux	L	pipeline	4707	4669	45	95.3	22451	1542	30.24853515625
2026-09-13T06:36:46+00:00	torvalds__linux	L	pipeline	4722	4618	43	95.4	22659	1542	30.3916015625
2026-09-13T06:37:01+00:00	torvalds__linux	L	pipeline	4737	4622	40	95.6	22594	1542	30.849609375
2026-09-13T06:37:16+00:00	torvalds__linux	L	pipeline	4752	4750	55	95.7	22489	1541	30.994140625
2026-09-13T06:37:31+00:00	torvalds__linux	L	pipeline	4767	4731	51	95.5	22569	1541	31.80859375
2026-09-13T06:37:46+00:00	torvalds__linux	L	pipeline	4782	4378	17	95.2	22957	1541	33.4384765625
2026-09-13T06:38:01+00:00	torvalds__linux	L	pipeline	4797	4495	29	92.9	22384	1541	32.5615234375
2026-09-13T06:38:16+00:00	torvalds__linux	L	pipeline	4812	4393	15	65.0	22540	1541	28.32861328125
2026-09-13T06:38:31+00:00	torvalds__linux	L	pipeline	4827	5002	70	57.1	22555	1541	25.23681640625
2026-09-13T06:38:46+00:00	torvalds__linux	L	pipeline	4842	4830	61	95.4	22847	1541	26.404296875
2026-09-13T06:39:01+00:00	torvalds__linux	L	pipeline	4857	4407	19	95.6	22416	1541	28.64697265625
2026-09-13T06:39:16+00:00	torvalds__linux	L	pipeline	4872	4619	42	95.7	22457	1541	29.044921875
2026-09-13T06:39:31+00:00	torvalds__linux	L	pipeline	4887	4674	47	95.7	22508	1541	29.1533203125
2026-09-13T06:39:46+00:00	torvalds__linux	L	pipeline	4903	4482	27	95.5	22515	1541	29.8134765625
2026-09-13T06:40:01+00:00	torvalds__linux	L	pipeline	4918	4381	17	95.7	22420	1540	31.29296875
2026-09-13T06:40:07+00:00	shardtest__scrcpy	L	pipeline	0	4	1	0.0	22459	1541	32.7109375
2026-09-13T06:40:16+00:00	torvalds__linux	L	pipeline	4933	4531	35	97.0	22978	1541	36.16064453125
2026-09-13T06:40:22+00:00	shardtest__scrcpy	L	pipeline	15	709	19	97.8	22999	1540	37.18896484375
2026-09-13T06:40:32+00:00	torvalds__linux	L	pipeline	4948	4542	37	97.6	23261	1540	38.4189453125
2026-09-13T06:40:37+00:00	shardtest__scrcpy	L	pipeline	30	990	25	97.5	23289	1540	38.06494140625
2026-09-13T06:40:47+00:00	torvalds__linux	L	pipeline	4963	4657	45	97.3	23344	1540	39.41650390625
2026-09-13T06:40:52+00:00	shardtest__scrcpy	L	pipeline	45	1171	21	97.3	23567	1540	39.70361328125
2026-09-13T06:41:02+00:00	torvalds__linux	L	pipeline	4978	4634	41	97.4	23649	1540	40.53759765625
2026-09-13T06:41:07+00:00	shardtest__scrcpy	L	pipeline	60	1294	14	97.4	23686	1540	40.013671875
2026-09-13T06:41:17+00:00	torvalds__linux	L	pipeline	4993	4710	49	97.2	23793	1540	40.31298828125
2026-09-13T06:41:22+00:00	shardtest__scrcpy	L	pipeline	75	1525	27	97.2	23859	1540	40.6884765625
2026-09-13T06:41:32+00:00	torvalds__linux	L	pipeline	5008	4559	35	97.4	23946	1540	42.5498046875
2026-09-13T06:41:38+00:00	shardtest__scrcpy	L	pipeline	90	1504	19	97.5	23895	1540	43.38671875
2026-09-13T06:41:47+00:00	torvalds__linux	L	pipeline	5023	4327	9	88.6	24234	1540	41.453125
2026-09-13T06:41:53+00:00	shardtest__scrcpy	L	pipeline	105	1552	14	86.0	24262	1540	41.33642578125
2026-09-13T06:42:02+00:00	torvalds__linux	L	pipeline	5038	4466	27	94.9	24371	1540	40.98974609375
2026-09-13T06:42:08+00:00	shardtest__scrcpy	L	pipeline	120	1774	36	97.4	23980	1540	41.79150390625
2026-09-13T06:42:17+00:00	torvalds__linux	L	pipeline	5053	4620	42	97.4	24030	1540	44.107421875
2026-09-13T06:42:23+00:00	shardtest__scrcpy	L	pipeline	135	1644	18	97.5	24009	1540	43.8583984375
2026-09-13T06:42:32+00:00	torvalds__linux	L	pipeline	5068	4437	23	97.5	24006	1540	42.5634765625
2026-09-13T06:42:38+00:00	shardtest__scrcpy	L	pipeline	150	1630	13	97.1	23970	1540	42.43798828125
2026-09-13T06:42:47+00:00	torvalds__linux	L	pipeline	5083	4732	52	96.9	24003	1539	44.02734375
2026-09-13T06:42:53+00:00	shardtest__scrcpy	L	pipeline	165	1640	12	97.2	23896	1539	43.78466796875
2026-09-13T06:43:02+00:00	torvalds__linux	L	pipeline	5098	4715	50	97.3	24118	1539	42.9013671875
2026-09-13T06:43:08+00:00	shardtest__scrcpy	L	pipeline	180	1873	37	97.0	24075	1539	43.31005859375
2026-09-13T06:43:17+00:00	torvalds__linux	L	pipeline	5114	4615	41	96.2	23673	1539	44.78759765625
2026-09-13T06:43:23+00:00	shardtest__scrcpy	L	pipeline	195	1268	12	95.5	23631	1539	44.96484375
2026-09-13T06:43:32+00:00	torvalds__linux	L	pipeline	5129	4326	9	91.7	23198	1539	42.9130859375
2026-09-13T06:43:38+00:00	shardtest__scrcpy	L	pipeline	210	821	7	76.6	23067	1539	40.197265625
2026-09-13T06:43:47+00:00	torvalds__linux	L	pipeline	5144	4288	6	79.3	23223	1539	38.923828125
2026-09-13T06:43:53+00:00	shardtest__scrcpy	L	pipeline	226	422	6	94.6	23133	1539	38.76953125
2026-09-13T06:44:03+00:00	torvalds__linux	L	pipeline	5159	4668	46	95.8	23186	1539	41.59521484375
2026-09-13T06:44:08+00:00	shardtest__scrcpy	L	pipeline	241	416	5	95.6	23174	1539	41.22705078125
2026-09-13T06:44:18+00:00	torvalds__linux	L	pipeline	5174	4547	37	94.1	22832	1539	41.26904296875
2026-09-13T06:44:23+00:00	shardtest__scrcpy	L	pipeline	256	32	5	94.4	22414	1539	41.48779296875
2026-09-13T06:44:33+00:00	torvalds__linux	L	pipeline	5189	4550	36	95.1	22571	1539	41.25244140625
2026-09-13T06:44:38+00:00	shardtest__scrcpy	L	pipeline	271	238	6	95.1	22829	1539	40.03076171875
2026-09-13T06:44:48+00:00	torvalds__linux	L	pipeline	5204	4842	62	95.0	22873	1539	39.3974609375
2026-09-13T06:44:53+00:00	shardtest__scrcpy	L	pipeline	286	212	5	95.4	22917	1539	39.365234375
2026-09-13T06:45:03+00:00	torvalds__linux	L	pipeline	5219	4513	33	94.5	23192	1539	37.68505859375
2026-09-13T06:45:08+00:00	shardtest__scrcpy	L	pipeline	301	27	5	92.9	22419	1539	37.0693359375
2026-09-13T06:45:18+00:00	torvalds__linux	L	pipeline	5234	4909	69	94.1	22639	1538	36.44970703125
2026-09-13T06:45:23+00:00	shardtest__scrcpy	L	pipeline	316	34	5	95.3	22581	1538	36.41357421875
2026-09-13T06:45:33+00:00	torvalds__linux	L	pipeline	5249	4838	61	95.8	22784	1538	35.75390625
2026-09-13T06:45:33+00:00	shardtest__scrcpy	L	validate	0	17	1	0.0	22888	1538	35.75390625
2026-09-13T06:45:48+00:00	torvalds__linux	L	pipeline	5264	4688	50	95.5	22591	1538	36.32568359375
2026-09-13T06:46:03+00:00	torvalds__linux	L	pipeline	5279	4771	57	93.8	22577	1538	35.45361328125
2026-09-13T06:46:18+00:00	torvalds__linux	L	pipeline	5294	4588	41	95.6	22619	1538	35.16650390625
2026-09-13T06:46:33+00:00	torvalds__linux	L	pipeline	5309	4440	25	53.4	22595	1538	29.98681640625
2026-09-13T06:46:48+00:00	torvalds__linux	L	pipeline	5324	4515	32	95.7	22663	1538	29.85498046875
2026-09-13T06:47:03+00:00	torvalds__linux	L	pipeline	5339	4825	61	95.8	22796	1538	30.1015625
2026-09-13T06:47:18+00:00	torvalds__linux	L	pipeline	5354	4716	53	95.5	22824	1538	31.50830078125
2026-09-13T06:47:33+00:00	torvalds__linux	L	pipeline	5370	4402	20	94.9	22747	1538	32.10302734375
2026-09-13T06:47:48+00:00	torvalds__linux	L	pipeline	5385	4592	42	95.7	22593	1538	32.4794921875
2026-09-13T06:48:03+00:00	torvalds__linux	L	pipeline	5400	4521	30	95.5	22742	1537	34.1298828125
2026-09-13T06:48:19+00:00	torvalds__linux	L	pipeline	5415	4576	39	93.1	22707	1537	32.29736328125
2026-09-13T06:48:34+00:00	torvalds__linux	L	pipeline	5430	4766	56	92.8	22765	1537	32.1689453125
2026-09-13T06:48:49+00:00	torvalds__linux	L	pipeline	5445	4578	41	93.6	22776	1537	31.669921875
2026-09-13T06:49:04+00:00	torvalds__linux	L	pipeline	5460	4522	32	95.5	22781	1537	31.8359375
2026-09-13T06:49:19+00:00	torvalds__linux	L	pipeline	5475	4755	58	95.6	22708	1537	32.37548828125
2026-09-13T06:49:34+00:00	torvalds__linux	L	pipeline	5490	4806	58	95.4	22837	1537	30.943359375
2026-09-13T06:49:49+00:00	torvalds__linux	L	pipeline	5505	4561	41	94.7	22568	1537	32.28515625
2026-09-13T06:50:04+00:00	torvalds__linux	L	pipeline	5520	4415	21	95.1	22622	1537	32.4453125
2026-09-13T06:50:19+00:00	torvalds__linux	L	pipeline	5535	4464	19	91.7	22613	1537	32.89501953125
2026-09-13T06:50:34+00:00	torvalds__linux	L	pipeline	5550	4529	34	55.4	22514	1537	29.44482421875
2026-09-13T06:50:49+00:00	torvalds__linux	L	pipeline	5565	4592	39	93.1	22952	1537	29.94189453125
2026-09-13T06:51:04+00:00	torvalds__linux	L	pipeline	5580	4878	68	55.8	22976	1537	27.9228515625
2026-09-13T06:51:19+00:00	torvalds__linux	L	pipeline	5595	4741	54	90.4	22929	1536	29.58935546875
2026-09-13T06:51:34+00:00	torvalds__linux	L	pipeline	5610	4670	45	90.9	22613	1536	27.5556640625
2026-09-13T06:51:49+00:00	torvalds__linux	L	pipeline	5625	4595	43	94.9	22650	1536	29.59375
2026-09-13T06:52:04+00:00	torvalds__linux	L	pipeline	5640	4567	37	94.7	22915	1536	31.29541015625
2026-09-13T06:52:19+00:00	torvalds__linux	L	pipeline	5656	4640	40	95.3	23005	1536	31.64306640625
2026-09-13T06:52:34+00:00	torvalds__linux	L	pipeline	5671	4735	52	95.3	22667	1536	29.34033203125
2026-09-13T06:52:49+00:00	torvalds__linux	L	pipeline	5686	4878	69	94.1	23013	1536	28.66064453125
2026-09-13T06:53:04+00:00	torvalds__linux	L	pipeline	5701	4879	68	95.5	22795	1536	29.35009765625
2026-09-13T06:53:20+00:00	torvalds__linux	L	pipeline	5716	4656	49	95.2	22750	1536	28.681640625
2026-09-13T06:53:35+00:00	torvalds__linux	L	pipeline	5731	4463	30	95.3	22763	1536	28.4189453125
2026-09-13T06:53:50+00:00	torvalds__linux	L	pipeline	5746	4525	29	94.9	22709	1535	29.15673828125
2026-09-13T06:54:05+00:00	torvalds__linux	L	pipeline	5761	4824	62	61.1	22961	1535	25.931640625
2026-09-13T06:54:20+00:00	torvalds__linux	L	pipeline	5776	4586	37	50.0	22637	1536	22.1455078125
2026-09-13T06:54:35+00:00	torvalds__linux	L	pipeline	5791	4703	50	95.1	22716	1535	26.37353515625
2026-09-13T06:54:50+00:00	torvalds__linux	L	pipeline	5806	4533	32	94.3	23066	1535	26.6171875
2026-09-13T06:55:05+00:00	torvalds__linux	L	pipeline	5821	4672	46	95.1	23035	1535	26.52978515625
2026-09-13T06:55:20+00:00	torvalds__linux	L	pipeline	5836	4799	58	95.3	23044	1535	29.00390625
2026-09-13T06:55:35+00:00	torvalds__linux	L	pipeline	5851	4452	26	93.2	22785	1535	29.2060546875
2026-09-13T06:55:50+00:00	torvalds__linux	L	pipeline	5866	4832	62	95.3	22861	1535	29.79248046875
2026-09-13T06:56:05+00:00	torvalds__linux	L	pipeline	5881	4757	57	95.1	22862	1535	29.9384765625
2026-09-13T06:56:20+00:00	torvalds__linux	L	pipeline	5896	4674	46	95.4	22825	1535	33.33642578125
2026-09-13T06:56:35+00:00	torvalds__linux	L	pipeline	5911	4630	44	94.8	22794	1534	33.4052734375
2026-09-13T06:56:50+00:00	torvalds__linux	L	pipeline	5927	4401	19	95.3	22851	1534	34.17138671875
2026-09-13T06:57:04+00:00	shardprobe__redis	L	pipeline	0	3	1	0.0	22794	1534	34.087890625
2026-09-13T06:57:05+00:00	torvalds__linux	L	pipeline	5942	4431	22	92.5	22819	1534	34.087890625
2026-09-13T06:57:19+00:00	shardprobe__redis	L	pipeline	15	1061	36	95.2	23334	1534	36.97900390625
2026-09-13T06:57:21+00:00	torvalds__linux	L	pipeline	5957	4766	49	96.5	23552	1534	36.97900390625
2026-09-13T06:57:34+00:00	shardprobe__redis	L	pipeline	30	1217	37	97.5	23649	1534	39.31201171875
2026-09-13T06:57:36+00:00	torvalds__linux	L	pipeline	5972	4563	38	97.4	23675	1534	39.31201171875
2026-09-13T06:57:49+00:00	shardprobe__redis	L	pipeline	45	1351	34	98.2	23841	1534	40.3134765625
2026-09-13T06:57:51+00:00	torvalds__linux	L	pipeline	5987	4266	3	97.9	23702	1534	40.3134765625
2026-09-13T06:58:05+00:00	shardprobe__redis	L	pipeline	60	1697	44	97.3	24040	1534	41.896484375
2026-09-13T06:58:06+00:00	torvalds__linux	L	pipeline	6002	4620	45	97.6	23939	1534	41.896484375
2026-09-13T06:58:20+00:00	shardprobe__redis	L	pipeline	75	1867	35	97.5	24128	1534	42.95849609375
2026-09-13T06:58:21+00:00	torvalds__linux	L	pipeline	6017	4501	31	97.6	24175	1534	42.95849609375
2026-09-13T06:58:35+00:00	shardprobe__redis	L	pipeline	90	2029	34	97.7	24355	1534	45.03759765625
2026-09-13T06:58:36+00:00	torvalds__linux	L	pipeline	6032	5164	79	97.7	24568	1534	45.03759765625
2026-09-13T06:58:50+00:00	shardprobe__redis	L	pipeline	105	2243	33	97.1	24721	1533	42.22216796875
2026-09-13T06:58:51+00:00	torvalds__linux	L	pipeline	6047	4592	33	96.6	24739	1533	42.22216796875
2026-09-13T06:59:05+00:00	shardprobe__redis	L	pipeline	120	2563	46	95.1	24618	1533	41.1318359375
2026-09-13T06:59:06+00:00	torvalds__linux	L	pipeline	6062	4485	28	95.6	24596	1533	41.1318359375
2026-09-13T06:59:20+00:00	shardprobe__redis	L	pipeline	135	2780	60	97.9	24914	1533	42.634765625
2026-09-13T06:59:21+00:00	torvalds__linux	L	pipeline	6077	4620	43	97.9	24834	1533	42.634765625
2026-09-13T06:59:35+00:00	shardprobe__redis	L	pipeline	150	2689	46	98.5	24964	1533	43.240234375
2026-09-13T06:59:36+00:00	torvalds__linux	L	pipeline	6092	4623	42	98.6	24838	1533	43.240234375
2026-09-13T06:59:50+00:00	shardprobe__redis	L	pipeline	166	2800	53	98.3	25074	1533	42.03125
2026-09-13T06:59:51+00:00	torvalds__linux	L	pipeline	6107	4800	56	98.3	24857	1533	42.03125
2026-09-13T07:00:05+00:00	shardprobe__redis	L	pipeline	181	2783	46	98.1	24911	1533	41.10595703125
2026-09-13T07:00:06+00:00	torvalds__linux	L	pipeline	6123	4599	38	98.1	24932	1533	41.10595703125
2026-09-13T07:00:20+00:00	shardprobe__redis	L	pipeline	196	2838	47	98.6	25098	1533	40.5908203125
2026-09-13T07:00:21+00:00	torvalds__linux	L	pipeline	6138	4884	65	98.5	24976	1533	40.5908203125
2026-09-13T07:00:35+00:00	shardprobe__redis	L	pipeline	211	2772	39	98.3	24908	1533	41.5498046875
2026-09-13T07:00:37+00:00	torvalds__linux	L	pipeline	6153	4585	40	98.4	24943	1533	41.5498046875
2026-09-13T07:00:50+00:00	shardprobe__redis	L	pipeline	226	2677	25	98.4	24877	1532	41.96435546875
2026-09-13T07:00:52+00:00	torvalds__linux	L	pipeline	6168	5361	99	98.4	25192	1532	41.96435546875
2026-09-13T07:01:06+00:00	shardprobe__redis	L	pipeline	241	2863	44	98.3	24993	1532	42.28759765625
2026-09-13T07:01:07+00:00	torvalds__linux	L	pipeline	6183	4521	30	98.3	24987	1532	42.28759765625
2026-09-13T07:01:21+00:00	shardprobe__redis	L	pipeline	256	2811	39	98.1	24941	1532	41.5126953125
2026-09-13T07:01:22+00:00	torvalds__linux	L	pipeline	6198	4714	48	98.1	24947	1532	41.5126953125
2026-09-13T07:01:36+00:00	shardprobe__redis	L	pipeline	271	2818	40	98.3	24884	1532	41.86572265625
2026-09-13T07:01:37+00:00	torvalds__linux	L	pipeline	6213	5059	75	98.2	24990	1532	41.86572265625
2026-09-13T07:01:51+00:00	shardprobe__redis	L	pipeline	286	3026	58	98.3	24907	1532	41.60546875
2026-09-13T07:01:52+00:00	torvalds__linux	L	pipeline	6228	4418	18	98.3	24745	1532	41.60546875
2026-09-13T07:02:06+00:00	shardprobe__redis	L	pipeline	301	2793	36	97.8	24860	1532	41.0029296875
2026-09-13T07:02:07+00:00	torvalds__linux	L	pipeline	6243	4464	24	97.9	24823	1532	41.0029296875
2026-09-13T07:02:21+00:00	shardprobe__redis	L	pipeline	316	2949	52	97.9	24912	1532	41.5693359375
2026-09-13T07:02:22+00:00	torvalds__linux	L	pipeline	6258	4597	43	97.9	24983	1532	41.5693359375
2026-09-13T07:02:36+00:00	shardprobe__redis	L	pipeline	332	2767	31	97.6	24944	1532	43.8828125
2026-09-13T07:02:37+00:00	torvalds__linux	L	pipeline	6273	4514	32	97.6	24927	1532	43.8828125
2026-09-13T07:02:51+00:00	shardprobe__redis	L	pipeline	347	2910	47	97.8	24944	1532	44.70751953125
2026-09-13T07:02:52+00:00	torvalds__linux	L	pipeline	6289	4608	40	97.8	24789	1532	44.70751953125
2026-09-13T07:03:06+00:00	shardprobe__redis	L	pipeline	362	2837	42	97.6	24931	1531	45.986328125
2026-09-13T07:03:07+00:00	torvalds__linux	L	pipeline	6304	4592	40	97.7	24941	1531	45.986328125
2026-09-13T07:03:21+00:00	shardprobe__redis	L	pipeline	377	2856	42	98.1	24990	1531	45.05322265625
2026-09-13T07:03:23+00:00	torvalds__linux	L	pipeline	6319	4752	55	98.1	24887	1531	45.05322265625
2026-09-13T07:03:36+00:00	shardprobe__redis	L	pipeline	392	2838	41	97.9	24924	1531	45.56005859375
2026-09-13T07:03:38+00:00	torvalds__linux	L	pipeline	6334	4612	42	97.9	24865	1531	45.56005859375
2026-09-13T07:03:52+00:00	shardprobe__redis	L	pipeline	407	2861	42	98.2	24805	1531	44.67529296875
2026-09-13T07:03:53+00:00	torvalds__linux	L	pipeline	6349	4550	36	98.2	24844	1531	44.67529296875
2026-09-13T07:04:07+00:00	shardprobe__redis	L	pipeline	422	2770	33	95.3	24848	1531	45.74267578125
2026-09-13T07:04:08+00:00	torvalds__linux	L	pipeline	6364	4331	9	93.2	24871	1531	45.74267578125
2026-09-13T07:04:22+00:00	shardprobe__redis	L	pipeline	437	2870	43	90.4	24932	1531	44.083984375
2026-09-13T07:04:23+00:00	torvalds__linux	L	pipeline	6379	4643	44	92.5	24883	1531	44.083984375
2026-09-13T07:04:37+00:00	shardprobe__redis	L	pipeline	452	2825	37	97.7	24995	1531	41.0078125
2026-09-13T07:04:38+00:00	torvalds__linux	L	pipeline	6394	4667	47	97.7	24970	1531	41.0078125
2026-09-13T07:04:52+00:00	shardprobe__redis	L	pipeline	467	3008	57	97.8	24921	1531	39.96044921875
2026-09-13T07:04:53+00:00	torvalds__linux	L	pipeline	6409	4504	30	97.8	24810	1530	39.96044921875
2026-09-13T07:05:07+00:00	shardprobe__redis	L	pipeline	482	2947	50	97.7	25016	1531	40.0615234375
2026-09-13T07:05:08+00:00	torvalds__linux	L	pipeline	6424	4530	32	97.7	24977	1531	40.0615234375
2026-09-13T07:05:22+00:00	shardprobe__redis	L	pipeline	497	2770	29	98.1	24922	1530	40.82177734375
2026-09-13T07:05:23+00:00	torvalds__linux	L	pipeline	6439	4651	44	98.1	24932	1530	40.82177734375
2026-09-13T07:05:37+00:00	shardprobe__redis	L	pipeline	512	3025	57	97.7	25002	1530	40.53515625
2026-09-13T07:05:38+00:00	torvalds__linux	L	pipeline	6454	4650	47	97.7	24899	1530	40.53515625
2026-09-13T07:05:52+00:00	shardprobe__redis	L	pipeline	527	2813	36	93.4	25057	1530	38.935546875
2026-09-13T07:05:53+00:00	torvalds__linux	L	pipeline	6469	4399	15	92.1	24953	1530	38.935546875
2026-09-13T07:06:07+00:00	shardprobe__redis	L	pipeline	543	2779	33	96.2	25392	1529	38.48193359375
2026-09-13T07:06:08+00:00	torvalds__linux	L	pipeline	6484	4858	57	97.3	25524	1529	38.48193359375
2026-09-13T07:06:22+00:00	shardprobe__redis	L	pipeline	558	2851	38	92.3	25007	1529	34.8984375
2026-09-13T07:06:23+00:00	torvalds__linux	L	pipeline	6500	4466	21	91.5	24979	1529	34.8984375
2026-09-13T07:06:37+00:00	shardprobe__redis	L	pipeline	573	2948	47	93.5	24922	1530	36.8955078125
2026-09-13T07:06:38+00:00	torvalds__linux	L	pipeline	6515	4367	15	94.3	24786	1530	36.8955078125
2026-09-13T07:06:52+00:00	shardprobe__redis	L	pipeline	588	2691	24	97.6	24831	1530	39.65234375
2026-09-13T07:06:53+00:00	torvalds__linux	L	pipeline	6530	4606	39	97.8	24968	1530	39.65234375
2026-09-13T07:07:07+00:00	shardprobe__redis	L	pipeline	603	2861	39	95.9	24868	1529	40.9287109375
2026-09-13T07:07:09+00:00	torvalds__linux	L	pipeline	6545	4398	15	94.5	24866	1529	40.9287109375
2026-09-13T07:07:22+00:00	shardprobe__redis	L	pipeline	618	2935	47	87.1	25152	1529	36.96826171875
2026-09-13T07:07:24+00:00	torvalds__linux	L	pipeline	6560	4529	27	87.5	25168	1529	36.96826171875
2026-09-13T07:07:38+00:00	shardprobe__redis	L	pipeline	633	2927	44	96.2	24877	1529	37.41748046875
2026-09-13T07:07:39+00:00	torvalds__linux	L	pipeline	6575	4655	44	97.2	25002	1529	37.41748046875
2026-09-13T07:07:53+00:00	shardprobe__redis	L	pipeline	648	2867	39	97.7	24915	1529	38.92236328125
2026-09-13T07:07:54+00:00	torvalds__linux	L	pipeline	6590	4782	57	97.7	24871	1529	38.92236328125
2026-09-13T07:08:08+00:00	shardprobe__redis	L	pipeline	663	2936	46	97.8	24988	1529	40.638671875
2026-09-13T07:08:09+00:00	torvalds__linux	L	pipeline	6605	4525	33	97.8	24940	1529	40.638671875
2026-09-13T07:08:23+00:00	shardprobe__redis	L	pipeline	678	3024	55	91.0	24917	1529	38.39111328125
2026-09-13T07:08:24+00:00	torvalds__linux	L	pipeline	6620	4332	9	89.3	24864	1529	38.39111328125
2026-09-13T07:08:38+00:00	shardprobe__redis	L	pipeline	693	2808	34	93.4	24930	1529	38.29296875
2026-09-13T07:08:39+00:00	torvalds__linux	L	pipeline	6635	4800	58	95.0	24979	1529	38.29296875
2026-09-13T07:08:53+00:00	shardprobe__redis	L	pipeline	708	2868	40	97.8	24948	1529	40.37109375
2026-09-13T07:08:54+00:00	torvalds__linux	L	pipeline	6650	4574	34	97.8	24946	1529	40.37109375
2026-09-13T07:09:08+00:00	shardprobe__redis	L	pipeline	723	2932	45	95.9	24919	1528	39.97509765625
2026-09-13T07:09:09+00:00	torvalds__linux	L	pipeline	6665	4332	9	94.1	24899	1528	39.97509765625
2026-09-13T07:09:23+00:00	shardprobe__redis	L	pipeline	738	3010	52	88.4	25029	1528	38.93408203125
2026-09-13T07:09:24+00:00	torvalds__linux	L	pipeline	6680	4509	31	90.0	24855	1528	38.93408203125
2026-09-13T07:09:38+00:00	shardprobe__redis	L	pipeline	754	3074	60	98.0	25027	1528	39.89111328125
2026-09-13T07:09:39+00:00	torvalds__linux	L	pipeline	6695	4419	20	98.2	25048	1528	39.89111328125
2026-09-13T07:09:53+00:00	shardprobe__redis	L	pipeline	769	2798	33	97.8	25204	1528	42.25634765625
2026-09-13T07:09:54+00:00	torvalds__linux	L	pipeline	6711	4598	41	97.7	25166	1528	42.25634765625
2026-09-13T07:10:08+00:00	shardprobe__redis	L	pipeline	784	2982	49	97.7	25514	1528	46.619140625
2026-09-13T07:10:09+00:00	torvalds__linux	L	pipeline	6726	4793	57	97.7	25063	1528	46.619140625
2026-09-13T07:10:23+00:00	shardprobe__redis	L	pipeline	799	2885	39	98.0	25155	1528	45.24072265625
2026-09-13T07:10:24+00:00	torvalds__linux	L	pipeline	6741	4898	65	98.0	25212	1528	45.24072265625
2026-09-13T07:10:39+00:00	shardprobe__redis	L	pipeline	814	2852	38	97.6	25152	1528	43.91455078125
2026-09-13T07:10:40+00:00	torvalds__linux	L	pipeline	6756	4787	58	97.6	25141	1528	43.91455078125
2026-09-13T07:10:54+00:00	shardprobe__redis	L	pipeline	829	2834	37	96.5	24931	1528	43.53271484375
2026-09-13T07:10:55+00:00	torvalds__linux	L	pipeline	6771	4504	29	96.4	25169	1527	43.53271484375
2026-09-13T07:11:09+00:00	shardprobe__redis	L	pipeline	844	2943	46	86.7	25460	1527	41.35693359375
2026-09-13T07:11:10+00:00	torvalds__linux	L	pipeline	6786	4332	9	86.4	25283	1527	41.35693359375
2026-09-13T07:11:24+00:00	shardprobe__redis	L	pipeline	859	2996	53	87.6	25221	1527	37.42822265625
2026-09-13T07:11:25+00:00	torvalds__linux	L	pipeline	6801	4553	28	87.9	25141	1527	39.47607421875
2026-09-13T07:11:39+00:00	shardprobe__redis	L	pipeline	874	2742	29	97.4	25103	1527	40.06884765625
2026-09-13T07:11:40+00:00	torvalds__linux	L	pipeline	6816	4944	72	97.5	25161	1527	40.1435546875
2026-09-13T07:11:54+00:00	shardprobe__redis	L	pipeline	889	2781	31	97.5	24869	1527	38.6572265625
2026-09-13T07:11:55+00:00	torvalds__linux	L	pipeline	6831	4644	43	97.5	25046	1527	37.8037109375
2026-09-13T07:12:09+00:00	shardprobe__redis	L	pipeline	904	2990	54	89.7	24862	1527	36.8759765625
2026-09-13T07:12:10+00:00	torvalds__linux	L	pipeline	6846	4738	52	89.8	25058	1527	37.28662109375
2026-09-13T07:12:24+00:00	shardprobe__redis	L	pipeline	919	2836	38	97.8	24988	1527	38.828125
2026-09-13T07:12:25+00:00	torvalds__linux	L	pipeline	6861	4610	43	97.8	25032	1527	39.24267578125
2026-09-13T07:12:39+00:00	shardprobe__redis	L	pipeline	935	2809	34	88.4	25021	1527	35.58251953125
2026-09-13T07:12:40+00:00	torvalds__linux	L	pipeline	6876	4607	40	88.3	25018	1527	36.0966796875
2026-09-13T07:12:54+00:00	shardprobe__redis	L	pipeline	950	2830	39	98.6	24948	1526	37.693359375
2026-09-13T07:12:55+00:00	torvalds__linux	L	pipeline	6891	4466	28	98.6	24917	1526	37.4775390625
2026-09-13T07:13:09+00:00	shardprobe__redis	L	pipeline	965	2961	48	98.1	25407	1526	40.47607421875
2026-09-13T07:13:10+00:00	torvalds__linux	L	pipeline	6906	4495	29	98.2	25373	1526	40.4375
2026-09-13T07:13:24+00:00	shardprobe__redis	L	pipeline	980	2910	44	98.2	25489	1526	40.02783203125
2026-09-13T07:13:25+00:00	torvalds__linux	L	pipeline	6921	4612	43	98.2	25493	1526	40.66650390625
2026-09-13T07:13:40+00:00	shardprobe__redis	L	pipeline	995	2857	37	98.0	25120	1526	42.59521484375
2026-09-13T07:13:40+00:00	torvalds__linux	L	pipeline	6936	4754	48	98.0	25060	1526	42.38720703125
2026-09-13T07:13:55+00:00	shardprobe__redis	L	pipeline	1010	2873	40	98.3	24948	1526	42.15478515625
2026-09-13T07:13:55+00:00	torvalds__linux	L	pipeline	6952	5233	85	98.3	25177	1526	41.34130859375
2026-09-13T07:14:10+00:00	shardprobe__redis	L	pipeline	1025	2822	35	98.1	25437	1526	42.19287109375
2026-09-13T07:14:10+00:00	torvalds__linux	L	pipeline	6967	4603	38	98.1	25421	1526	42.01708984375
2026-09-13T07:14:25+00:00	shardprobe__redis	L	pipeline	1040	2966	50	98.3	25010	1526	41.7548828125
2026-09-13T07:14:25+00:00	torvalds__linux	L	pipeline	6982	4717	50	98.3	25073	1526	41.6943359375
2026-09-13T07:14:40+00:00	shardprobe__redis	L	pipeline	1055	2821	33	97.8	25107	1526	41.15234375
2026-09-13T07:14:41+00:00	torvalds__linux	L	pipeline	6997	4573	38	97.7	25193	1526	41.94140625
2026-09-13T07:14:55+00:00	shardprobe__redis	L	pipeline	1070	2420	34	86.5	24701	1525	40.2109375
2026-09-13T07:14:56+00:00	torvalds__linux	L	pipeline	7012	4704	49	86.6	24702	1525	40.6748046875
2026-09-13T07:15:10+00:00	shardprobe__redis	L	pipeline	1085	2514	45	97.8	24959	1525	40.8369140625
2026-09-13T07:15:11+00:00	torvalds__linux	L	pipeline	7027	4711	49	97.8	24923	1525	40.44921875
2026-09-13T07:15:25+00:00	shardprobe__redis	L	pipeline	1100	2417	35	95.3	24638	1525	40.66845703125
2026-09-13T07:15:26+00:00	torvalds__linux	L	pipeline	7042	4334	9	93.6	24668	1525	38.61279296875
2026-09-13T07:15:40+00:00	shardprobe__redis	L	pipeline	1116	1851	20	84.4	24135	1525	37.20556640625
2026-09-13T07:15:41+00:00	torvalds__linux	L	pipeline	7057	4625	42	86.1	24204	1525	37.509765625
2026-09-13T07:15:55+00:00	shardprobe__redis	L	pipeline	1131	1865	22	76.7	24488	1525	33.408203125
2026-09-13T07:15:56+00:00	torvalds__linux	L	pipeline	7072	4570	37	76.7	24462	1525	34.3369140625
2026-09-13T07:16:10+00:00	shardprobe__redis	L	pipeline	1146	1973	33	97.2	24182	1525	35.30126953125
2026-09-13T07:16:11+00:00	torvalds__linux	L	pipeline	7087	4378	15	97.2	24115	1525	35.30126953125
2026-09-13T07:16:25+00:00	shardprobe__redis	L	pipeline	1161	1856	20	97.3	24214	1525	35.6904296875
2026-09-13T07:16:26+00:00	torvalds__linux	L	pipeline	7102	4446	22	97.4	24123	1525	35.6904296875
2026-09-13T07:16:40+00:00	shardprobe__redis	L	pipeline	1176	1956	28	85.3	24116	1525	33.73388671875
2026-09-13T07:16:41+00:00	torvalds__linux	L	pipeline	7117	4334	9	83.5	24140	1525	33.73388671875
2026-09-13T07:16:55+00:00	shardprobe__redis	L	pipeline	1191	1889	23	90.1	24426	1525	32.30712890625
2026-09-13T07:16:56+00:00	torvalds__linux	L	pipeline	7132	4754	54	91.9	24497	1525	32.30712890625
2026-09-13T07:17:11+00:00	shardprobe__redis	L	pipeline	1206	1957	27	97.3	24010	1525	35.10546875
2026-09-13T07:17:11+00:00	torvalds__linux	L	pipeline	7147	4700	49	97.3	24103	1525	35.10546875
2026-09-13T07:17:26+00:00	shardprobe__redis	L	pipeline	1221	1972	35	81.0	24137	1524	34.79296875
2026-09-13T07:17:26+00:00	torvalds__linux	L	pipeline	7162	4630	43	81.1	24145	1524	34.79296875
2026-09-13T07:17:41+00:00	shardprobe__redis	L	pipeline	1236	1956	29	97.2	24229	1524	35.33203125
2026-09-13T07:17:41+00:00	torvalds__linux	L	pipeline	7178	4654	42	97.2	24248	1524	35.33203125
2026-09-13T07:17:56+00:00	shardprobe__redis	L	pipeline	1251	1923	26	97.0	24213	1524	38.8681640625
2026-09-13T07:17:56+00:00	torvalds__linux	L	pipeline	7193	4564	34	97.0	24204	1524	38.8681640625
2026-09-13T07:18:11+00:00	shardprobe__redis	L	pipeline	1266	2010	34	97.2	24227	1524	38.509765625
2026-09-13T07:18:12+00:00	torvalds__linux	L	pipeline	7208	4639	43	97.2	24159	1524	38.509765625
2026-09-13T07:18:26+00:00	shardprobe__redis	L	pipeline	1281	1992	32	97.7	24308	1524	38.48779296875
2026-09-13T07:18:27+00:00	torvalds__linux	L	pipeline	7223	4912	67	97.7	24279	1524	38.48779296875
2026-09-13T07:18:41+00:00	shardprobe__redis	L	pipeline	1296	1994	33	97.6	24248	1524	39.611328125
2026-09-13T07:18:42+00:00	torvalds__linux	L	pipeline	7238	4571	35	97.6	24225	1524	39.611328125
2026-09-13T07:18:56+00:00	shardprobe__redis	L	pipeline	1311	2027	35	97.2	24090	1524	39.431640625
2026-09-13T07:18:57+00:00	torvalds__linux	L	pipeline	7253	4573	35	97.2	24113	1524	39.431640625
2026-09-13T07:19:11+00:00	shardprobe__redis	L	pipeline	1326	2024	35	97.4	24121	1524	38.40625
2026-09-13T07:19:12+00:00	torvalds__linux	L	pipeline	7268	4607	38	97.4	24199	1524	38.40625
2026-09-13T07:19:26+00:00	shardprobe__redis	L	pipeline	1342	1885	22	97.6	24263	1523	38.0849609375
2026-09-13T07:19:27+00:00	torvalds__linux	L	pipeline	7283	4533	33	97.6	24264	1523	38.0849609375
2026-09-13T07:19:41+00:00	shardprobe__redis	L	pipeline	1357	1874	20	97.4	24231	1523	41.85791015625
2026-09-13T07:19:42+00:00	torvalds__linux	L	pipeline	7298	4569	36	97.4	24220	1523	41.85791015625
2026-09-13T07:19:56+00:00	shardprobe__redis	L	pipeline	1372	2011	35	97.4	24112	1523	42.634765625
2026-09-13T07:19:57+00:00	torvalds__linux	L	pipeline	7313	4580	38	97.4	24171	1523	42.634765625
2026-09-13T07:20:11+00:00	shardprobe__redis	L	pipeline	1387	1586	33	97.5	24225	1523	41.53369140625
2026-09-13T07:20:12+00:00	torvalds__linux	L	pipeline	7328	4516	32	97.5	24173	1523	41.53369140625
2026-09-13T07:20:26+00:00	shardprobe__redis	L	pipeline	1402	1485	22	96.6	24076	1523	39.9501953125
2026-09-13T07:20:27+00:00	torvalds__linux	L	pipeline	7343	4310	7	96.5	24032	1523	39.9501953125
2026-09-13T07:20:42+00:00	shardprobe__redis	L	pipeline	1417	1543	30	96.2	24146	1523	40.79443359375
2026-09-13T07:20:42+00:00	torvalds__linux	L	pipeline	7358	4539	33	96.3	24078	1523	40.79443359375
2026-09-13T07:20:57+00:00	shardprobe__redis	L	pipeline	1432	1413	16	95.8	23700	1523	41.5751953125
2026-09-13T07:20:57+00:00	torvalds__linux	L	pipeline	7373	4527	27	95.8	23667	1523	41.5751953125
2026-09-13T07:21:12+00:00	shardprobe__redis	L	pipeline	1447	1451	20	91.9	23746	1523	39.2197265625
2026-09-13T07:21:12+00:00	torvalds__linux	L	pipeline	7388	4334	9	90.0	23783	1523	39.2197265625
2026-09-13T07:21:27+00:00	shardprobe__redis	L	pipeline	1462	979	15	70.0	23291	1523	37.40966796875
2026-09-13T07:21:27+00:00	torvalds__linux	L	pipeline	7403	4306	7	71.6	23317	1523	37.40966796875
2026-09-13T07:21:42+00:00	shardprobe__redis	L	pipeline	1477	1105	25	94.7	23466	1522	39.09033203125
2026-09-13T07:21:42+00:00	torvalds__linux	L	pipeline	7419	4415	20	95.1	23310	1522	39.09033203125
2026-09-13T07:21:57+00:00	shardprobe__redis	L	pipeline	1492	1048	20	97.1	23451	1522	37.89404296875
2026-09-13T07:21:57+00:00	torvalds__linux	L	pipeline	7434	4822	63	97.1	23388	1522	37.89404296875
2026-09-13T07:22:12+00:00	shardprobe__redis	L	pipeline	1507	1155	31	97.1	23519	1522	36.67431640625
2026-09-13T07:22:12+00:00	torvalds__linux	L	pipeline	7449	4502	28	97.1	23410	1522	36.67431640625
2026-09-13T07:22:27+00:00	shardprobe__redis	L	pipeline	1522	1019	19	95.4	23560	1522	34.9609375
2026-09-13T07:22:28+00:00	torvalds__linux	L	pipeline	7464	4531	32	95.2	23521	1522	34.9609375
2026-09-13T07:22:42+00:00	shardprobe__redis	L	pipeline	1537	1027	19	92.4	23446	1522	34.107421875
2026-09-13T07:22:43+00:00	torvalds__linux	L	pipeline	7479	4886	72	92.4	23532	1522	34.107421875
2026-09-13T07:22:57+00:00	shardprobe__redis	L	pipeline	1552	973	13	95.4	23512	1522	35.6484375
2026-09-13T07:22:58+00:00	torvalds__linux	L	pipeline	7494	4580	34	95.5	23453	1522	35.6484375
2026-09-13T07:23:12+00:00	shardprobe__redis	L	pipeline	1567	1028	19	96.9	23726	1522	37.74609375
2026-09-13T07:23:13+00:00	torvalds__linux	L	pipeline	7509	4408	19	96.9	23725	1522	37.74609375
2026-09-13T07:23:27+00:00	shardprobe__redis	L	pipeline	1583	941	9	96.5	23474	1522	36.4169921875
2026-09-13T07:23:28+00:00	torvalds__linux	L	pipeline	7524	4793	57	96.5	23622	1522	36.4169921875
2026-09-13T07:23:42+00:00	shardprobe__redis	L	pipeline	1598	991	15	96.3	23520	1521	37.1865234375
2026-09-13T07:23:43+00:00	torvalds__linux	L	pipeline	7539	4722	51	96.3	23569	1521	37.1865234375
2026-09-13T07:23:57+00:00	shardprobe__redis	L	pipeline	1613	939	9	96.8	23353	1521	39.326171875
2026-09-13T07:23:58+00:00	torvalds__linux	L	pipeline	7554	4747	52	96.8	23419	1521	39.326171875
2026-09-13T07:24:12+00:00	shardprobe__redis	L	pipeline	1628	950	10	97.0	23844	1521	40.2001953125
2026-09-13T07:24:13+00:00	torvalds__linux	L	pipeline	7569	5429	99	97.0	23693	1521	40.2001953125
2026-09-13T07:24:27+00:00	shardprobe__redis	L	pipeline	1643	1050	19	78.8	23625	1521	35.14208984375
2026-09-13T07:24:28+00:00	torvalds__linux	L	pipeline	7584	4742	48	78.5	23663	1520	35.14208984375
2026-09-13T07:24:43+00:00	shardprobe__redis	L	pipeline	1658	984	13	79.4	23533	1521	34.9677734375
2026-09-13T07:24:43+00:00	torvalds__linux	L	pipeline	7599	4476	26	79.7	23579	1521	34.9677734375
2026-09-13T07:24:58+00:00	shardprobe__redis	L	pipeline	1673	1050	20	96.7	23719	1521	34.52490234375
2026-09-13T07:24:58+00:00	torvalds__linux	L	pipeline	7614	4552	37	96.6	23734	1521	34.52490234375
2026-09-13T07:25:13+00:00	shardprobe__redis	L	pipeline	1688	1115	25	94.2	23461	1521	34.740234375
2026-09-13T07:25:13+00:00	torvalds__linux	L	pipeline	7629	4714	50	94.3	23427	1521	34.740234375
2026-09-13T07:25:28+00:00	shardprobe__redis	L	pipeline	1703	1010	16	97.1	23452	1521	35.275390625
2026-09-13T07:25:28+00:00	torvalds__linux	L	pipeline	7644	4861	66	97.1	23483	1521	35.275390625
2026-09-13T07:25:43+00:00	shardprobe__redis	L	pipeline	1718	1003	18	97.0	23467	1521	35.56005859375
2026-09-13T07:25:43+00:00	torvalds__linux	L	pipeline	7660	4658	44	97.1	23473	1521	35.56005859375
2026-09-13T07:25:58+00:00	shardprobe__redis	L	pipeline	1733	997	14	97.2	23462	1520	38.3447265625
2026-09-13T07:25:58+00:00	torvalds__linux	L	pipeline	7675	4506	30	97.2	23383	1520	38.3447265625
2026-09-13T07:26:13+00:00	shardprobe__redis	L	pipeline	1748	1054	21	96.9	23451	1520	37.91064453125
2026-09-13T07:26:13+00:00	torvalds__linux	L	pipeline	7690	4857	63	96.9	23480	1520	37.91064453125
2026-09-13T07:26:28+00:00	shardprobe__redis	L	pipeline	1763	1021	18	95.6	23439	1520	38.52001953125
2026-09-13T07:26:29+00:00	torvalds__linux	L	pipeline	7705	4643	46	95.6	23447	1520	38.52001953125
2026-09-13T07:26:43+00:00	shardprobe__redis	L	pipeline	1778	1051	20	96.2	23476	1520	39.12744140625
2026-09-13T07:26:44+00:00	torvalds__linux	L	pipeline	7720	4650	46	96.1	23495	1520	39.12744140625
2026-09-13T07:26:58+00:00	shardprobe__redis	L	pipeline	1794	604	17	96.2	23053	1520	38.38671875
2026-09-13T07:26:59+00:00	torvalds__linux	L	pipeline	7735	4841	62	96.2	23094	1520	38.38671875
2026-09-13T07:27:13+00:00	shardprobe__redis	L	pipeline	1809	598	17	95.6	23044	1520	35.6357421875
2026-09-13T07:27:14+00:00	torvalds__linux	L	pipeline	7750	4581	39	95.6	23054	1520	35.6357421875
2026-09-13T07:27:28+00:00	shardprobe__redis	L	pipeline	1824	556	13	64.1	23019	1520	32.3173828125
2026-09-13T07:27:29+00:00	torvalds__linux	L	pipeline	7765	4615	39	64.2	23077	1520	32.3173828125
2026-09-13T07:27:43+00:00	shardprobe__redis	L	pipeline	1839	532	12	96.2	23165	1520	32.947265625
2026-09-13T07:27:44+00:00	torvalds__linux	L	pipeline	7780	4793	57	96.1	23182	1520	32.947265625
2026-09-13T07:27:58+00:00	shardprobe__redis	L	pipeline	1854	551	12	96.1	23251	1520	34.0986328125
2026-09-13T07:27:59+00:00	torvalds__linux	L	pipeline	7795	4792	56	96.1	23166	1520	34.0986328125
2026-09-13T07:28:13+00:00	shardprobe__redis	L	pipeline	1869	540	11	95.8	23214	1520	35.98388671875
2026-09-13T07:28:14+00:00	torvalds__linux	L	pipeline	7810	4699	33	95.6	23215	1520	35.98388671875
2026-09-13T07:28:29+00:00	shardprobe__redis	L	pipeline	1884	531	10	95.3	22915	1519	34.69482421875
2026-09-13T07:28:29+00:00	torvalds__linux	L	pipeline	7825	4837	57	95.5	23087	1518	34.69482421875
2026-09-13T07:28:44+00:00	shardprobe__redis	L	pipeline	1899	542	12	73.4	22924	1519	30.88720703125
2026-09-13T07:28:44+00:00	torvalds__linux	L	pipeline	7840	4607	42	73.4	22948	1519	30.88720703125
2026-09-13T07:28:59+00:00	shardprobe__redis	L	pipeline	1914	608	17	96.2	23032	1519	32.197265625
2026-09-13T07:28:59+00:00	torvalds__linux	L	pipeline	7855	4571	34	96.1	22973	1519	32.197265625
2026-09-13T07:29:14+00:00	shardprobe__redis	L	pipeline	1929	532	11	95.5	23094	1519	32.21240234375
2026-09-13T07:29:14+00:00	torvalds__linux	L	pipeline	7870	4645	47	95.5	23113	1519	32.21240234375
2026-09-13T07:29:29+00:00	shardprobe__redis	L	pipeline	1944	538	11	93.9	23044	1519	30.2880859375
2026-09-13T07:29:29+00:00	torvalds__linux	L	pipeline	7885	4562	38	93.9	22989	1519	30.2880859375
2026-09-13T07:29:44+00:00	shardprobe__redis	L	pipeline	1959	549	11	95.3	23026	1519	30.265625
2026-09-13T07:29:44+00:00	torvalds__linux	L	pipeline	7900	4641	42	95.3	23035	1519	30.265625
2026-09-13T07:29:59+00:00	shardprobe__redis	L	pipeline	1974	486	6	53.6	22996	1519	26.33251953125
2026-09-13T07:29:59+00:00	torvalds__linux	L	pipeline	7916	4635	41	53.6	23022	1519	26.33251953125
2026-09-13T07:30:14+00:00	shardprobe__redis	L	pipeline	1989	554	11	90.5	23085	1519	26.54150390625
2026-09-13T07:30:14+00:00	torvalds__linux	L	pipeline	7931	4543	34	90.5	23006	1519	26.54150390625
2026-09-13T07:30:29+00:00	shardprobe__redis	L	pipeline	2004	542	11	93.5	22980	1518	26.4267578125
2026-09-13T07:30:30+00:00	torvalds__linux	L	pipeline	7946	4800	58	93.5	23042	1518	26.4267578125
2026-09-13T07:30:44+00:00	shardprobe__redis	L	pipeline	2019	550	11	91.9	23093	1518	27.828125
2026-09-13T07:30:45+00:00	torvalds__linux	L	pipeline	7961	4735	55	91.9	23067	1518	27.828125
2026-09-13T07:30:59+00:00	shardprobe__redis	L	pipeline	2034	603	17	96.5	23264	1518	30.04443359375
2026-09-13T07:31:00+00:00	torvalds__linux	L	pipeline	7976	5044	84	95.5	23312	1518	30.04443359375
2026-09-13T07:31:14+00:00	shardprobe__redis	L	pipeline	2049	506	8	69.2	22958	1518	27.89990234375
2026-09-13T07:31:15+00:00	torvalds__linux	L	pipeline	7991	4669	48	69.2	22852	1518	27.89990234375
2026-09-13T07:31:29+00:00	shardprobe__redis	L	pipeline	2065	537	11	75.1	22827	1518	25.8505859375
2026-09-13T07:31:30+00:00	torvalds__linux	L	pipeline	8006	4469	27	76.2	22737	1518	25.8505859375
2026-09-13T07:31:44+00:00	shardprobe__redis	L	pipeline	2080	536	11	96.6	22867	1518	28.1806640625
2026-09-13T07:31:45+00:00	torvalds__linux	L	pipeline	8021	4756	55	96.6	22799	1518	28.1806640625
2026-09-13T07:31:59+00:00	shardprobe__redis	L	pipeline	2095	508	9	96.3	22783	1518	29.66748046875
2026-09-13T07:32:00+00:00	torvalds__linux	L	pipeline	8036	4620	38	96.3	22848	1518	29.66748046875
2026-09-13T07:32:14+00:00	shardprobe__redis	L	pipeline	2110	571	14	96.4	22898	1518	31.564453125
2026-09-13T07:32:15+00:00	torvalds__linux	L	pipeline	8051	4608	40	96.3	22835	1518	31.564453125
2026-09-13T07:32:29+00:00	shardprobe__redis	L	pipeline	2125	628	17	96.4	22908	1518	32.0498046875
2026-09-13T07:32:30+00:00	torvalds__linux	L	pipeline	8066	4800	59	96.4	22892	1518	32.0498046875
2026-09-13T07:32:44+00:00	shardprobe__redis	L	pipeline	2140	489	6	96.5	22884	1517	32.16259765625
2026-09-13T07:32:45+00:00	torvalds__linux	L	pipeline	8081	4874	63	96.5	22957	1517	32.16259765625
2026-09-13T07:32:59+00:00	shardprobe__redis	L	pipeline	2155	625	17	96.4	23183	1517	31.9736328125
2026-09-13T07:33:00+00:00	torvalds__linux	L	pipeline	8096	5054	75	96.4	22933	1517	31.9736328125
2026-09-13T07:33:15+00:00	shardprobe__redis	L	pipeline	2170	551	11	96.6	22867	1517	32.38525390625
2026-09-13T07:33:15+00:00	torvalds__linux	L	pipeline	8111	4701	52	96.6	22844	1517	32.38525390625
2026-09-13T07:33:30+00:00	shardprobe__redis	L	pipeline	2185	543	11	96.1	22892	1517	32.8857421875
2026-09-13T07:33:30+00:00	torvalds__linux	L	pipeline	8126	4590	39	96.1	22940	1517	32.8857421875
2026-09-13T07:33:45+00:00	shardprobe__redis	L	pipeline	2200	563	14	96.1	22867	1517	33.79296875
2026-09-13T07:33:45+00:00	torvalds__linux	L	pipeline	8141	4583	37	96.1	22876	1517	33.79296875
2026-09-13T07:34:00+00:00	shardprobe__redis	L	pipeline	2215	507	8	95.3	22936	1517	34.57958984375
2026-09-13T07:34:00+00:00	torvalds__linux	L	pipeline	8156	4289	5	95.1	22805	1517	34.57958984375
2026-09-13T07:34:15+00:00	shardprobe__redis	L	pipeline	2230	559	12	95.3	22932	1517	36.03515625
2026-09-13T07:34:15+00:00	torvalds__linux	L	pipeline	8172	4603	38	95.5	22921	1517	36.03515625
2026-09-13T07:34:30+00:00	shardprobe__redis	L	pipeline	2245	506	8	96.1	22943	1517	35.91455078125
2026-09-13T07:34:30+00:00	torvalds__linux	L	pipeline	8187	4514	32	96.0	22955	1517	35.91455078125
2026-09-13T07:34:45+00:00	shardprobe__redis	L	pipeline	2260	542	11	96.1	23006	1517	35.24365234375
2026-09-13T07:34:45+00:00	torvalds__linux	L	pipeline	8202	4639	41	96.1	22962	1517	35.24365234375
2026-09-13T07:35:00+00:00	shardprobe__redis	L	pipeline	2275	549	11	95.8	23015	1516	35.50390625
2026-09-13T07:35:01+00:00	torvalds__linux	L	pipeline	8217	4528	33	95.9	22937	1516	35.50390625
2026-09-13T07:35:15+00:00	shardprobe__redis	L	pipeline	2290	497	7	96.0	22916	1516	36.513671875
2026-09-13T07:35:16+00:00	torvalds__linux	L	pipeline	8232	4751	56	96.0	22977	1516	36.513671875
2026-09-13T07:35:30+00:00	shardprobe__redis	L	pipeline	2306	547	11	96.0	23130	1516	36.97265625
2026-09-13T07:35:31+00:00	torvalds__linux	L	pipeline	8247	4692	50	96.0	23153	1516	36.97265625
2026-09-13T07:35:45+00:00	shardprobe__redis	L	pipeline	2321	32	5	95.7	22604	1516	38.6923828125
2026-09-13T07:35:46+00:00	torvalds__linux	L	pipeline	8262	4617	42	95.7	22538	1516	38.6923828125
2026-09-13T07:36:00+00:00	shardprobe__redis	L	pipeline	2336	31	5	53.9	22772	1516	35.36279296875
2026-09-13T07:36:01+00:00	torvalds__linux	L	pipeline	8277	4466	21	51.8	22767	1516	35.36279296875
2026-09-13T07:36:15+00:00	shardprobe__redis	L	pipeline	2351	47	7	62.4	22709	1516	31.7158203125
2026-09-13T07:36:16+00:00	torvalds__linux	L	pipeline	8292	4727	53	64.5	22750	1516	31.7158203125
2026-09-13T07:36:30+00:00	shardprobe__redis	L	pipeline	2366	91	7	94.2	22875	1515	32.15234375
2026-09-13T07:36:31+00:00	torvalds__linux	L	pipeline	8307	4743	53	94.2	22888	1515	32.15234375
2026-09-13T07:36:45+00:00	shardprobe__redis	L	pipeline	2381	293	7	95.2	23073	1516	33.13916015625
2026-09-13T07:36:46+00:00	torvalds__linux	L	pipeline	8322	4835	63	95.2	22992	1516	33.13916015625
2026-09-13T07:37:00+00:00	shardprobe__redis	L	pipeline	2396	333	7	95.0	23049	1516	33.85302734375
2026-09-13T07:37:01+00:00	torvalds__linux	L	pipeline	8337	4895	67	95.0	23085	1516	33.85302734375
2026-09-13T07:37:16+00:00	shardprobe__redis	L	pipeline	2411	443	5	95.3	23078	1516	33.8427734375
2026-09-13T07:37:16+00:00	torvalds__linux	L	pipeline	8352	4643	44	95.4	23097	1516	33.8427734375
2026-09-13T07:37:31+00:00	shardprobe__redis	L	pipeline	2426	4234	5	99.2	26583	1516	35.1015625
2026-09-13T07:37:31+00:00	torvalds__linux	L	pipeline	8367	5031	79	99.2	26650	1516	35.1015625
2026-09-13T07:37:46+00:00	shardprobe__redis	L	pipeline	2441	5220	5	98.8	27617	1516	36.06103515625
2026-09-13T07:37:46+00:00	torvalds__linux	L	pipeline	8382	4754	56	98.7	27627	1516	36.06103515625
2026-09-13T07:38:01+00:00	shardprobe__redis	L	pipeline	2456	483	3	93.8	22752	1515	34.36767578125
2026-09-13T07:38:01+00:00	torvalds__linux	L	pipeline	8397	4725	54	93.8	22833	1515	34.36767578125
2026-09-13T07:38:16+00:00	shardprobe__redis	L	pipeline	2471	19	4	93.2	22429	1515	32.47021484375
2026-09-13T07:38:16+00:00	torvalds__linux	L	pipeline	8412	4713	52	93.2	22372	1515	32.47021484375
2026-09-13T07:38:31+00:00	shardprobe__redis	L	pipeline	2486	34	5	70.5	22410	1515	31.22509765625
2026-09-13T07:38:31+00:00	torvalds__linux	L	pipeline	8427	4416	15	70.0	22370	1515	31.22509765625
2026-09-13T07:38:46+00:00	shardprobe__redis	L	pipeline	2501	28	5	94.3	22399	1515	31.1865234375
2026-09-13T07:38:46+00:00	torvalds__linux	L	pipeline	8442	4507	32	94.6	22334	1515	31.1865234375
2026-09-13T07:39:01+00:00	shardprobe__redis	L	pipeline	2516	33	6	58.8	22357	1515	29.875
2026-09-13T07:39:01+00:00	torvalds__linux	L	pipeline	8458	4699	51	59.1	22360	1515	29.875
2026-09-13T07:39:16+00:00	shardprobe__redis	L	pipeline	2531	29	5	66.2	22392	1515	28.10888671875
2026-09-13T07:39:16+00:00	torvalds__linux	L	pipeline	8473	4332	9	64.5	22418	1515	28.10888671875
2026-09-13T07:39:31+00:00	shardprobe__redis	L	pipeline	2546	105	6	86.9	22503	1515	31.1943359375
2026-09-13T07:39:31+00:00	torvalds__linux	L	pipeline	8488	4569	35	88.5	22477	1515	31.1943359375
2026-09-13T07:39:46+00:00	torvalds__linux	L	pipeline	8503	4679	47	95.6	22391	1515	30.68603515625
2026-09-13T07:40:02+00:00	torvalds__linux	L	pipeline	8518	4711	48	90.8	22421	1514	30.212890625
2026-09-13T07:40:17+00:00	torvalds__linux	L	pipeline	8533	5001	70	89.7	22554	1514	28.53076171875
2026-09-13T07:40:32+00:00	torvalds__linux	L	pipeline	8548	4780	58	92.9	22454	1514	25.03125
2026-09-13T07:40:47+00:00	torvalds__linux	L	pipeline	8563	4357	14	92.5	22410	1514	26.0078125
2026-09-13T07:41:02+00:00	torvalds__linux	L	pipeline	8578	4581	37	91.2	22384	1514	26.2021484375
2026-09-13T07:41:17+00:00	torvalds__linux	L	pipeline	8593	4436	15	90.4	22402	1514	26.0693359375
2026-09-13T07:41:32+00:00	torvalds__linux	L	pipeline	8608	4791	56	93.8	22467	1514	28.2333984375
2026-09-13T07:41:47+00:00	torvalds__linux	L	pipeline	8623	4478	28	94.5	22523	1514	29.12841796875
2026-09-13T07:42:02+00:00	torvalds__linux	L	pipeline	8638	4626	41	55.4	22466	1514	24.18408203125
2026-09-13T07:42:17+00:00	torvalds__linux	L	pipeline	8653	4506	30	95.2	22707	1514	25.88037109375
2026-09-13T07:42:32+00:00	torvalds__linux	L	pipeline	8668	4749	50	93.7	23345	1513	26.3125
2026-09-13T07:42:47+00:00	torvalds__linux	L	pipeline	8683	4722	49	94.0	23655	1513	25.9833984375
2026-09-13T07:43:02+00:00	torvalds__linux	L	pipeline	8698	4958	70	92.6	23984	1513	27.759765625
2026-09-13T07:43:17+00:00	torvalds__linux	L	pipeline	8713	4755	57	94.4	23792	1513	29.75244140625
2026-09-13T07:43:32+00:00	torvalds__linux	L	pipeline	8728	4938	73	93.3	24293	1513	31.3427734375
2026-09-13T07:43:47+00:00	torvalds__linux	L	pipeline	8744	4572	36	74.8	24292	1513	29.68505859375
2026-09-13T07:44:02+00:00	torvalds__linux	L	pipeline	8759	4641	44	95.2	24134	1513	30.03662109375
2026-09-13T07:44:17+00:00	torvalds__linux	L	pipeline	8774	4679	47	94.5	24156	1513	29.86767578125
2026-09-13T07:44:33+00:00	torvalds__linux	L	pipeline	8789	4499	28	93.4	24120	1513	32.3525390625
2026-09-13T07:44:48+00:00	torvalds__linux	L	pipeline	8804	5034	78	94.8	24117	1513	32.578125
2026-09-13T07:45:03+00:00	torvalds__linux	L	pipeline	8819	4528	32	59.9	24188	1513	27.9853515625
2026-09-13T07:45:18+00:00	torvalds__linux	L	pipeline	8834	4799	56	95.4	24149	1513	29.73681640625
2026-09-13T07:45:33+00:00	torvalds__linux	L	pipeline	8849	4532	27	44.5	24225	1512	28.82861328125
2026-09-13T07:45:48+00:00	torvalds__linux	L	pipeline	8864	4525	32	77.4	23972	1512	27.30126953125
2026-09-13T07:46:03+00:00	torvalds__linux	L	pipeline	8879	4709	51	93.7	23978	1512	29.17919921875
2026-09-13T07:46:18+00:00	torvalds__linux	L	pipeline	8894	4359	12	93.7	23917	1512	28.37841796875
2026-09-13T07:46:33+00:00	torvalds__linux	L	pipeline	8909	4482	30	88.6	24004	1512	29.54443359375
2026-09-13T07:46:48+00:00	torvalds__linux	L	pipeline	8924	5041	74	93.3	24193	1512	29.8759765625
2026-09-13T07:47:03+00:00	torvalds__linux	L	pipeline	8939	4796	49	93.2	24198	1512	29.8349609375
2026-09-13T07:47:18+00:00	torvalds__linux	L	pipeline	8954	4639	44	94.2	24177	1512	30.85791015625
2026-09-13T07:47:33+00:00	torvalds__linux	L	pipeline	8969	4663	45	95.2	24189	1512	30.7978515625
2026-09-13T07:47:48+00:00	torvalds__linux	L	pipeline	8984	4513	32	95.1	24120	1511	29.2294921875
2026-09-13T07:48:03+00:00	torvalds__linux	L	pipeline	8999	4765	57	95.3	24203	1511	29.49072265625
2026-09-13T07:48:18+00:00	torvalds__linux	L	pipeline	9014	4560	36	95.3	24241	1511	30.07666015625
2026-09-13T07:48:33+00:00	torvalds__linux	L	pipeline	9030	4683	48	93.9	24250	1511	30.26904296875
2026-09-13T07:48:48+00:00	torvalds__linux	L	pipeline	9045	4738	53	95.2	24238	1511	30.94775390625
2026-09-13T07:49:03+00:00	torvalds__linux	L	pipeline	9060	4501	31	95.2	23977	1511	30.15869140625
2026-09-13T07:49:18+00:00	torvalds__linux	L	pipeline	9075	4674	47	93.9	23961	1511	29.34228515625
2026-09-13T07:49:34+00:00	torvalds__linux	L	pipeline	9090	4783	57	93.3	23991	1511	30.09130859375
2026-09-13T07:49:49+00:00	torvalds__linux	L	pipeline	9105	4632	42	94.5	23796	1511	29.71923828125
2026-09-13T07:50:04+00:00	torvalds__linux	L	pipeline	9120	4523	31	95.0	23933	1510	30.845703125
2026-09-13T07:50:19+00:00	torvalds__linux	L	pipeline	9135	4603	39	95.3	23849	1510	29.08056640625
2026-09-13T07:50:34+00:00	torvalds__linux	L	pipeline	9150	4715	48	93.8	23753	1510	31.50439453125
2026-09-13T07:50:49+00:00	torvalds__linux	L	pipeline	9165	4804	60	94.7	23766	1510	31.1787109375
2026-09-13T07:51:04+00:00	torvalds__linux	L	pipeline	9180	4611	41	93.9	23579	1510	30.51708984375
2026-09-13T07:51:19+00:00	torvalds__linux	L	pipeline	9195	4691	47	95.4	23670	1510	30.88427734375
2026-09-13T07:51:34+00:00	torvalds__linux	L	pipeline	9210	4391	17	94.1	23432	1510	30.287109375
2026-09-13T07:51:49+00:00	torvalds__linux	L	pipeline	9225	4516	30	94.5	23252	1510	31.2060546875
2026-09-13T07:52:04+00:00	torvalds__linux	L	pipeline	9240	4534	27	48.9	23327	1509	26.81103515625
2026-09-13T07:52:19+00:00	torvalds__linux	L	pipeline	9255	4356	13	39.9	22990	1510	21.3759765625
2026-09-13T07:52:34+00:00	torvalds__linux	L	pipeline	9270	4593	39	94.7	22986	1510	24.4853515625
2026-09-13T07:52:49+00:00	torvalds__linux	L	pipeline	9285	4272	3	53.2	23015	1510	21.740234375
2026-09-13T07:53:04+00:00	torvalds__linux	L	pipeline	9300	4281	4	91.3	22769	1509	22.548828125
2026-09-13T07:53:19+00:00	torvalds__linux	L	pipeline	9315	4849	62	91.3	22917	1509	22.00341796875
2026-09-13T07:53:34+00:00	torvalds__linux	L	pipeline	9331	4534	32	93.0	22803	1509	26.9609375
2026-09-13T07:53:49+00:00	torvalds__linux	L	pipeline	9346	4751	53	95.0	22945	1509	28.3076171875
2026-09-13T07:54:04+00:00	torvalds__linux	L	pipeline	9361	4705	46	94.7	22977	1509	27.6416015625
2026-09-13T07:54:20+00:00	torvalds__linux	L	pipeline	9376	4646	44	95.1	23043	1509	29.02490234375
2026-09-13T07:54:35+00:00	torvalds__linux	L	pipeline	9391	4845	58	95.3	23073	1509	29.06689453125
2026-09-13T07:54:50+00:00	torvalds__linux	L	pipeline	9406	4784	57	85.9	22961	1509	29.33544921875
2026-09-13T07:55:05+00:00	torvalds__linux	L	pipeline	9421	5002	74	95.8	23042	1509	30.53564453125
2026-09-13T07:55:20+00:00	torvalds__linux	L	pipeline	9436	4845	60	89.6	22977	1508	28.65478515625
2026-09-13T07:55:35+00:00	torvalds__linux	L	pipeline	9451	4829	61	95.1	22995	1508	28.8056640625
2026-09-13T07:55:50+00:00	torvalds__linux	L	pipeline	9466	4701	49	93.8	22981	1508	29.55615234375
2026-09-13T07:56:05+00:00	torvalds__linux	L	pipeline	9481	4714	51	95.1	23004	1508	31.14892578125
2026-09-13T07:56:20+00:00	torvalds__linux	L	pipeline	9496	4547	33	92.4	22931	1508	30.7548828125
2026-09-13T07:56:35+00:00	torvalds__linux	L	pipeline	9511	4503	29	95.4	22941	1508	30.8896484375
2026-09-13T07:56:50+00:00	torvalds__linux	L	pipeline	9526	4570	31	95.5	22849	1508	31.919921875
2026-09-13T07:57:05+00:00	torvalds__linux	L	pipeline	9541	4734	53	93.8	23004	1508	31.544921875
2026-09-13T07:57:20+00:00	torvalds__linux	L	pipeline	9556	4593	41	94.9	22847	1508	31.1279296875
2026-09-13T07:57:35+00:00	torvalds__linux	L	pipeline	9571	4463	24	93.5	22869	1508	31.56640625
2026-09-13T07:57:50+00:00	torvalds__linux	L	pipeline	9586	4396	18	95.3	22915	1507	33.3818359375
2026-09-13T07:58:05+00:00	torvalds__linux	L	pipeline	9602	4706	47	95.4	22870	1507	33.07763671875
2026-09-13T07:58:20+00:00	torvalds__linux	L	pipeline	9617	4531	34	95.5	22849	1507	33.5283203125
2026-09-13T07:58:35+00:00	torvalds__linux	L	pipeline	9632	4598	42	95.6	22825	1507	34.71923828125
2026-09-13T07:58:51+00:00	torvalds__linux	L	pipeline	9647	4663	45	95.4	22784	1507	33.259765625
2026-09-13T07:59:06+00:00	torvalds__linux	L	pipeline	9662	4337	9	54.9	22650	1507	28.0166015625
2026-09-13T07:59:21+00:00	torvalds__linux	L	pipeline	9677	4694	48	93.3	22692	1507	28.099609375
2026-09-13T07:59:36+00:00	torvalds__linux	L	pipeline	9692	4550	34	56.5	22770	1507	23.29736328125
2026-09-13T07:59:51+00:00	torvalds__linux	L	pipeline	9707	4751	50	95.5	22710	1506	24.40869140625
2026-09-13T08:00:06+00:00	torvalds__linux	L	pipeline	9722	4442	23	59.6	22714	1507	23.2900390625
2026-09-13T08:00:21+00:00	torvalds__linux	L	pipeline	9737	4337	9	61.5	22731	1506	21.2099609375
2026-09-13T08:00:36+00:00	torvalds__linux	L	pipeline	9752	4507	29	77.9	22666	1507	21.4892578125
2026-09-13T08:00:51+00:00	torvalds__linux	L	pipeline	9767	4648	45	91.8	22630	1506	23.1044921875
2026-09-13T08:01:06+00:00	torvalds__linux	L	pipeline	9782	4537	30	89.7	22700	1506	24.208984375
2026-09-13T08:01:21+00:00	torvalds__linux	L	pipeline	9797	4641	42	95.1	22718	1506	26.298828125
2026-09-13T08:01:36+00:00	torvalds__linux	L	pipeline	9812	4535	30	94.7	22741	1506	25.591796875
2026-09-13T08:01:51+00:00	torvalds__linux	L	pipeline	9827	4674	48	92.5	22721	1506	27.037109375
2026-09-13T08:02:06+00:00	torvalds__linux	L	pipeline	9842	4713	48	94.9	22828	1506	26.560546875
2026-09-13T08:02:21+00:00	torvalds__linux	L	pipeline	9857	4578	36	95.4	22886	1506	29.02099609375
2026-09-13T08:02:36+00:00	torvalds__linux	L	pipeline	9872	4531	36	94.2	22824	1506	29.31787109375
2026-09-13T08:02:51+00:00	torvalds__linux	L	pipeline	9888	4455	24	95.0	22897	1506	29.19775390625
2026-09-13T08:03:06+00:00	torvalds__linux	L	pipeline	9903	4548	34	91.3	22842	1505	32.173828125
2026-09-13T08:03:21+00:00	torvalds__linux	L	pipeline	9918	4720	52	93.4	22911	1505	32.94921875
2026-09-13T08:03:37+00:00	torvalds__linux	L	pipeline	9933	4877	66	94.5	22848	1505	32.091796875
2026-09-13T08:03:52+00:00	torvalds__linux	L	pipeline	9948	4604	41	95.0	22835	1505	31.0302734375
2026-09-13T08:04:07+00:00	torvalds__linux	L	pipeline	9963	4808	60	95.1	22841	1505	30.54345703125
2026-09-13T08:04:22+00:00	torvalds__linux	L	pipeline	9978	4626	40	95.5	22826	1505	32.171875
2026-09-13T08:04:37+00:00	torvalds__linux	L	pipeline	9993	4675	44	95.5	22861	1505	31.10009765625
2026-09-13T08:04:52+00:00	torvalds__linux	L	pipeline	10008	4759	57	91.1	22923	1505	29.359375
2026-09-13T08:05:07+00:00	torvalds__linux	L	pipeline	10023	4762	55	94.7	22873	1505	29.2109375
2026-09-13T08:05:22+00:00	torvalds__linux	L	pipeline	10038	5320	85	93.5	23088	1505	28.4130859375
2026-09-13T08:05:37+00:00	torvalds__linux	L	pipeline	10053	4271	3	89.6	22827	1504	30.56884765625
2026-09-13T08:05:52+00:00	torvalds__linux	L	pipeline	10068	4480	26	91.6	22901	1504	28.02294921875
2026-09-13T08:06:07+00:00	torvalds__linux	L	pipeline	10083	4661	43	85.0	22908	1504	29.34814453125
2026-09-13T08:06:22+00:00	torvalds__linux	L	pipeline	10098	5006	75	95.8	22950	1504	29.986328125
2026-09-13T08:06:37+00:00	torvalds__linux	L	pipeline	10113	4826	62	94.3	22884	1504	30.30859375
2026-09-13T08:06:52+00:00	torvalds__linux	L	pipeline	10128	4704	46	91.7	22775	1504	30.27734375
2026-09-13T08:07:07+00:00	torvalds__linux	L	pipeline	10143	4512	30	93.7	22885	1504	30.1982421875
2026-09-13T08:07:22+00:00	torvalds__linux	L	pipeline	10158	4760	59	50.5	22866	1504	27.2724609375
2026-09-13T08:07:37+00:00	torvalds__linux	L	pipeline	10174	4337	9	69.5	22731	1504	26.1201171875
2026-09-13T08:07:52+00:00	torvalds__linux	L	pipeline	10189	4748	58	70.7	22861	1504	24.908203125
2026-09-13T08:08:07+00:00	torvalds__linux	L	pipeline	10204	4873	68	95.3	22870	1504	25.80322265625
2026-09-13T08:08:22+00:00	torvalds__linux	L	pipeline	10219	4701	48	91.1	22862	1503	27.19384765625
2026-09-13T08:08:38+00:00	torvalds__linux	L	pipeline	10234	4586	39	95.2	22930	1503	29.1591796875
2026-09-13T08:08:53+00:00	torvalds__linux	L	pipeline	10249	4855	61	93.3	22903	1503	28.23046875
2026-09-13T08:09:08+00:00	torvalds__linux	L	pipeline	10264	4467	25	91.3	22778	1503	31.1162109375
2026-09-13T08:09:23+00:00	torvalds__linux	L	pipeline	10279	5094	71	93.8	23031	1503	31.26953125
2026-09-13T08:09:38+00:00	torvalds__linux	L	pipeline	10294	4805	60	83.7	22946	1503	31.8740234375
2026-09-13T08:09:53+00:00	torvalds__linux	L	pipeline	10309	4587	35	93.5	22960	1503	34.23779296875
2026-09-13T08:10:08+00:00	torvalds__linux	L	pipeline	10324	4795	59	94.8	22915	1503	34.5126953125
2026-09-13T08:10:23+00:00	torvalds__linux	L	pipeline	10339	4587	39	93.5	22950	1503	33.11181640625
2026-09-13T08:10:38+00:00	torvalds__linux	L	pipeline	10354	4903	72	94.8	22972	1502	31.9912109375
2026-09-13T08:10:53+00:00	torvalds__linux	L	pipeline	10369	4705	53	89.0	22821	1502	32.5126953125
2026-09-13T08:11:08+00:00	torvalds__linux	L	pipeline	10384	4628	42	91.9	22920	1502	32.0400390625
2026-09-13T08:11:23+00:00	torvalds__linux	L	pipeline	10399	4620	38	89.9	22874	1502	33.44091796875
2026-09-13T08:11:38+00:00	torvalds__linux	L	pipeline	10414	4920	66	57.1	22944	1502	29.51904296875
2026-09-13T08:11:53+00:00	torvalds__linux	L	pipeline	10429	4946	66	86.3	23182	1502	30.8291015625
2026-09-13T08:12:08+00:00	torvalds__linux	L	pipeline	10444	4932	68	88.2	23064	1502	29.98779296875
2026-09-13T08:12:23+00:00	torvalds__linux	L	pipeline	10460	4908	60	88.4	23035	1502	30.396484375
2026-09-13T08:12:38+00:00	torvalds__linux	L	pipeline	10475	4659	47	87.2	22983	1502	28.1201171875
2026-09-13T08:12:53+00:00	torvalds__linux	L	pipeline	10490	4749	53	95.3	22977	1502	28.00537109375
2026-09-13T08:13:09+00:00	torvalds__linux	L	pipeline	10505	4453	23	95.3	22752	1501	28.91357421875
2026-09-13T08:13:24+00:00	torvalds__linux	L	pipeline	10520	4491	29	92.4	22959	1501	29.48046875
2026-09-13T08:13:39+00:00	torvalds__linux	L	pipeline	10535	4532	30	90.4	22987	1501	29.25
2026-09-13T08:13:54+00:00	torvalds__linux	L	pipeline	10550	4571	37	59.0	22762	1501	25.81884765625
2026-09-13T08:14:09+00:00	torvalds__linux	L	pipeline	10565	4343	9	56.3	22819	1501	22.59423828125
2026-09-13T08:14:24+00:00	torvalds__linux	L	pipeline	10580	4686	48	89.6	23011	1501	23.890625
2026-09-13T08:14:39+00:00	torvalds__linux	L	pipeline	10595	4755	56	95.9	22861	1501	25.8857421875
2026-09-13T08:14:54+00:00	torvalds__linux	L	pipeline	10610	4723	50	95.5	22970	1501	27.32763671875
2026-09-13T08:15:09+00:00	torvalds__linux	L	pipeline	10625	4526	34	90.7	22781	1501	27.9140625
2026-09-13T08:15:24+00:00	torvalds__linux	L	pipeline	10640	4888	67	93.0	22955	1501	29.69482421875
2026-09-13T08:15:39+00:00	torvalds__linux	L	pipeline	10655	5021	79	94.3	22940	1501	28.46923828125
2026-09-13T08:15:54+00:00	torvalds__linux	L	pipeline	10670	4341	9	76.4	22752	1500	27.3583984375
2026-09-13T08:16:09+00:00	torvalds__linux	L	pipeline	10685	4864	50	72.6	23065	1500	25.59130859375
2026-09-13T08:16:24+00:00	torvalds__linux	L	pipeline	10700	4861	63	90.9	23005	1500	25.22509765625
2026-09-13T08:16:39+00:00	torvalds__linux	L	pipeline	10715	4680	48	95.5	22931	1500	26.291015625
2026-09-13T08:16:54+00:00	torvalds__linux	L	pipeline	10730	4342	9	90.6	22929	1500	27.60498046875
2026-09-13T08:17:09+00:00	torvalds__linux	L	pipeline	10746	4472	27	71.6	22847	1500	26.373046875
2026-09-13T08:17:24+00:00	torvalds__linux	L	pipeline	10761	4748	51	94.2	22947	1500	28.6318359375
2026-09-13T08:17:39+00:00	torvalds__linux	L	pipeline	10776	4852	62	87.5	23003	1500	27.69482421875
2026-09-13T08:17:55+00:00	torvalds__linux	L	pipeline	10791	4728	52	92.9	22920	1500	29.140625
2026-09-13T08:18:10+00:00	torvalds__linux	L	pipeline	10806	4724	50	83.5	22836	1500	26.0966796875
2026-09-13T08:18:25+00:00	torvalds__linux	L	pipeline	10821	4839	61	93.6	22856	1499	27.0478515625
2026-09-13T08:18:40+00:00	torvalds__linux	L	pipeline	10836	4702	45	95.3	22989	1499	26.9384765625
2026-09-13T08:18:55+00:00	torvalds__linux	L	pipeline	10851	4930	70	94.0	22990	1499	27.6787109375
2026-09-13T08:19:10+00:00	torvalds__linux	L	pipeline	10866	4712	49	92.2	22915	1499	27.99462890625
2026-09-13T08:19:25+00:00	torvalds__linux	L	pipeline	10881	4614	42	91.4	23008	1499	28.68603515625
2026-09-13T08:19:40+00:00	torvalds__linux	L	pipeline	10896	4725	52	94.0	22952	1499	29.5390625
2026-09-13T08:19:55+00:00	torvalds__linux	L	pipeline	10911	4539	31	94.2	22871	1499	30.88525390625
2026-09-13T08:20:10+00:00	torvalds__linux	L	pipeline	10926	4604	40	95.4	22882	1499	30.9658203125
2026-09-13T08:20:25+00:00	torvalds__linux	L	pipeline	10941	4656	45	95.0	22958	1499	30.8203125
2026-09-13T08:20:40+00:00	torvalds__linux	L	pipeline	10956	4616	39	94.8	22969	1498	30.9326171875
2026-09-13T08:20:55+00:00	torvalds__linux	L	pipeline	10971	4772	57	95.3	22996	1499	31.44140625
2026-09-13T08:21:10+00:00	torvalds__linux	L	pipeline	10986	4669	50	94.5	22941	1498	31.51953125
2026-09-13T08:21:25+00:00	torvalds__linux	L	pipeline	11002	4596	39	48.3	22941	1498	28.78759765625
2026-09-13T08:21:40+00:00	torvalds__linux	L	pipeline	11017	4608	39	94.4	23047	1498	28.81298828125
2026-09-13T08:21:55+00:00	torvalds__linux	L	pipeline	11032	4424	19	91.3	23005	1498	28.732421875
2026-09-13T08:22:10+00:00	torvalds__linux	L	pipeline	11047	4607	37	94.3	22837	1498	29.04833984375
2026-09-13T08:22:26+00:00	torvalds__linux	L	pipeline	11062	4634	39	92.8	23033	1498	29.96923828125
2026-09-13T08:22:41+00:00	torvalds__linux	L	pipeline	11077	4839	61	94.0	23032	1498	29.43994140625
2026-09-13T08:22:56+00:00	torvalds__linux	L	pipeline	11092	4731	50	93.8	22907	1498	30.51318359375
2026-09-13T08:23:11+00:00	torvalds__linux	L	pipeline	11107	4652	45	94.9	23019	1497	30.8251953125
2026-09-13T08:23:26+00:00	torvalds__linux	L	pipeline	11122	4794	57	92.6	23026	1497	32.2001953125
2026-09-13T08:23:41+00:00	torvalds__linux	L	pipeline	11137	4914	64	55.5	22959	1497	30.0693359375
2026-09-13T08:23:56+00:00	torvalds__linux	L	pipeline	11152	4808	62	95.4	23001	1497	30.86083984375
2026-09-13T08:24:11+00:00	torvalds__linux	L	pipeline	11167	4649	42	94.8	22959	1497	31.705078125
2026-09-13T08:24:26+00:00	torvalds__linux	L	pipeline	11182	4427	15	94.7	22911	1497	32.12744140625
2026-09-13T08:24:41+00:00	torvalds__linux	L	pipeline	11197	4795	58	90.5	23025	1497	30.46142578125
2026-09-13T08:24:56+00:00	torvalds__linux	L	pipeline	11212	4539	32	94.5	22934	1497	30.65576171875
2026-09-13T08:25:11+00:00	torvalds__linux	L	pipeline	11227	4869	65	95.6	23007	1497	30.03564453125
2026-09-13T08:25:26+00:00	torvalds__linux	L	pipeline	11242	4853	62	89.5	22991	1497	32.15185546875
2026-09-13T08:25:41+00:00	torvalds__linux	L	pipeline	11257	4342	9	65.9	22881	1497	29.0693359375
2026-09-13T08:25:56+00:00	torvalds__linux	L	pipeline	11272	4396	9	85.4	22940	1496	29.08203125
2026-09-13T08:26:11+00:00	torvalds__linux	L	pipeline	11287	4583	37	90.7	22932	1496	29.03955078125
2026-09-13T08:26:26+00:00	torvalds__linux	L	pipeline	11303	5019	75	90.9	23108	1496	29.77587890625
2026-09-13T08:26:41+00:00	torvalds__linux	L	pipeline	11318	4482	26	89.5	22975	1496	29.09912109375
2026-09-13T08:26:56+00:00	torvalds__linux	L	pipeline	11333	4761	53	95.2	22993	1496	29.93310546875
2026-09-13T08:27:12+00:00	torvalds__linux	L	pipeline	11348	4826	60	94.7	22997	1496	29.22119140625
2026-09-13T08:27:27+00:00	torvalds__linux	L	pipeline	11363	4421	19	91.8	22873	1496	29.24072265625
2026-09-13T08:27:42+00:00	torvalds__linux	L	pipeline	11378	4814	58	95.0	22956	1496	29.16845703125
2026-09-13T08:27:57+00:00	torvalds__linux	L	pipeline	11393	4514	31	90.9	23045	1496	29.84521484375
2026-09-13T08:28:12+00:00	torvalds__linux	L	pipeline	11408	4609	39	93.4	22959	1495	30.6728515625
2026-09-13T08:28:27+00:00	torvalds__linux	L	pipeline	11423	4578	35	94.1	23069	1495	30.44287109375
2026-09-13T08:28:42+00:00	torvalds__linux	L	pipeline	11438	4655	46	71.5	22873	1495	28.7177734375
2026-09-13T08:28:57+00:00	torvalds__linux	L	pipeline	11453	4642	42	91.5	22807	1495	29.44140625
2026-09-13T08:29:12+00:00	torvalds__linux	L	pipeline	11468	4511	30	91.3	22805	1495	31.0859375
2026-09-13T08:29:27+00:00	torvalds__linux	L	pipeline	11483	4329	9	93.7	22833	1495	32.421875
2026-09-13T08:29:42+00:00	torvalds__linux	L	pipeline	11498	4859	59	92.0	23002	1495	34.61376953125
2026-09-13T08:29:57+00:00	torvalds__linux	L	pipeline	11513	4475	21	68.4	23086	1494	31.78564453125
2026-09-13T08:30:12+00:00	torvalds__linux	L	pipeline	11528	4852	63	76.6	22886	1495	29.67626953125
2026-09-13T08:30:27+00:00	torvalds__linux	L	pipeline	11543	4485	27	95.1	22897	1495	29.1640625
2026-09-13T08:30:42+00:00	torvalds__linux	L	pipeline	11558	4636	46	95.2	22908	1495	29.0126953125
2026-09-13T08:30:57+00:00	torvalds__linux	L	pipeline	11574	4434	20	80.3	22799	1494	27.791015625
2026-09-13T08:31:12+00:00	torvalds__linux	L	pipeline	11589	4744	49	94.2	23062	1494	27.822265625
2026-09-13T08:31:27+00:00	torvalds__linux	L	pipeline	11604	4502	28	94.6	23083	1494	28.7294921875
2026-09-13T08:31:43+00:00	torvalds__linux	L	pipeline	11619	4343	9	75.7	22983	1494	29.2294921875
2026-09-13T08:31:58+00:00	torvalds__linux	L	pipeline	11634	4783	57	78.1	23030	1494	27.35546875
2026-09-13T08:32:13+00:00	torvalds__linux	L	pipeline	11649	4672	45	91.6	22991	1494	27.2314453125
2026-09-13T08:32:28+00:00	torvalds__linux	L	pipeline	11664	4637	41	90.4	22957	1494	28.1787109375
2026-09-13T08:32:43+00:00	torvalds__linux	L	pipeline	11679	4808	58	92.1	23021	1494	28.66845703125
2026-09-13T08:32:58+00:00	torvalds__linux	L	pipeline	11694	4842	64	89.3	22938	1494	30.23291015625
2026-09-13T08:33:13+00:00	torvalds__linux	L	pipeline	11709	4667	43	94.7	23098	1493	29.59033203125
2026-09-13T08:33:28+00:00	torvalds__linux	L	pipeline	11724	4516	28	90.2	22965	1493	29.1103515625
2026-09-13T08:33:43+00:00	torvalds__linux	L	pipeline	11739	4995	74	95.3	22998	1493	30.69921875
2026-09-13T08:33:58+00:00	torvalds__linux	L	pipeline	11754	4547	32	88.2	22964	1493	29.208984375
2026-09-13T08:34:13+00:00	torvalds__linux	L	pipeline	11769	4555	36	87.6	23027	1493	29.89501953125
2026-09-13T08:34:28+00:00	torvalds__linux	L	pipeline	11784	4344	9	75.2	22927	1493	30.2392578125
2026-09-13T08:34:43+00:00	torvalds__linux	L	pipeline	11799	4631	27	76.9	23100	1493	29.796875
2026-09-13T08:34:58+00:00	torvalds__linux	L	pipeline	11814	4616	39	90.6	22921	1493	31.82861328125
2026-09-13T08:35:13+00:00	torvalds__linux	L	pipeline	11829	4362	11	95.3	22955	1493	31.134765625
2026-09-13T08:35:28+00:00	torvalds__linux	L	pipeline	11844	4635	41	90.8	23009	1493	29.49755859375
2026-09-13T08:35:43+00:00	torvalds__linux	L	pipeline	11860	4504	27	95.5	23002	1492	30.267578125
2026-09-13T08:35:58+00:00	torvalds__linux	L	pipeline	11875	4560	33	94.6	22903	1492	29.5498046875
2026-09-13T08:36:13+00:00	torvalds__linux	L	pipeline	11890	4440	23	74.0	23150	1492	26.39599609375
2026-09-13T08:36:28+00:00	torvalds__linux	L	pipeline	11905	4680	46	92.4	22788	1492	27.75146484375
2026-09-13T08:36:44+00:00	torvalds__linux	L	pipeline	11920	4559	34	91.3	22798	1492	28.4404296875
2026-09-13T08:36:59+00:00	torvalds__linux	L	pipeline	11935	4753	53	93.3	22869	1492	29.0888671875
2026-09-13T08:37:14+00:00	torvalds__linux	L	pipeline	11950	4706	47	94.9	22851	1492	29.29150390625
2026-09-13T08:37:29+00:00	torvalds__linux	L	pipeline	11965	4527	32	88.4	22820	1492	26.7197265625
2026-09-13T08:37:44+00:00	torvalds__linux	L	pipeline	11980	4538	30	94.4	22856	1492	26.85595703125
2026-09-13T08:37:59+00:00	torvalds__linux	L	pipeline	11995	4501	27	91.1	22813	1491	27.1708984375
2026-09-13T08:38:14+00:00	torvalds__linux	L	pipeline	12010	4623	39	93.3	22846	1491	28.814453125
2026-09-13T08:38:29+00:00	torvalds__linux	L	pipeline	12025	4847	61	92.3	22883	1491	27.63720703125
2026-09-13T08:38:44+00:00	torvalds__linux	L	pipeline	12040	4544	32	91.7	22877	1491	28.205078125
2026-09-13T08:38:59+00:00	torvalds__linux	L	pipeline	12055	4637	40	87.3	22910	1491	29.29931640625
2026-09-13T08:39:14+00:00	torvalds__linux	L	pipeline	12070	4511	31	91.4	22997	1491	30.52978515625
2026-09-13T08:39:29+00:00	torvalds__linux	L	pipeline	12085	4678	46	95.1	22986	1491	30.60498046875
2026-09-13T08:39:44+00:00	torvalds__linux	L	pipeline	12100	4970	61	95.2	23094	1491	31.25146484375
2026-09-13T08:39:59+00:00	torvalds__linux	L	pipeline	12115	4392	9	93.2	23107	1491	31.626953125
2026-09-13T08:40:14+00:00	torvalds__linux	L	pipeline	12130	4605	36	82.7	23254	1491	30.5537109375
2026-09-13T08:40:29+00:00	torvalds__linux	L	pipeline	12146	4663	44	93.6	23252	1490	27.93798828125
2026-09-13T08:40:44+00:00	torvalds__linux	L	pipeline	12161	4428	20	95.4	23093	1490	29.42431640625
2026-09-13T08:40:59+00:00	torvalds__linux	L	pipeline	12176	4621	41	95.5	22915	1490	30.720703125
2026-09-13T08:41:15+00:00	torvalds__linux	L	pipeline	12191	4510	28	95.2	23000	1490	31.05859375
2026-09-13T08:41:30+00:00	torvalds__linux	L	pipeline	12206	4718	50	95.5	22901	1490	31.25830078125
2026-09-13T08:41:45+00:00	torvalds__linux	L	pipeline	12221	4424	19	95.2	22952	1490	30.62109375
2026-09-13T08:42:00+00:00	torvalds__linux	L	pipeline	12236	4410	15	59.8	22887	1489	29.26318359375
2026-09-13T08:42:15+00:00	torvalds__linux	L	pipeline	12251	4670	43	93.8	22851	1490	28.6572265625
2026-09-13T08:42:30+00:00	torvalds__linux	L	pipeline	12266	4544	33	92.3	22813	1490	28.2412109375
2026-09-13T08:42:45+00:00	torvalds__linux	L	pipeline	12281	4572	34	94.9	22813	1489	27.86669921875
2026-09-13T08:43:00+00:00	torvalds__linux	L	pipeline	12296	5099	67	94.3	23134	1489	29.16552734375
2026-09-13T08:43:15+00:00	torvalds__linux	L	pipeline	12311	4541	32	94.3	22876	1489	29.44775390625
2026-09-13T08:43:30+00:00	torvalds__linux	L	pipeline	12326	4452	22	93.9	22827	1489	27.14404296875
2026-09-13T08:43:45+00:00	torvalds__linux	L	pipeline	12341	4320	8	94.5	22823	1489	29.13623046875
2026-09-13T08:44:00+00:00	torvalds__linux	L	pipeline	12356	4532	28	95.4	22948	1489	28.59033203125
2026-09-13T08:44:15+00:00	torvalds__linux	L	pipeline	12371	4470	26	94.0	22996	1489	29.66064453125
2026-09-13T08:44:30+00:00	torvalds__linux	L	pipeline	12386	4418	20	95.2	22891	1489	33.2939453125
2026-09-13T08:44:45+00:00	torvalds__linux	L	pipeline	12401	4494	31	86.0	23214	1489	29.9765625
2026-09-13T08:45:00+00:00	torvalds__linux	L	pipeline	12416	4520	31	95.3	23206	1489	30.92431640625
2026-09-13T08:45:15+00:00	torvalds__linux	L	pipeline	12431	4519	15	91.4	23021	1488	31.91552734375
2026-09-13T08:45:30+00:00	torvalds__linux	L	pipeline	12447	4608	42	92.2	22958	1488	29.001953125
2026-09-13T08:45:45+00:00	torvalds__linux	L	pipeline	12462	4543	32	94.4	23237	1488	27.146484375
2026-09-13T08:46:00+00:00	torvalds__linux	L	pipeline	12477	4686	36	95.4	22999	1488	28.84423828125
2026-09-13T08:46:15+00:00	torvalds__linux	L	pipeline	12492	4633	41	92.4	22806	1488	27.8564453125
2026-09-13T08:46:31+00:00	torvalds__linux	L	pipeline	12507	4612	40	91.4	23004	1488	30.1064453125
2026-09-13T08:46:46+00:00	torvalds__linux	L	pipeline	12522	4583	37	95.3	23274	1488	30.20068359375
2026-09-13T08:47:01+00:00	torvalds__linux	L	pipeline	12537	4653	43	95.5	23222	1488	31.38037109375
2026-09-13T08:47:16+00:00	torvalds__linux	L	pipeline	12552	4808	59	95.1	22983	1488	32.17724609375
2026-09-13T08:47:31+00:00	torvalds__linux	L	pipeline	12567	4547	34	94.4	23107	1487	31.97119140625
2026-09-13T08:47:46+00:00	torvalds__linux	L	pipeline	12582	5077	84	95.4	23124	1487	33.0263671875
2026-09-13T08:48:01+00:00	torvalds__linux	L	pipeline	12597	4467	26	95.1	22900	1487	33.33349609375
2026-09-13T08:48:16+00:00	torvalds__linux	L	pipeline	12612	4765	56	91.8	22976	1487	32.2080078125
2026-09-13T08:48:31+00:00	torvalds__linux	L	pipeline	12627	4785	58	91.1	23036	1487	31.9521484375
2026-09-13T08:48:46+00:00	torvalds__linux	L	pipeline	12642	4796	61	95.1	23188	1487	32.13037109375
2026-09-13T08:49:01+00:00	torvalds__linux	L	pipeline	12657	4510	30	94.9	22996	1487	31.14208984375
2026-09-13T08:49:16+00:00	torvalds__linux	L	pipeline	12672	4585	35	95.2	22965	1487	31.349609375
2026-09-13T08:49:31+00:00	torvalds__linux	L	pipeline	12687	4667	45	93.9	22883	1487	32.455078125
2026-09-13T08:49:46+00:00	torvalds__linux	L	pipeline	12702	4589	33	95.5	22951	1486	32.7919921875
2026-09-13T08:50:01+00:00	torvalds__linux	L	pipeline	12717	4511	31	51.7	23043	1486	28.66357421875
2026-09-13T08:50:16+00:00	torvalds__linux	L	pipeline	12732	4412	15	77.1	23019	1486	29.44921875
2026-09-13T08:50:31+00:00	torvalds__linux	L	pipeline	12748	4761	52	79.3	22904	1486	28.3525390625
2026-09-13T08:50:46+00:00	torvalds__linux	L	pipeline	12763	4576	38	95.5	23111	1486	29.18505859375
2026-09-13T08:51:01+00:00	torvalds__linux	L	pipeline	12778	4412	15	95.0	23011	1486	30.59033203125
2026-09-13T08:51:16+00:00	torvalds__linux	L	pipeline	12793	4650	42	89.7	23254	1486	29.40576171875
2026-09-13T08:51:32+00:00	torvalds__linux	L	pipeline	12808	4518	32	94.0	22921	1486	29.5009765625
2026-09-13T08:51:47+00:00	torvalds__linux	L	pipeline	12823	5084	78	93.1	22999	1486	32.45166015625
2026-09-13T08:52:02+00:00	torvalds__linux	L	pipeline	12838	4690	45	95.5	23088	1486	31.52099609375
2026-09-13T08:52:17+00:00	torvalds__linux	L	pipeline	12853	4847	64	92.2	23177	1486	31.82421875
2026-09-13T08:52:32+00:00	torvalds__linux	L	pipeline	12868	4757	54	51.6	22937	1486	29.79931640625
2026-09-13T08:52:47+00:00	torvalds__linux	L	pipeline	12883	4486	27	95.4	23100	1485	29.5791015625
2026-09-13T08:53:02+00:00	torvalds__linux	L	pipeline	12898	4584	38	94.8	22994	1485	29.958984375
2026-09-13T08:53:17+00:00	torvalds__linux	L	pipeline	12913	4807	56	95.4	22985	1485	30.78564453125
2026-09-13T08:53:32+00:00	torvalds__linux	L	pipeline	12928	4727	49	94.9	22964	1485	29.7431640625
2026-09-13T08:53:47+00:00	torvalds__linux	L	pipeline	12943	4813	61	95.4	23138	1485	30.31103515625
2026-09-13T08:54:02+00:00	torvalds__linux	L	pipeline	12958	4517	31	93.0	22958	1485	30.46240234375
2026-09-13T08:54:17+00:00	torvalds__linux	L	pipeline	12973	4695	44	95.3	22974	1485	29.42333984375
2026-09-13T08:54:32+00:00	torvalds__linux	L	pipeline	12988	4764	57	95.0	22961	1485	28.95947265625
2026-09-13T08:54:47+00:00	torvalds__linux	L	pipeline	13003	4695	48	95.0	23209	1485	29.65771484375
2026-09-13T08:55:02+00:00	torvalds__linux	L	pipeline	13018	4574	35	95.0	22928	1484	29.87060546875
2026-09-13T08:55:17+00:00	torvalds__linux	L	pipeline	13034	4491	25	93.6	22949	1484	29.92431640625
2026-09-13T08:55:32+00:00	torvalds__linux	L	pipeline	13049	4656	45	54.5	22843	1484	27.82861328125
2026-09-13T08:55:47+00:00	torvalds__linux	L	pipeline	13064	4721	44	95.3	23231	1484	29.375
2026-09-13T08:56:03+00:00	torvalds__linux	L	pipeline	13079	4965	69	85.9	23182	1484	29.75634765625
2026-09-13T08:56:18+00:00	torvalds__linux	L	pipeline	13094	4759	54	95.5	23139	1484	30.2978515625
2026-09-13T08:56:33+00:00	torvalds__linux	L	pipeline	13109	4843	65	94.9	23024	1484	30.2314453125
2026-09-13T08:56:48+00:00	torvalds__linux	L	pipeline	13124	4730	50	95.2	23144	1484	31.03662109375
2026-09-13T08:57:03+00:00	torvalds__linux	L	pipeline	13139	4766	54	94.8	22939	1484	30.8251953125
2026-09-13T08:57:18+00:00	torvalds__linux	L	pipeline	13154	4657	47	94.3	23108	1484	30.7470703125
2026-09-13T08:57:33+00:00	torvalds__linux	L	pipeline	13169	4666	44	95.5	23000	1483	31.43701171875
2026-09-13T08:57:48+00:00	torvalds__linux	L	pipeline	13184	4826	59	95.4	23227	1483	30.4638671875
2026-09-13T08:58:03+00:00	torvalds__linux	L	pipeline	13199	4958	74	95.3	22957	1483	30.798828125
2026-09-13T08:58:18+00:00	torvalds__linux	L	pipeline	13214	4416	18	94.4	23064	1483	30.67041015625
2026-09-13T08:58:33+00:00	torvalds__linux	L	pipeline	13229	4583	37	60.1	22880	1483	28.88427734375
2026-09-13T08:58:48+00:00	torvalds__linux	L	pipeline	13244	4282	3	94.9	23099	1483	31.18115234375
2026-09-13T08:59:03+00:00	torvalds__linux	L	pipeline	13259	4765	53	95.4	22922	1483	31.25390625
2026-09-13T08:59:18+00:00	torvalds__linux	L	pipeline	13274	4569	37	95.5	22994	1483	32.23193359375
2026-09-13T08:59:33+00:00	torvalds__linux	L	pipeline	13289	4942	71	94.2	23078	1483	31.744140625
2026-09-13T08:59:48+00:00	torvalds__linux	L	pipeline	13304	4760	54	93.5	22879	1483	31.8671875
2026-09-13T09:00:03+00:00	torvalds__linux	L	pipeline	13320	4688	47	88.4	23000	1483	30.9228515625
2026-09-13T09:00:18+00:00	torvalds__linux	L	pipeline	13335	4902	70	95.0	22956	1482	30.77880859375
2026-09-13T09:00:33+00:00	torvalds__linux	L	pipeline	13350	4725	52	95.3	23015	1482	30.5498046875
2026-09-13T09:00:49+00:00	torvalds__linux	L	pipeline	13365	4758	56	95.2	23178	1482	30.458984375
2026-09-13T09:01:04+00:00	torvalds__linux	L	pipeline	13380	4560	34	93.6	23006	1482	30.65185546875
2026-09-13T09:01:19+00:00	torvalds__linux	L	pipeline	13395	4598	41	91.1	23015	1482	30.263671875
2026-09-13T09:01:34+00:00	torvalds__linux	L	pipeline	13410	4604	34	94.8	23011	1482	30.365234375
2026-09-13T09:01:49+00:00	torvalds__linux	L	pipeline	13425	4776	55	94.7	23242	1482	30.4375
2026-09-13T09:02:04+00:00	torvalds__linux	L	pipeline	13440	4627	36	95.2	22964	1482	31.6015625
2026-09-13T09:02:19+00:00	torvalds__linux	L	pipeline	13455	4621	37	94.4	22921	1482	30.939453125
2026-09-13T09:02:34+00:00	torvalds__linux	L	pipeline	13470	4492	28	93.5	22886	1481	30.12744140625
2026-09-13T09:02:49+00:00	torvalds__linux	L	pipeline	13485	4832	62	95.4	23191	1481	31.5888671875
2026-09-13T09:03:04+00:00	torvalds__linux	L	pipeline	13500	4887	65	94.4	22983	1481	30.79296875
2026-09-13T09:03:19+00:00	torvalds__linux	L	pipeline	13515	4813	62	50.5	23111	1481	26.1826171875
2026-09-13T09:03:34+00:00	torvalds__linux	L	pipeline	13530	4536	31	95.2	23053	1481	27.8955078125
2026-09-13T09:03:49+00:00	torvalds__linux	L	pipeline	13545	4732	51	87.1	23001	1481	28.189453125
2026-09-13T09:04:04+00:00	torvalds__linux	L	pipeline	13560	4489	26	95.1	23021	1481	29.43505859375
2026-09-13T09:04:19+00:00	torvalds__linux	L	pipeline	13575	4503	29	94.6	22912	1481	30.00537109375
2026-09-13T09:04:34+00:00	torvalds__linux	L	pipeline	13590	4539	31	93.0	22957	1481	30.26171875
2026-09-13T09:04:49+00:00	torvalds__linux	L	pipeline	13606	4624	42	95.1	23193	1481	30.58642578125
2026-09-13T09:05:04+00:00	torvalds__linux	L	pipeline	13621	4317	7	94.3	22899	1480	31.0556640625
2026-09-13T09:05:19+00:00	torvalds__linux	L	pipeline	13636	4855	62	93.9	22943	1480	32.06396484375
2026-09-13T09:05:35+00:00	torvalds__linux	L	pipeline	13651	4625	38	62.6	22954	1480	29.205078125
2026-09-13T09:05:50+00:00	torvalds__linux	L	pipeline	13666	4566	36	52.3	23213	1480	28.1015625
2026-09-13T09:06:05+00:00	torvalds__linux	L	pipeline	13681	4888	67	95.6	23278	1480	31.544921875
2026-09-13T09:06:20+00:00	torvalds__linux	L	pipeline	13696	4588	37	93.1	23026	1480	31.26416015625
2026-09-13T09:06:35+00:00	torvalds__linux	L	pipeline	13711	4654	41	95.3	22960	1480	31.71630859375
2026-09-13T09:06:50+00:00	torvalds__linux	L	pipeline	13726	4505	28	95.5	23168	1480	32.025390625
2026-09-13T09:07:05+00:00	torvalds__linux	L	pipeline	13741	4655	43	94.8	23019	1480	31.84716796875
2026-09-13T09:07:20+00:00	torvalds__linux	L	pipeline	13756	4580	38	94.2	22978	1480	32.095703125
2026-09-13T09:07:35+00:00	torvalds__linux	L	pipeline	13771	4349	9	86.3	22881	1480	30.81591796875
2026-09-13T09:07:50+00:00	torvalds__linux	L	pipeline	13786	4912	55	64.1	23138	1480	28.349609375
2026-09-13T09:08:05+00:00	torvalds__linux	L	pipeline	13801	4716	50	94.6	23060	1479	28.45654296875
2026-09-13T09:08:20+00:00	torvalds__linux	L	pipeline	13816	4721	49	95.6	23012	1479	28.7783203125
2026-09-13T09:08:35+00:00	torvalds__linux	L	pipeline	13831	4579	37	95.0	22985	1479	31.57861328125
2026-09-13T09:08:50+00:00	torvalds__linux	L	pipeline	13846	4586	37	89.0	22920	1479	30.66748046875
2026-09-13T09:09:05+00:00	torvalds__linux	L	pipeline	13861	4864	60	94.4	23051	1479	31.6162109375
2026-09-13T09:09:20+00:00	torvalds__linux	L	pipeline	13877	4616	38	95.0	22937	1479	30.88818359375
2026-09-13T09:09:35+00:00	torvalds__linux	L	pipeline	13892	4603	39	95.2	22954	1479	30.78564453125
2026-09-13T09:09:50+00:00	torvalds__linux	L	pipeline	13907	4321	7	93.3	22866	1479	29.7607421875
2026-09-13T09:10:05+00:00	torvalds__linux	L	pipeline	13922	4694	51	93.5	23019	1479	30.22021484375
2026-09-13T09:10:21+00:00	torvalds__linux	L	pipeline	13937	4733	50	94.2	22933	1478	31.02734375
2026-09-13T09:10:36+00:00	torvalds__linux	L	pipeline	13952	4703	48	94.2	22988	1478	30.36328125
2026-09-13T09:10:51+00:00	torvalds__linux	L	pipeline	13967	5057	77	93.8	23005	1478	30.541015625
2026-09-13T09:11:06+00:00	torvalds__linux	L	pipeline	13982	5029	79	94.6	23063	1478	32.9814453125
2026-09-13T09:11:21+00:00	torvalds__linux	L	pipeline	13997	4621	40	95.2	22957	1478	32.52294921875
2026-09-13T09:11:36+00:00	torvalds__linux	L	pipeline	14012	4578	37	95.3	22933	1478	32.916015625
2026-09-13T09:11:51+00:00	torvalds__linux	L	pipeline	14027	4685	43	93.0	23046	1478	33.41552734375
2026-09-13T09:12:06+00:00	torvalds__linux	L	pipeline	14042	4534	32	94.7	23043	1478	34.21044921875
2026-09-13T09:12:21+00:00	torvalds__linux	L	pipeline	14057	4794	58	95.2	22971	1478	33.61083984375
2026-09-13T09:12:36+00:00	torvalds__linux	L	pipeline	14072	4591	36	90.2	23079	1477	31.29296875
2026-09-13T09:12:51+00:00	torvalds__linux	L	pipeline	14087	4942	68	93.9	23021	1477	32.86083984375
2026-09-13T09:13:06+00:00	torvalds__linux	L	pipeline	14102	4875	57	92.6	23317	1476	32.6279296875
2026-09-13T09:13:21+00:00	torvalds__linux	L	pipeline	14117	4888	61	72.3	22811	1477	30.29296875
2026-09-13T09:13:36+00:00	torvalds__linux	L	pipeline	14132	4598	40	94.5	22787	1477	29.6064453125
2026-09-13T09:13:51+00:00	torvalds__linux	L	pipeline	14147	4944	72	94.7	22925	1477	29.12158203125
2026-09-13T09:14:06+00:00	torvalds__linux	L	pipeline	14162	4349	9	91.0	22893	1477	29.14990234375
2026-09-13T09:14:21+00:00	torvalds__linux	L	pipeline	14178	4384	14	61.0	22776	1477	26.72265625
2026-09-13T09:14:36+00:00	torvalds__linux	L	pipeline	14193	4718	53	94.8	22794	1477	28.6357421875
2026-09-13T09:14:51+00:00	torvalds__linux	L	pipeline	14208	4768	54	95.1	22825	1477	28.4228515625
2026-09-13T09:15:07+00:00	torvalds__linux	L	pipeline	14223	4893	66	89.7	22825	1476	26.15380859375
2026-09-13T09:15:22+00:00	torvalds__linux	L	pipeline	14238	4800	56	94.5	22945	1476	27.48974609375
2026-09-13T09:15:37+00:00	torvalds__linux	L	pipeline	14253	4682	45	93.8	22910	1476	29.99951171875
2026-09-13T09:15:52+00:00	torvalds__linux	L	pipeline	14268	4611	37	93.2	22855	1476	32.37890625
2026-09-13T09:16:07+00:00	torvalds__linux	L	pipeline	14283	4471	24	94.0	22833	1476	32.20068359375
2026-09-13T09:16:22+00:00	torvalds__linux	L	pipeline	14298	4690	47	94.6	22939	1476	31.76806640625
2026-09-13T09:16:37+00:00	torvalds__linux	L	pipeline	14313	4622	40	93.9	22875	1476	32.07958984375
2026-09-13T09:16:52+00:00	torvalds__linux	L	pipeline	14328	4726	49	94.5	22927	1476	33.47216796875
2026-09-13T09:17:07+00:00	torvalds__linux	L	pipeline	14343	4517	28	95.0	22874	1476	31.5009765625
2026-09-13T09:17:22+00:00	torvalds__linux	L	pipeline	14358	4546	31	92.7	23117	1476	31.427734375
2026-09-13T09:17:37+00:00	torvalds__linux	L	pipeline	14373	4521	29	93.1	22860	1475	29.392578125
2026-09-13T09:17:52+00:00	torvalds__linux	L	pipeline	14388	4642	42	93.6	23283	1475	29.34765625
2026-09-13T09:18:07+00:00	torvalds__linux	L	pipeline	14403	4595	38	90.5	23006	1475	27.09619140625
2026-09-13T09:18:22+00:00	torvalds__linux	L	pipeline	14418	4559	33	94.7	23009	1475	28.64404296875
2026-09-13T09:18:37+00:00	torvalds__linux	L	pipeline	14433	4557	33	95.3	22967	1475	30.103515625
2026-09-13T09:18:52+00:00	torvalds__linux	L	pipeline	14449	4612	38	94.5	23011	1475	29.6494140625
2026-09-13T09:19:07+00:00	torvalds__linux	L	pipeline	14464	4637	41	95.1	23002	1475	31.11376953125
2026-09-13T09:19:22+00:00	torvalds__linux	L	pipeline	14479	4506	26	95.2	22963	1475	30.5400390625
2026-09-13T09:19:37+00:00	torvalds__linux	L	pipeline	14494	4903	68	94.6	23095	1475	33.845703125
2026-09-13T09:19:53+00:00	torvalds__linux	L	pipeline	14509	4416	15	70.0	23007	1474	32.0224609375
2026-09-13T09:20:08+00:00	torvalds__linux	L	pipeline	14524	4605	36	57.3	22807	1475	28.2607421875
2026-09-13T09:20:23+00:00	torvalds__linux	L	pipeline	14539	4407	17	93.6	22860	1474	28.82470703125
2026-09-13T09:20:38+00:00	torvalds__linux	L	pipeline	14554	4474	23	92.0	22771	1474	28.0390625
2026-09-13T09:20:53+00:00	torvalds__linux	L	pipeline	14569	4594	36	92.6	22817	1474	27.99365234375
2026-09-13T09:21:08+00:00	torvalds__linux	L	pipeline	14584	4480	22	57.6	22840	1474	27.10302734375
2026-09-13T09:21:23+00:00	torvalds__linux	L	pipeline	14599	4635	40	94.6	22888	1474	27.76953125
2026-09-13T09:21:38+00:00	torvalds__linux	L	pipeline	14614	4469	23	90.3	23002	1474	25.796875
2026-09-13T09:21:53+00:00	torvalds__linux	L	pipeline	14629	4576	35	91.8	22874	1474	26.96826171875
2026-09-13T09:22:08+00:00	torvalds__linux	L	pipeline	14644	4727	52	95.3	22945	1474	27.86376953125
2026-09-13T09:22:23+00:00	torvalds__linux	L	pipeline	14659	4521	32	94.8	23004	1474	28.90771484375
2026-09-13T09:22:38+00:00	torvalds__linux	L	pipeline	14674	4813	58	94.9	23060	1473	28.40478515625
2026-09-13T09:22:53+00:00	torvalds__linux	L	pipeline	14689	4753	53	95.0	23090	1473	28.556640625
2026-09-13T09:23:08+00:00	torvalds__linux	L	pipeline	14704	4567	33	94.9	23257	1473	26.53564453125
2026-09-13T09:23:23+00:00	torvalds__linux	L	pipeline	14719	4939	66	94.9	23098	1473	27.19970703125
2026-09-13T09:23:38+00:00	torvalds__linux	L	pipeline	14734	4627	40	94.9	22940	1473	28.44091796875
2026-09-13T09:23:53+00:00	torvalds__linux	L	pipeline	14750	4368	13	94.8	23060	1473	28.5576171875
2026-09-13T09:24:08+00:00	torvalds__linux	L	pipeline	14765	4282	3	89.6	22917	1473	31.44189453125
2026-09-13T09:24:23+00:00	torvalds__linux	L	pipeline	14780	4456	24	94.3	22966	1473	31.5283203125
2026-09-13T09:24:39+00:00	torvalds__linux	L	pipeline	14795	4631	36	93.8	23093	1473	31.0
2026-09-13T09:24:54+00:00	torvalds__linux	L	pipeline	14810	4533	32	93.8	23085	1472	31.19580078125
2026-09-13T09:25:09+00:00	torvalds__linux	L	pipeline	14825	4599	38	93.5	23183	1472	31.6142578125
2026-09-13T09:25:24+00:00	torvalds__linux	L	pipeline	14840	4851	63	91.8	23056	1472	31.83349609375
2026-09-13T09:25:39+00:00	torvalds__linux	L	pipeline	14855	4683	45	94.2	23015	1472	31.97412109375
2026-09-13T09:25:54+00:00	torvalds__linux	L	pipeline	14870	4625	36	95.1	23042	1472	31.29736328125
2026-09-13T09:26:09+00:00	torvalds__linux	L	pipeline	14885	4562	33	95.2	22963	1472	31.23046875
2026-09-13T09:26:24+00:00	torvalds__linux	L	pipeline	14900	4749	51	95.0	23052	1472	30.76611328125
2026-09-13T09:26:39+00:00	torvalds__linux	L	pipeline	14915	4562	32	93.6	23000	1472	32.3857421875
2026-09-13T09:26:54+00:00	torvalds__linux	L	pipeline	14930	4612	37	93.4	23141	1472	31.568359375
2026-09-13T09:27:09+00:00	torvalds__linux	L	pipeline	14945	4647	42	95.8	23064	1472	32.4658203125
2026-09-13T09:27:24+00:00	torvalds__linux	L	pipeline	14960	4705	52	95.2	23008	1471	34.6787109375
2026-09-13T09:27:39+00:00	torvalds__linux	L	pipeline	14975	4499	28	94.7	22949	1471	34.357421875
2026-09-13T09:27:54+00:00	torvalds__linux	L	pipeline	14990	4678	46	92.6	23102	1471	33.5751953125
2026-09-13T09:28:09+00:00	torvalds__linux	L	pipeline	15005	4694	50	58.7	22932	1471	29.087890625
2026-09-13T09:28:24+00:00	torvalds__linux	L	pipeline	15020	4821	59	95.4	23012	1471	29.86083984375
2026-09-13T09:28:39+00:00	torvalds__linux	L	pipeline	15036	4772	57	95.2	23112	1471	31.02783203125
2026-09-13T09:28:54+00:00	torvalds__linux	L	pipeline	15051	4534	33	57.8	23063	1471	29.0576171875
2026-09-13T09:29:09+00:00	torvalds__linux	L	pipeline	15066	4412	15	65.6	23004	1471	28.30908203125
2026-09-13T09:29:24+00:00	torvalds__linux	L	pipeline	15081	4576	39	85.5	23072	1471	27.54541015625
2026-09-13T09:29:40+00:00	torvalds__linux	L	pipeline	15096	4696	50	94.0	23100	1471	31.12109375
2026-09-13T09:29:55+00:00	torvalds__linux	L	pipeline	15111	4801	56	95.1	23045	1471	31.716796875
2026-09-13T09:30:10+00:00	torvalds__linux	L	pipeline	15126	4575	36	95.2	23163	1470	34.3603515625
2026-09-13T09:30:25+00:00	torvalds__linux	L	pipeline	15141	4752	53	94.3	23056	1470	33.42236328125
2026-09-13T09:30:40+00:00	torvalds__linux	L	pipeline	15156	4592	38	94.1	23027	1470	31.802734375
2026-09-13T09:30:55+00:00	torvalds__linux	L	pipeline	15171	4948	73	95.1	23113	1470	32.0078125
2026-09-13T09:31:10+00:00	torvalds__linux	L	pipeline	15186	4561	35	94.3	22892	1470	31.89453125
2026-09-13T09:31:25+00:00	torvalds__linux	L	pipeline	15201	4930	70	94.9	23086	1470	31.4384765625
2026-09-13T09:31:40+00:00	torvalds__linux	L	pipeline	15216	4880	66	95.1	23100	1470	31.69140625
2026-09-13T09:31:55+00:00	torvalds__linux	L	pipeline	15231	4742	52	95.0	23033	1470	31.93798828125
2026-09-13T09:32:10+00:00	torvalds__linux	L	pipeline	15246	4826	61	94.3	23010	1470	29.9716796875
2026-09-13T09:32:25+00:00	torvalds__linux	L	pipeline	15261	4692	47	94.5	22987	1469	31.76318359375
2026-09-13T09:32:40+00:00	torvalds__linux	L	pipeline	15276	4615	40	92.7	22950	1469	31.23486328125
2026-09-13T09:32:55+00:00	torvalds__linux	L	pipeline	15291	4792	60	94.0	23050	1469	29.5703125
2026-09-13T09:33:10+00:00	torvalds__linux	L	pipeline	15306	4818	56	95.1	23058	1469	29.8759765625
2026-09-13T09:33:25+00:00	torvalds__linux	L	pipeline	15322	4771	55	92.6	22959	1469	30.22412109375
2026-09-13T09:33:40+00:00	torvalds__linux	L	pipeline	15337	4525	31	93.3	23025	1469	30.5263671875
2026-09-13T09:33:55+00:00	torvalds__linux	L	pipeline	15352	4528	31	90.8	23068	1469	28.71533203125
2026-09-13T09:34:11+00:00	torvalds__linux	L	pipeline	15367	4793	58	94.9	22962	1469	29.4677734375
2026-09-13T09:34:26+00:00	torvalds__linux	L	pipeline	15382	4610	39	94.6	23036	1469	28.4970703125
2026-09-13T09:34:41+00:00	torvalds__linux	L	pipeline	15397	4637	43	95.0	22993	1469	28.892578125
2026-09-13T09:34:56+00:00	torvalds__linux	L	pipeline	15412	4929	71	62.1	22985	1469	25.1220703125
2026-09-13T09:35:11+00:00	torvalds__linux	L	pipeline	15427	4894	59	90.5	23009	1469	27.94287109375
2026-09-13T09:35:26+00:00	torvalds__linux	L	pipeline	15442	4721	50	95.2	23090	1468	29.05615234375
2026-09-13T09:35:41+00:00	torvalds__linux	L	pipeline	15457	4677	48	94.8	22972	1468	28.60595703125
2026-09-13T09:35:56+00:00	torvalds__linux	L	pipeline	15472	4683	45	91.7	22828	1468	30.3681640625
2026-09-13T09:36:11+00:00	torvalds__linux	L	pipeline	15487	4837	59	95.5	23072	1468	30.130859375
2026-09-13T09:36:26+00:00	torvalds__linux	L	pipeline	15502	4923	72	94.6	23047	1468	31.85107421875
2026-09-13T09:36:41+00:00	torvalds__linux	L	pipeline	15517	4397	15	51.3	22855	1468	30.392578125
2026-09-13T09:36:56+00:00	torvalds__linux	L	pipeline	15532	4590	39	93.4	23144	1468	32.5703125
2026-09-13T09:37:11+00:00	torvalds__linux	L	pipeline	15547	5037	79	94.1	22960	1468	31.951171875
2026-09-13T09:37:26+00:00	torvalds__linux	L	pipeline	15562	4627	43	94.5	22928	1467	31.326171875
2026-09-13T09:37:41+00:00	torvalds__linux	L	pipeline	15577	4781	52	77.4	22988	1468	28.97607421875
2026-09-13T09:37:56+00:00	torvalds__linux	L	pipeline	15593	4664	43	95.2	23064	1467	31.3837890625
2026-09-13T09:38:11+00:00	torvalds__linux	L	pipeline	15608	4716	49	94.7	22933	1467	31.43505859375
2026-09-13T09:38:26+00:00	torvalds__linux	L	pipeline	15623	4510	29	93.0	23104	1467	31.5478515625
2026-09-13T09:38:42+00:00	torvalds__linux	L	pipeline	15638	4815	56	92.9	23092	1467	32.037109375
2026-09-13T09:38:57+00:00	torvalds__linux	L	pipeline	15653	4711	47	91.6	23237	1467	32.2080078125
2026-09-13T09:39:12+00:00	torvalds__linux	L	pipeline	15668	4558	33	95.0	23035	1467	32.24365234375
2026-09-13T09:39:27+00:00	torvalds__linux	L	pipeline	15683	4740	53	94.5	22946	1467	31.38330078125
2026-09-13T09:39:42+00:00	torvalds__linux	L	pipeline	15698	4699	51	95.3	23026	1467	30.69189453125
2026-09-13T09:39:57+00:00	torvalds__linux	L	pipeline	15713	4800	56	95.3	22983	1467	32.39794921875
2026-09-13T09:40:12+00:00	torvalds__linux	L	pipeline	15728	4532	29	92.9	22921	1467	31.20751953125
2026-09-13T09:40:27+00:00	torvalds__linux	L	pipeline	15743	4577	34	95.3	22996	1466	31.93359375
2026-09-13T09:40:42+00:00	torvalds__linux	L	pipeline	15758	4962	72	94.4	23012	1466	32.37939453125
2026-09-13T09:40:57+00:00	torvalds__linux	L	pipeline	15773	4658	44	92.3	22985	1466	34.32763671875
2026-09-13T09:41:12+00:00	torvalds__linux	L	pipeline	15788	4820	60	94.8	22947	1466	32.943359375
2026-09-13T09:41:27+00:00	torvalds__linux	L	pipeline	15803	4472	27	94.9	23022	1466	32.8701171875
2026-09-13T09:41:42+00:00	torvalds__linux	L	pipeline	15818	4371	13	94.1	22933	1466	32.4755859375
2026-09-13T09:41:57+00:00	torvalds__linux	L	pipeline	15833	4627	42	95.0	22942	1466	33.33154296875
2026-09-13T09:42:12+00:00	torvalds__linux	L	pipeline	15848	4289	7	94.4	22801	1466	32.4833984375
2026-09-13T09:42:27+00:00	torvalds__linux	L	pipeline	15863	4693	45	91.7	23005	1466	31.99658203125
2026-09-13T09:42:42+00:00	torvalds__linux	L	pipeline	15878	4582	38	93.2	23025	1465	31.52099609375
2026-09-13T09:42:57+00:00	torvalds__linux	L	pipeline	15894	4560	33	94.0	23082	1465	31.32666015625
2026-09-13T09:43:12+00:00	torvalds__linux	L	pipeline	15909	4349	9	72.1	22902	1465	32.61572265625
2026-09-13T09:43:27+00:00	torvalds__linux	L	pipeline	15924	4349	9	50.0	23028	1465	29.79638671875
2026-09-13T09:43:42+00:00	torvalds__linux	L	pipeline	15939	4415	15	67.8	23163	1465	28.12939453125
2026-09-13T09:43:58+00:00	torvalds__linux	L	pipeline	15954	4688	46	58.6	22899	1465	24.2626953125
2026-09-13T09:44:13+00:00	torvalds__linux	L	pipeline	15969	4705	48	92.6	23005	1465	25.92236328125
2026-09-13T09:44:28+00:00	torvalds__linux	L	pipeline	15984	4584	35	81.1	22999	1465	24.806640625
2026-09-13T09:44:43+00:00	torvalds__linux	L	pipeline	15999	4636	41	94.5	23087	1465	26.9521484375
2026-09-13T09:44:58+00:00	torvalds__linux	L	pipeline	16014	4632	41	91.3	23013	1465	27.2998046875
2026-09-13T09:45:13+00:00	torvalds__linux	L	pipeline	16029	4636	43	93.2	23068	1465	29.01318359375
2026-09-13T09:45:28+00:00	torvalds__linux	L	pipeline	16044	4641	42	94.5	22956	1464	30.03076171875
2026-09-13T09:45:43+00:00	torvalds__linux	L	pipeline	16059	4919	69	94.3	23051	1464	30.11572265625
2026-09-13T09:45:58+00:00	torvalds__linux	L	pipeline	16074	4615	39	91.5	23071	1464	29.966796875
2026-09-13T09:46:13+00:00	torvalds__linux	L	pipeline	16089	4592	37	94.2	22931	1464	29.36572265625
2026-09-13T09:46:28+00:00	torvalds__linux	L	pipeline	16104	4658	45	94.9	23038	1464	30.81640625
2026-09-13T09:46:43+00:00	torvalds__linux	L	pipeline	16119	4457	22	92.2	22972	1464	30.11865234375
2026-09-13T09:46:58+00:00	torvalds__linux	L	pipeline	16134	4480	25	94.6	23020	1464	29.04443359375
2026-09-13T09:47:13+00:00	torvalds__linux	L	pipeline	16149	4807	55	93.5	23020	1464	30.60595703125
2026-09-13T09:47:28+00:00	torvalds__linux	L	pipeline	16164	4533	32	94.4	23054	1463	31.2236328125
2026-09-13T09:47:43+00:00	torvalds__linux	L	pipeline	16180	4627	40	95.0	23055	1463	31.99365234375
2026-09-13T09:47:58+00:00	torvalds__linux	L	pipeline	16195	5008	77	93.9	23088	1463	31.953125
2026-09-13T09:48:13+00:00	torvalds__linux	L	pipeline	16210	4597	35	86.4	22929	1463	32.07861328125
2026-09-13T09:48:28+00:00	torvalds__linux	L	pipeline	16225	4492	25	93.0	22978	1463	31.0556640625
2026-09-13T09:48:44+00:00	torvalds__linux	L	pipeline	16240	4692	48	94.1	22978	1463	32.1689453125
2026-09-13T09:48:59+00:00	torvalds__linux	L	pipeline	16255	4797	57	91.9	23035	1463	31.20068359375
2026-09-13T09:49:14+00:00	torvalds__linux	L	pipeline	16270	4350	9	86.9	22886	1463	29.65283203125
2026-09-13T09:49:29+00:00	torvalds__linux	L	pipeline	16285	4775	54	52.0	23013	1463	27.9658203125
2026-09-13T09:49:44+00:00	torvalds__linux	L	pipeline	16300	4687	44	91.9	23015	1462	27.6728515625
2026-09-13T09:49:59+00:00	torvalds__linux	L	pipeline	16315	4537	31	56.6	22943	1463	27.5146484375
2026-09-13T09:50:14+00:00	torvalds__linux	L	pipeline	16330	4732	53	94.6	23019	1463	28.49755859375
2026-09-13T09:50:29+00:00	torvalds__linux	L	pipeline	16345	4641	42	94.4	23061	1462	28.84326171875
2026-09-13T09:50:44+00:00	torvalds__linux	L	pipeline	16360	4591	37	94.3	22919	1462	29.08837890625
2026-09-13T09:50:59+00:00	torvalds__linux	L	pipeline	16375	4891	63	95.3	23108	1462	29.21044921875
2026-09-13T09:51:14+00:00	torvalds__linux	L	pipeline	16390	4908	64	94.7	23035	1462	29.2734375
2026-09-13T09:51:29+00:00	torvalds__linux	L	pipeline	16405	4792	57	95.0	23034	1462	30.849609375
2026-09-13T09:51:44+00:00	torvalds__linux	L	pipeline	16420	4348	9	83.3	22961	1462	28.8515625
2026-09-13T09:51:59+00:00	torvalds__linux	L	pipeline	16435	4637	38	59.6	22987	1462	25.2255859375
2026-09-13T09:52:14+00:00	torvalds__linux	L	pipeline	16451	4708	48	92.6	23037	1462	26.23486328125
2026-09-13T09:52:29+00:00	torvalds__linux	L	pipeline	16466	4679	48	95.5	23114	1461	28.3427734375
2026-09-13T09:52:44+00:00	torvalds__linux	L	pipeline	16481	4996	73	95.4	23136	1461	28.5693359375
2026-09-13T09:52:59+00:00	torvalds__linux	L	pipeline	16496	4495	29	95.0	23080	1461	29.48876953125
2026-09-13T09:53:15+00:00	torvalds__linux	L	pipeline	16511	4844	61	93.8	23069	1461	29.97998046875
2026-09-13T09:53:30+00:00	torvalds__linux	L	pipeline	16526	4550	32	93.8	23110	1461	29.41162109375
2026-09-13T09:53:45+00:00	torvalds__linux	L	pipeline	16541	4824	58	94.5	23065	1461	29.31396484375
2026-09-13T09:54:00+00:00	torvalds__linux	L	pipeline	16556	4458	21	94.4	22939	1461	31.216796875
2026-09-13T09:54:15+00:00	torvalds__linux	L	pipeline	16571	4540	32	91.8	22901	1461	30.88134765625
2026-09-13T09:54:30+00:00	torvalds__linux	L	pipeline	16586	4730	50	93.6	22995	1461	31.73388671875
2026-09-13T09:54:45+00:00	torvalds__linux	L	pipeline	16601	4730	52	94.3	22962	1460	30.76416015625
2026-09-13T09:55:00+00:00	torvalds__linux	L	pipeline	16616	4579	36	94.0	23042	1460	31.8505859375
2026-09-13T09:55:15+00:00	torvalds__linux	L	pipeline	16631	4508	30	93.2	23030	1460	32.32421875
2026-09-13T09:55:30+00:00	torvalds__linux	L	pipeline	16646	4559	31	91.9	23026	1460	31.57421875
2026-09-13T09:55:45+00:00	torvalds__linux	L	pipeline	16661	4671	45	93.6	23044	1460	31.18896484375
2026-09-13T09:56:00+00:00	torvalds__linux	L	pipeline	16676	4581	31	92.2	23033	1460	31.23486328125
2026-09-13T09:56:15+00:00	torvalds__linux	L	pipeline	16691	4683	46	89.9	23055	1460	33.5771484375
2026-09-13T09:56:30+00:00	torvalds__linux	L	pipeline	16706	5024	78	89.4	23085	1460	33.3271484375
2026-09-13T09:56:45+00:00	torvalds__linux	L	pipeline	16721	4516	29	92.4	23121	1460	31.3759765625
2026-09-13T09:57:00+00:00	torvalds__linux	L	pipeline	16737	4667	42	94.6	23039	1459	30.7568359375
2026-09-13T09:57:15+00:00	torvalds__linux	L	pipeline	16752	4643	41	92.8	23014	1459	30.10205078125
2026-09-13T09:57:30+00:00	torvalds__linux	L	pipeline	16767	4683	46	95.5	23070	1459	30.8310546875
2026-09-13T09:57:46+00:00	torvalds__linux	L	pipeline	16782	4740	53	95.3	23079	1459	31.552734375
2026-09-13T09:58:01+00:00	torvalds__linux	L	pipeline	16797	4626	36	95.0	23002	1459	31.93896484375
2026-09-13T09:58:16+00:00	torvalds__linux	L	pipeline	16812	4689	47	90.8	22978	1459	30.87060546875
2026-09-13T09:58:31+00:00	torvalds__linux	L	pipeline	16827	4578	36	56.1	22875	1459	28.423828125
2026-09-13T09:58:46+00:00	torvalds__linux	L	pipeline	16842	4966	69	90.1	22962	1459	28.912109375
2026-09-13T09:59:01+00:00	torvalds__linux	L	pipeline	16857	4776	56	95.2	22929	1459	27.73779296875
2026-09-13T09:59:16+00:00	torvalds__linux	L	pipeline	16872	4525	32	89.9	22898	1459	29.32177734375
2026-09-13T09:59:31+00:00	torvalds__linux	L	pipeline	16887	4614	39	56.0	22886	1458	24.80322265625
2026-09-13T09:59:46+00:00	torvalds__linux	L	pipeline	16902	5060	76	92.5	23027	1458	26.10986328125
2026-09-13T10:00:01+00:00	torvalds__linux	L	pipeline	16917	4573	34	95.0	22956	1458	26.59521484375
2026-09-13T10:00:16+00:00	torvalds__linux	L	pipeline	16932	4757	52	95.2	23103	1458	28.9208984375
2026-09-13T10:00:31+00:00	torvalds__linux	L	pipeline	16947	4930	67	90.6	23154	1458	28.26171875
2026-09-13T10:00:46+00:00	torvalds__linux	L	pipeline	16962	4446	21	93.4	22861	1458	29.4814453125
2026-09-13T10:01:01+00:00	torvalds__linux	L	pipeline	16977	4514	28	95.1	23028	1458	32.27783203125
2026-09-13T10:01:16+00:00	torvalds__linux	L	pipeline	16992	4581	33	91.5	22998	1458	30.33056640625
2026-09-13T10:01:31+00:00	torvalds__linux	L	pipeline	17007	4759	53	94.2	23088	1458	31.09423828125
2026-09-13T10:01:46+00:00	torvalds__linux	L	pipeline	17023	4548	30	94.7	22997	1457	30.90625
2026-09-13T10:02:01+00:00	torvalds__linux	L	pipeline	17038	4695	48	92.0	23068	1458	29.75146484375
2026-09-13T10:02:17+00:00	torvalds__linux	L	pipeline	17053	4603	38	93.6	23017	1457	28.87158203125
2026-09-13T10:02:32+00:00	torvalds__linux	L	pipeline	17068	4595	37	93.8	22954	1457	28.10107421875
2026-09-13T10:02:47+00:00	torvalds__linux	L	pipeline	17083	4303	5	93.3	23000	1457	30.03125
2026-09-13T10:03:02+00:00	torvalds__linux	L	pipeline	17098	4727	51	85.5	23001	1457	29.70458984375
2026-09-13T10:03:17+00:00	torvalds__linux	L	pipeline	17113	4620	40	94.8	23141	1457	31.9931640625
2026-09-13T10:03:32+00:00	torvalds__linux	L	pipeline	17128	4741	51	94.6	23060	1457	31.9541015625
2026-09-13T10:03:47+00:00	torvalds__linux	L	pipeline	17143	5000	76	94.7	22983	1457	31.34228515625
2026-09-13T10:04:02+00:00	torvalds__linux	L	pipeline	17158	4687	46	93.3	23002	1456	30.98974609375
2026-09-13T10:04:17+00:00	torvalds__linux	L	pipeline	17173	4711	44	91.8	22963	1456	27.9716796875
2026-09-13T10:04:32+00:00	torvalds__linux	L	pipeline	17188	4883	64	95.0	23058	1456	29.03759765625
2026-09-13T10:04:47+00:00	torvalds__linux	L	pipeline	17203	4836	57	95.2	23106	1456	29.4365234375
2026-09-13T10:05:02+00:00	torvalds__linux	L	pipeline	17218	4445	19	93.8	22974	1456	28.60205078125
2026-09-13T10:05:17+00:00	torvalds__linux	L	pipeline	17233	4574	37	93.3	23024	1456	28.83642578125
2026-09-13T10:05:32+00:00	torvalds__linux	L	pipeline	17248	4937	66	90.1	23055	1456	27.8564453125
2026-09-13T10:05:47+00:00	torvalds__linux	L	pipeline	17263	4657	41	92.9	22950	1456	28.54541015625
2026-09-13T10:06:02+00:00	torvalds__linux	L	pipeline	17279	4462	23	92.3	22875	1456	29.96142578125
2026-09-13T10:06:17+00:00	torvalds__linux	L	pipeline	17294	4437	19	94.3	23044	1455	29.29931640625
2026-09-13T10:06:32+00:00	torvalds__linux	L	pipeline	17309	5093	88	91.7	22956	1455	29.72119140625
2026-09-13T10:06:47+00:00	torvalds__linux	L	pipeline	17324	4651	44	92.3	22954	1455	29.09619140625
2026-09-13T10:07:03+00:00	torvalds__linux	L	pipeline	17339	4739	50	93.9	23046	1455	28.6748046875
2026-09-13T10:07:18+00:00	torvalds__linux	L	pipeline	17354	4634	42	93.1	23043	1455	28.45703125
2026-09-13T10:07:33+00:00	torvalds__linux	L	pipeline	17369	4790	56	92.1	22962	1455	28.64501953125
2026-09-13T10:07:48+00:00	torvalds__linux	L	pipeline	17384	4688	44	94.5	23036	1455	29.55517578125
2026-09-13T10:08:03+00:00	torvalds__linux	L	pipeline	17399	4518	32	92.8	23052	1455	29.72802734375
2026-09-13T10:08:18+00:00	torvalds__linux	L	pipeline	17414	4794	57	94.6	23047	1455	29.7646484375
2026-09-13T10:08:33+00:00	torvalds__linux	L	pipeline	17429	4876	66	95.5	23067	1454	29.884765625
2026-09-13T10:08:48+00:00	torvalds__linux	L	pipeline	17444	4820	58	93.2	23111	1454	30.43359375
2026-09-13T10:09:03+00:00	torvalds__linux	L	pipeline	17459	4923	69	91.6	22998	1454	31.40771484375
2026-09-13T10:09:18+00:00	torvalds__linux	L	pipeline	17474	4689	50	91.1	23046	1454	28.98974609375
2026-09-13T10:09:33+00:00	torvalds__linux	L	pipeline	17489	4602	41	95.3	23020	1454	29.67578125
2026-09-13T10:09:48+00:00	torvalds__linux	L	pipeline	17504	4807	58	92.7	23160	1454	30.60205078125
2026-09-13T10:10:03+00:00	torvalds__linux	L	pipeline	17519	4888	67	95.2	23003	1454	29.5888671875
2026-09-13T10:10:18+00:00	torvalds__linux	L	pipeline	17534	4676	47	94.1	22982	1454	30.06201171875
2026-09-13T10:10:33+00:00	torvalds__linux	L	pipeline	17550	4405	16	94.1	22927	1454	30.01708984375
2026-09-13T10:10:48+00:00	torvalds__linux	L	pipeline	17565	4951	69	90.9	23025	1454	30.53076171875
2026-09-13T10:11:03+00:00	torvalds__linux	L	pipeline	17580	4891	65	95.2	22999	1453	31.70849609375
2026-09-13T10:11:18+00:00	torvalds__linux	L	pipeline	17595	4776	56	92.2	23026	1453	29.80078125
2026-09-13T10:11:34+00:00	torvalds__linux	L	pipeline	17610	4885	65	91.1	23030	1453	29.3935546875
2026-09-13T10:11:49+00:00	torvalds__linux	L	pipeline	17625	4543	27	92.0	23199	1453	31.3564453125
2026-09-13T10:12:04+00:00	torvalds__linux	L	pipeline	17640	4698	47	60.8	22906	1453	27.0771484375
2026-09-13T10:12:19+00:00	torvalds__linux	L	pipeline	17655	4693	39	94.8	23252	1453	27.75
2026-09-13T10:12:34+00:00	torvalds__linux	L	pipeline	17670	4914	66	89.2	23260	1453	28.75927734375
2026-09-13T10:12:49+00:00	torvalds__linux	L	pipeline	17685	4468	25	91.4	23122	1453	28.10888671875
2026-09-13T10:13:04+00:00	torvalds__linux	L	pipeline	17700	4727	50	93.0	23062	1453	26.65625
2026-09-13T10:13:19+00:00	torvalds__linux	L	pipeline	17715	4682	49	90.1	23035	1452	28.68896484375
2026-09-13T10:13:34+00:00	torvalds__linux	L	pipeline	17730	4697	49	94.1	23109	1452	28.7353515625
2026-09-13T10:13:49+00:00	torvalds__linux	L	pipeline	17745	4703	50	92.7	22848	1453	29.25634765625
2026-09-13T10:14:04+00:00	torvalds__linux	L	pipeline	17760	4554	35	90.2	22867	1452	28.54736328125
2026-09-13T10:14:19+00:00	torvalds__linux	L	pipeline	17775	4551	32	94.7	22874	1452	29.39306640625
2026-09-13T10:14:34+00:00	torvalds__linux	L	pipeline	17790	4413	15	91.5	22840	1452	30.52490234375
2026-09-13T10:14:49+00:00	torvalds__linux	L	pipeline	17805	4515	31	93.5	22889	1452	30.62451171875
2026-09-13T10:15:04+00:00	torvalds__linux	L	pipeline	17820	4559	35	94.6	22910	1452	31.8837890625
2026-09-13T10:15:19+00:00	torvalds__linux	L	pipeline	17836	4688	42	95.4	22973	1452	31.421875
2026-09-13T10:15:34+00:00	torvalds__linux	L	pipeline	17851	5064	84	92.9	23007	1452	31.95654296875
2026-09-13T10:15:49+00:00	torvalds__linux	L	pipeline	17866	4592	38	94.5	23025	1452	31.513671875
2026-09-13T10:16:04+00:00	torvalds__linux	L	pipeline	17881	4940	69	92.3	23052	1452	30.21435546875
2026-09-13T10:16:20+00:00	torvalds__linux	L	pipeline	17896	4832	63	95.1	22918	1451	29.23486328125
2026-09-13T10:16:35+00:00	torvalds__linux	L	pipeline	17911	4744	54	93.3	22982	1451	29.7099609375
2026-09-13T10:16:50+00:00	torvalds__linux	L	pipeline	17926	4711	49	94.0	23064	1451	30.19921875
2026-09-13T10:17:05+00:00	torvalds__linux	L	pipeline	17941	4843	56	94.7	23010	1451	32.4296875
2026-09-13T10:17:20+00:00	torvalds__linux	L	pipeline	17956	4745	57	92.7	22963	1451	30.27685546875
2026-09-13T10:17:35+00:00	torvalds__linux	L	pipeline	17971	4610	42	92.6	23038	1451	30.94140625
2026-09-13T10:17:50+00:00	torvalds__linux	L	pipeline	17986	4339	10	89.6	22760	1451	29.72265625
2026-09-13T10:18:05+00:00	torvalds__linux	L	pipeline	18001	4727	49	92.2	23104	1451	30.0302734375
2026-09-13T10:18:20+00:00	torvalds__linux	L	pipeline	18016	4519	32	94.7	22903	1451	28.83642578125
2026-09-13T10:18:35+00:00	torvalds__linux	L	pipeline	18031	4350	9	51.7	22807	1451	26.45361328125
2026-09-13T10:18:50+00:00	torvalds__linux	L	pipeline	18046	4492	26	92.1	23153	1451	25.69189453125
2026-09-13T10:19:05+00:00	torvalds__linux	L	pipeline	18061	4775	57	95.0	23197	1450	27.2333984375
2026-09-13T10:19:20+00:00	torvalds__linux	L	pipeline	18076	4532	31	89.8	23015	1450	25.935546875
2026-09-13T10:19:35+00:00	torvalds__linux	L	pipeline	18091	4783	58	90.4	23012	1450	27.5234375
2026-09-13T10:19:50+00:00	torvalds__linux	L	pipeline	18106	4422	19	88.9	22838	1450	28.78076171875
2026-09-13T10:20:05+00:00	torvalds__linux	L	pipeline	18122	4658	46	89.1	22948	1450	28.46484375
2026-09-13T10:20:20+00:00	torvalds__linux	L	pipeline	18137	4624	40	90.4	22878	1450	29.39501953125
2026-09-13T10:20:35+00:00	torvalds__linux	L	pipeline	18152	4747	50	94.2	22933	1450	30.08447265625
2026-09-13T10:20:51+00:00	torvalds__linux	L	pipeline	18167	4550	35	94.8	23005	1450	30.17138671875
2026-09-13T10:21:06+00:00	torvalds__linux	L	pipeline	18182	4801	57	92.9	22974	1450	31.57861328125
2026-09-13T10:21:21+00:00	torvalds__linux	L	pipeline	18197	4834	58	95.2	22998	1449	31.10009765625
2026-09-13T10:21:36+00:00	torvalds__linux	L	pipeline	18212	4433	18	91.3	22991	1449	31.90966796875
2026-09-13T10:21:51+00:00	torvalds__linux	L	pipeline	18227	4576	36	91.7	22949	1449	29.87109375
2026-09-13T10:22:06+00:00	torvalds__linux	L	pipeline	18242	4830	59	93.8	22922	1449	29.9794921875
2026-09-13T10:22:21+00:00	torvalds__linux	L	pipeline	18257	4638	42	95.4	22937	1449	29.82275390625
2026-09-13T10:22:36+00:00	torvalds__linux	L	pipeline	18272	4603	38	93.4	22939	1449	27.59423828125
2026-09-13T10:22:51+00:00	torvalds__linux	L	pipeline	18287	4833	60	94.9	22850	1449	29.1044921875
2026-09-13T10:23:06+00:00	torvalds__linux	L	pipeline	18302	4846	58	95.6	22952	1449	31.9931640625
2026-09-13T10:23:21+00:00	torvalds__linux	L	pipeline	18317	4896	66	95.1	22949	1449	31.19384765625
2026-09-13T10:23:36+00:00	torvalds__linux	L	pipeline	18332	4539	32	95.0	22860	1448	31.11376953125
2026-09-13T10:23:51+00:00	torvalds__linux	L	pipeline	18347	4845	59	95.2	22970	1448	31.97021484375
2026-09-13T10:24:06+00:00	torvalds__linux	L	pipeline	18362	4721	48	94.1	22991	1448	31.134765625
2026-09-13T10:24:21+00:00	torvalds__linux	L	pipeline	18377	4748	55	90.6	23053	1448	30.43896484375
2026-09-13T10:24:36+00:00	torvalds__linux	L	pipeline	18392	5283	91	95.5	23103	1448	30.724609375
2026-09-13T10:24:51+00:00	torvalds__linux	L	pipeline	18408	4612	41	93.8	22920	1448	29.14794921875
2026-09-13T10:25:06+00:00	torvalds__linux	L	pipeline	18423	4543	33	88.8	22963	1448	28.70947265625
2026-09-13T10:25:21+00:00	torvalds__linux	L	pipeline	18438	4765	52	48.2	22973	1448	25.552734375
2026-09-13T10:25:37+00:00	torvalds__linux	L	pipeline	18453	4608	39	92.5	22993	1447	27.01513671875
2026-09-13T10:25:52+00:00	torvalds__linux	L	pipeline	18468	5025	72	92.8	23058	1447	25.85498046875
2026-09-13T10:26:07+00:00	torvalds__linux	L	pipeline	18483	4498	26	94.7	22950	1447	25.84375
2026-09-13T10:26:22+00:00	torvalds__linux	L	pipeline	18498	4987	71	94.8	23044	1447	26.54248046875
2026-09-13T10:26:37+00:00	torvalds__linux	L	pipeline	18513	4773	55	90.9	22990	1447	25.89794921875
2026-09-13T10:26:52+00:00	torvalds__linux	L	pipeline	18528	4349	9	92.5	22839	1447	27.04541015625
2026-09-13T10:27:07+00:00	torvalds__linux	L	pipeline	18543	4594	36	57.9	22873	1447	24.958984375
2026-09-13T10:27:22+00:00	torvalds__linux	L	pipeline	18558	4772	50	84.9	22935	1447	26.8720703125
2026-09-13T10:27:37+00:00	torvalds__linux	L	pipeline	18573	4863	66	89.4	22990	1447	26.31494140625
2026-09-13T10:27:52+00:00	torvalds__linux	L	pipeline	18588	4664	45	89.1	22910	1447	26.04248046875
2026-09-13T10:28:07+00:00	torvalds__linux	L	pipeline	18603	4474	27	87.9	23006	1446	27.431640625
2026-09-13T10:28:22+00:00	torvalds__linux	L	pipeline	18618	4892	63	54.1	23080	1447	27.138671875
2026-09-13T10:28:37+00:00	torvalds__linux	L	pipeline	18633	4498	27	95.3	23007	1446	27.0517578125
2026-09-13T10:28:52+00:00	torvalds__linux	L	pipeline	18648	4689	46	94.6	23145	1446	27.673828125
2026-09-13T10:29:07+00:00	torvalds__linux	L	pipeline	18663	4745	52	95.3	23006	1446	30.81787109375
2026-09-13T10:29:22+00:00	torvalds__linux	L	pipeline	18679	4639	40	95.2	22988	1446	31.271484375
2026-09-13T10:29:37+00:00	torvalds__linux	L	pipeline	18694	4535	33	91.1	22953	1446	28.85986328125
2026-09-13T10:29:52+00:00	torvalds__linux	L	pipeline	18709	4906	66	92.1	23137	1446	29.8046875
2026-09-13T10:30:08+00:00	torvalds__linux	L	pipeline	18724	4359	11	93.7	22901	1446	28.93115234375
2026-09-13T10:30:23+00:00	torvalds__linux	L	pipeline	18739	4999	79	93.4	23105	1446	29.55126953125
2026-09-13T10:30:38+00:00	torvalds__linux	L	pipeline	18754	4496	27	93.8	23026	1446	31.6953125
2026-09-13T10:30:53+00:00	torvalds__linux	L	pipeline	18769	4627	40	91.4	22981	1445	33.35546875
2026-09-13T10:31:08+00:00	torvalds__linux	L	pipeline	18784	4474	24	91.0	22988	1445	33.45068359375
2026-09-13T10:31:23+00:00	torvalds__linux	L	pipeline	18799	4731	51	92.2	22943	1445	33.30224609375
2026-09-13T10:31:38+00:00	torvalds__linux	L	pipeline	18814	4644	38	92.1	23076	1445	32.23779296875
2026-09-13T10:31:53+00:00	torvalds__linux	L	pipeline	18829	4635	42	94.5	23026	1445	30.072265625
2026-09-13T10:32:08+00:00	torvalds__linux	L	pipeline	18844	4685	48	91.3	22933	1445	28.06103515625
2026-09-13T10:32:23+00:00	torvalds__linux	L	pipeline	18859	4872	65	93.3	23017	1445	28.60986328125
2026-09-13T10:32:38+00:00	torvalds__linux	L	pipeline	18874	4949	69	95.3	23060	1445	31.64013671875
2026-09-13T10:32:53+00:00	torvalds__linux	L	pipeline	18889	5050	79	95.6	22986	1445	30.83984375
2026-09-13T10:33:08+00:00	torvalds__linux	L	pipeline	18904	4686	50	95.0	23019	1444	30.23974609375
2026-09-13T10:33:23+00:00	torvalds__linux	L	pipeline	18919	4803	57	95.3	22923	1444	30.13623046875
2026-09-13T10:33:38+00:00	torvalds__linux	L	pipeline	18934	4777	52	93.8	23049	1444	28.97998046875
2026-09-13T10:33:53+00:00	torvalds__linux	L	pipeline	18950	4587	34	91.1	22875	1444	29.56103515625
2026-09-13T10:34:08+00:00	torvalds__linux	L	pipeline	18965	4748	52	92.3	23158	1444	29.380859375
2026-09-13T10:34:23+00:00	torvalds__linux	L	pipeline	18980	4754	53	94.8	23001	1444	30.45947265625
2026-09-13T10:34:38+00:00	torvalds__linux	L	pipeline	18995	4933	70	90.9	22994	1444	29.96875
2026-09-13T10:34:54+00:00	torvalds__linux	L	pipeline	19010	4302	5	86.0	22903	1444	28.1640625
2026-09-13T10:35:09+00:00	torvalds__linux	L	pipeline	19025	4921	63	87.3	22932	1443	28.76806640625
2026-09-13T10:35:24+00:00	torvalds__linux	L	pipeline	19040	4348	10	46.9	22878	1444	24.35400390625
2026-09-13T10:35:39+00:00	torvalds__linux	L	pipeline	19055	4498	26	91.0	23033	1443	25.4521484375
2026-09-13T10:35:54+00:00	torvalds__linux	L	pipeline	19070	4881	62	94.0	23057	1443	26.87109375
2026-09-13T10:36:09+00:00	torvalds__linux	L	pipeline	19085	4656	43	95.2	23268	1443	26.85009765625
2026-09-13T10:36:24+00:00	torvalds__linux	L	pipeline	19100	4658	43	95.1	22963	1443	28.83935546875
2026-09-13T10:36:39+00:00	torvalds__linux	L	pipeline	19115	4684	46	95.1	23007	1443	28.84375
2026-09-13T10:36:54+00:00	torvalds__linux	L	pipeline	19130	4668	46	94.7	22917	1443	29.0751953125
2026-09-13T10:37:09+00:00	torvalds__linux	L	pipeline	19145	4941	69	93.4	23300	1443	31.73095703125
2026-09-13T10:37:24+00:00	torvalds__linux	L	pipeline	19160	4590	37	91.3	22842	1443	30.54931640625
2026-09-13T10:37:39+00:00	torvalds__linux	L	pipeline	19175	4593	37	93.1	23008	1443	31.64404296875
2026-09-13T10:37:54+00:00	torvalds__linux	L	pipeline	19190	4896	63	91.3	22983	1442	30.85107421875
2026-09-13T10:38:09+00:00	torvalds__linux	L	pipeline	19205	4724	50	95.2	23240	1442	30.171875
2026-09-13T10:38:24+00:00	torvalds__linux	L	pipeline	19220	4961	70	95.5	23042	1442	30.6689453125
2026-09-13T10:38:39+00:00	torvalds__linux	L	pipeline	19235	4780	56	88.1	23013	1442	31.4013671875
2026-09-13T10:38:54+00:00	torvalds__linux	L	pipeline	19251	4835	60	95.6	22961	1442	32.51171875
2026-09-13T10:39:09+00:00	torvalds__linux	L	pipeline	19266	4439	22	92.1	23203	1442	32.39599609375
2026-09-13T10:39:24+00:00	torvalds__linux	L	pipeline	19281	4582	33	94.9	22933	1442	32.123046875
2026-09-13T10:39:40+00:00	torvalds__linux	L	pipeline	19296	4478	25	93.4	22981	1442	32.07373046875
2026-09-13T10:39:55+00:00	torvalds__linux	L	pipeline	19311	4869	59	94.4	23029	1442	30.478515625
2026-09-13T10:40:10+00:00	torvalds__linux	L	pipeline	19326	4634	39	94.8	22894	1441	31.0927734375
2026-09-13T10:40:25+00:00	torvalds__linux	L	pipeline	19341	4461	26	93.2	22988	1441	31.53271484375
2026-09-13T10:40:40+00:00	torvalds__linux	L	pipeline	19356	4645	42	60.4	22933	1441	29.357421875
2026-09-13T10:40:55+00:00	torvalds__linux	L	pipeline	19371	4789	56	91.6	22960	1441	26.330078125
2026-09-13T10:41:10+00:00	torvalds__linux	L	pipeline	19386	4548	31	95.6	23257	1441	27.91845703125
2026-09-13T10:41:25+00:00	torvalds__linux	L	pipeline	19401	4695	48	93.4	22964	1441	29.3818359375
2026-09-13T10:41:40+00:00	torvalds__linux	L	pipeline	19416	4743	51	93.8	23051	1441	29.1923828125
2026-09-13T10:41:55+00:00	torvalds__linux	L	pipeline	19431	4845	61	90.8	23195	1441	30.166015625
2026-09-13T10:42:10+00:00	torvalds__linux	L	pipeline	19446	5060	81	85.7	23274	1441	28.50830078125
2026-09-13T10:42:25+00:00	torvalds__linux	L	pipeline	19461	4748	53	88.5	22991	1440	26.748046875
2026-09-13T10:42:40+00:00	torvalds__linux	L	pipeline	19476	4350	9	77.4	22877	1440	25.6796875
2026-09-13T10:42:55+00:00	torvalds__linux	L	pipeline	19491	4950	70	60.5	23078	1440	25.2744140625
2026-09-13T10:43:10+00:00	torvalds__linux	L	pipeline	19506	4404	17	93.7	23233	1440	27.4306640625
2026-09-13T10:43:25+00:00	torvalds__linux	L	pipeline	19521	4624	40	92.8	22874	1440	27.72216796875
2026-09-13T10:43:40+00:00	torvalds__linux	L	pipeline	19536	4689	45	94.9	23030	1440	28.7138671875
2026-09-13T10:43:55+00:00	torvalds__linux	L	pipeline	19552	4697	43	95.4	22949	1440	28.2421875
2026-09-13T10:44:10+00:00	torvalds__linux	L	pipeline	19567	4626	40	92.5	23187	1440	28.12646484375
2026-09-13T10:44:25+00:00	torvalds__linux	L	pipeline	19582	4293	4	60.4	22917	1440	26.71875
2026-09-13T10:44:41+00:00	torvalds__linux	L	pipeline	19597	4905	65	92.2	23055	1440	27.6875
2026-09-13T10:44:56+00:00	torvalds__linux	L	pipeline	19612	4966	73	93.9	23241	1439	29.1357421875
2026-09-13T10:45:11+00:00	torvalds__linux	L	pipeline	19627	4795	56	95.3	23040	1439	29.794921875
2026-09-13T10:45:26+00:00	torvalds__linux	L	pipeline	19642	4599	38	87.1	22891	1439	29.70361328125
2026-09-13T10:45:41+00:00	torvalds__linux	L	pipeline	19657	4329	8	92.9	23002	1439	28.47607421875
2026-09-13T10:45:56+00:00	torvalds__linux	L	pipeline	19672	4779	54	91.2	22912	1439	30.98779296875
2026-09-13T10:46:11+00:00	torvalds__linux	L	pipeline	19687	4740	55	95.3	22837	1439	31.2783203125
2026-09-13T10:46:26+00:00	torvalds__linux	L	pipeline	19702	4486	24	94.9	23033	1439	31.56982421875
2026-09-13T10:46:41+00:00	torvalds__linux	L	pipeline	19717	4593	38	95.6	22958	1439	30.7548828125
2026-09-13T10:46:56+00:00	torvalds__linux	L	pipeline	19732	4386	14	92.0	23071	1439	30.1083984375
2026-09-13T10:47:11+00:00	torvalds__linux	L	pipeline	19747	4711	51	94.8	22933	1438	31.52587890625
2026-09-13T10:47:26+00:00	torvalds__linux	L	pipeline	19762	4545	30	91.0	23017	1438	30.57373046875
2026-09-13T10:47:41+00:00	torvalds__linux	L	pipeline	19777	4957	67	95.3	23010	1438	30.076171875
2026-09-13T10:47:56+00:00	torvalds__linux	L	pipeline	19792	4493	26	87.7	22991	1438	31.31640625
2026-09-13T10:48:11+00:00	torvalds__linux	L	pipeline	19807	4595	35	58.0	23021	1438	28.474609375
2026-09-13T10:48:26+00:00	torvalds__linux	L	pipeline	19822	4700	46	92.7	22852	1438	30.0927734375
2026-09-13T10:48:41+00:00	torvalds__linux	L	pipeline	19837	5214	93	90.4	23090	1438	31.87744140625
2026-09-13T10:48:56+00:00	torvalds__linux	L	pipeline	19852	4410	15	93.8	22857	1438	31.6337890625
2026-09-13T10:49:11+00:00	torvalds__linux	L	pipeline	19868	4696	41	90.5	23021	1438	30.9404296875
2026-09-13T10:49:26+00:00	torvalds__linux	L	pipeline	19883	4534	30	87.3	22925	1437	32.27685546875
2026-09-13T10:49:41+00:00	torvalds__linux	L	pipeline	19898	4695	48	88.1	22940	1437	30.11474609375
2026-09-13T10:49:56+00:00	torvalds__linux	L	pipeline	19913	4558	36	95.0	22911	1437	29.541015625
2026-09-13T10:50:12+00:00	torvalds__linux	L	pipeline	19928	4283	3	61.4	23222	1437	27.3818359375
2026-09-13T10:50:27+00:00	torvalds__linux	L	pipeline	19943	4638	42	74.1	22959	1437	27.9052734375
2026-09-13T10:50:42+00:00	torvalds__linux	L	pipeline	19958	4837	60	95.4	23031	1437	28.64501953125
2026-09-13T10:50:57+00:00	torvalds__linux	L	pipeline	19973	4603	40	91.8	22986	1437	30.29833984375
2026-09-13T10:51:12+00:00	torvalds__linux	L	pipeline	19988	4764	56	94.5	23201	1437	32.00048828125
2026-09-13T10:51:27+00:00	torvalds__linux	L	pipeline	20003	4544	33	93.8	22883	1437	32.123046875
2026-09-13T10:51:42+00:00	torvalds__linux	L	pipeline	20018	4862	66	94.3	22953	1437	33.25732421875
2026-09-13T10:51:57+00:00	torvalds__linux	L	pipeline	20033	4875	62	95.2	22922	1436	32.9638671875
2026-09-13T10:52:12+00:00	torvalds__linux	L	pipeline	20048	4916	72	94.4	22934	1436	33.29150390625
2026-09-13T10:52:27+00:00	torvalds__linux	L	pipeline	20063	4686	49	94.7	23028	1436	32.0341796875
2026-09-13T10:52:42+00:00	torvalds__linux	L	pipeline	20078	4502	29	95.0	22945	1436	32.6123046875
2026-09-13T10:52:57+00:00	torvalds__linux	L	pipeline	20093	4907	69	95.6	23054	1436	31.7568359375
2026-09-13T10:53:12+00:00	torvalds__linux	L	pipeline	20108	5022	76	94.9	22952	1436	30.96826171875
2026-09-13T10:53:27+00:00	torvalds__linux	L	pipeline	20123	4659	48	94.8	22993	1436	32.4052734375
2026-09-13T10:53:42+00:00	torvalds__linux	L	pipeline	20138	4455	23	92.5	22877	1436	32.79541015625
2026-09-13T10:53:57+00:00	torvalds__linux	L	pipeline	20153	4760	52	92.8	23178	1436	34.7724609375
2026-09-13T10:54:12+00:00	torvalds__linux	L	pipeline	20169	4758	56	95.5	22966	1436	35.029296875
2026-09-13T10:54:27+00:00	torvalds__linux	L	pipeline	20184	4678	50	95.4	22997	1435	34.06201171875
2026-09-13T10:54:42+00:00	torvalds__linux	L	pipeline	20199	4736	55	91.5	22989	1435	33.640625
2026-09-13T10:54:57+00:00	torvalds__linux	L	pipeline	20214	5070	79	95.5	22978	1435	33.06689453125
2026-09-13T10:55:13+00:00	torvalds__linux	L	pipeline	20229	4676	45	95.0	22875	1435	33.560546875
2026-09-13T10:55:28+00:00	torvalds__linux	L	pipeline	20244	4643	43	94.5	22963	1435	32.36767578125
2026-09-13T10:55:43+00:00	torvalds__linux	L	pipeline	20259	4814	60	93.0	22969	1435	29.0234375
2026-09-13T10:55:58+00:00	torvalds__linux	L	pipeline	20274	5019	75	91.1	22969	1435	29.97021484375
2026-09-13T10:56:13+00:00	torvalds__linux	L	pipeline	20289	4848	66	94.9	22931	1435	29.984375
2026-09-13T10:56:28+00:00	torvalds__linux	L	pipeline	20304	4845	57	92.4	22991	1435	30.43115234375
2026-09-13T10:56:43+00:00	torvalds__linux	L	pipeline	20319	4434	21	93.5	23046	1434	30.3662109375
2026-09-13T10:56:58+00:00	torvalds__linux	L	pipeline	20334	4646	46	94.5	22832	1434	30.189453125
2026-09-13T10:57:13+00:00	torvalds__linux	L	pipeline	20349	4657	42	90.4	23061	1434	30.26123046875
2026-09-13T10:57:28+00:00	torvalds__linux	L	pipeline	20364	4486	25	92.3	22854	1434	30.90380859375
2026-09-13T10:57:43+00:00	torvalds__linux	L	pipeline	20379	4897	65	88.7	22992	1434	30.8876953125
2026-09-13T10:57:58+00:00	torvalds__linux	L	pipeline	20394	5012	76	94.7	22958	1434	31.62744140625
2026-09-13T10:58:13+00:00	torvalds__linux	L	pipeline	20409	4598	38	91.3	23131	1434	30.45361328125
2026-09-13T10:58:28+00:00	torvalds__linux	L	pipeline	20424	4720	47	89.2	23036	1434	28.33740234375
2026-09-13T10:58:43+00:00	torvalds__linux	L	pipeline	20439	4572	38	88.1	23050	1434	28.0703125
2026-09-13T10:58:58+00:00	torvalds__linux	L	pipeline	20454	4457	23	94.0	23172	1433	28.39892578125
2026-09-13T10:59:13+00:00	torvalds__linux	L	pipeline	20470	4534	31	95.1	22995	1433	28.9208984375
2026-09-13T10:59:28+00:00	torvalds__linux	L	pipeline	20485	4350	9	81.6	22930	1433	26.19140625
2026-09-13T10:59:43+00:00	torvalds__linux	L	pipeline	20500	4541	35	60.4	23024	1433	25.02490234375
2026-09-13T10:59:58+00:00	torvalds__linux	L	pipeline	20515	4628	41	94.1	23072	1433	25.9755859375
2026-09-13T11:00:14+00:00	torvalds__linux	L	pipeline	20530	4751	48	92.5	23094	1433	28.37060546875
2026-09-13T11:00:29+00:00	torvalds__linux	L	pipeline	20545	4654	45	92.9	23084	1433	29.271484375
2026-09-13T11:00:44+00:00	torvalds__linux	L	pipeline	20560	4743	54	92.1	23027	1433	27.94091796875
2026-09-13T11:00:59+00:00	torvalds__linux	L	pipeline	20575	4548	31	93.9	22890	1433	26.77880859375
2026-09-13T11:01:14+00:00	torvalds__linux	L	pipeline	20590	4514	27	90.4	23294	1433	28.04736328125
2026-09-13T11:01:29+00:00	torvalds__linux	L	pipeline	20605	4773	56	94.4	23179	1432	27.703125
2026-09-13T11:01:44+00:00	torvalds__linux	L	pipeline	20620	4839	62	92.7	23003	1432	29.59130859375
2026-09-13T11:01:59+00:00	torvalds__linux	L	pipeline	20635	4758	55	92.6	23135	1432	28.931640625
2026-09-13T11:02:14+00:00	torvalds__linux	L	pipeline	20650	4755	50	92.8	22963	1432	28.30029296875
2026-09-13T11:02:29+00:00	torvalds__linux	L	pipeline	20665	4504	26	92.5	22977	1432	29.00537109375
2026-09-13T11:02:44+00:00	torvalds__linux	L	pipeline	20680	4540	34	89.7	22928	1432	29.1708984375
2026-09-13T11:02:59+00:00	torvalds__linux	L	pipeline	20695	4986	74	89.2	23204	1432	29.85400390625
2026-09-13T11:03:14+00:00	torvalds__linux	L	pipeline	20710	4470	23	84.3	22939	1432	28.99951171875
2026-09-13T11:03:29+00:00	torvalds__linux	L	pipeline	20725	4948	75	93.0	23087	1432	29.14013671875
2026-09-13T11:03:44+00:00	torvalds__linux	L	pipeline	20740	4785	53	94.6	23071	1431	28.94384765625
2026-09-13T11:03:59+00:00	torvalds__linux	L	pipeline	20755	4772	51	92.0	23061	1431	28.4169921875
2026-09-13T11:04:14+00:00	torvalds__linux	L	pipeline	20771	4836	60	92.5	23281	1431	30.849609375
2026-09-13T11:04:29+00:00	torvalds__linux	L	pipeline	20786	4833	57	90.9	23096	1431	28.1181640625
2026-09-13T11:04:44+00:00	torvalds__linux	L	pipeline	20801	4763	54	92.3	23037	1431	28.91064453125
2026-09-13T11:04:59+00:00	torvalds__linux	L	pipeline	20816	4814	60	94.0	23115	1431	28.51171875
2026-09-13T11:05:15+00:00	torvalds__linux	L	pipeline	20831	5030	73	93.0	22957	1431	29.1845703125
2026-09-13T11:05:30+00:00	torvalds__linux	L	pipeline	20846	4766	53	94.2	22985	1431	30.14990234375
2026-09-13T11:05:45+00:00	torvalds__linux	L	pipeline	20861	4498	24	94.0	22936	1431	30.7646484375
2026-09-13T11:06:00+00:00	torvalds__linux	L	pipeline	20876	4405	16	92.1	22985	1430	32.45947265625
2026-09-13T11:06:15+00:00	torvalds__linux	L	pipeline	20891	4696	45	93.0	23049	1430	33.357421875
2026-09-13T11:06:30+00:00	torvalds__linux	L	pipeline	20906	4750	51	93.3	22960	1430	32.404296875
2026-09-13T11:06:45+00:00	torvalds__linux	L	pipeline	20921	4877	63	89.1	23024	1430	30.3310546875
2026-09-13T11:07:00+00:00	torvalds__linux	L	pipeline	20936	4439	15	91.0	22840	1430	31.1923828125
2026-09-13T11:07:15+00:00	torvalds__linux	L	pipeline	20951	4820	59	90.0	23134	1430	30.453125
2026-09-13T11:07:30+00:00	torvalds__linux	L	pipeline	20966	4863	61	94.1	23022	1430	30.6884765625
2026-09-13T11:07:45+00:00	torvalds__linux	L	pipeline	20981	4633	43	90.4	22975	1430	32.79296875
2026-09-13T11:08:00+00:00	torvalds__linux	L	pipeline	20996	4421	20	94.8	22849	1430	33.75927734375
2026-09-13T11:08:15+00:00	torvalds__linux	L	pipeline	21011	4927	66	95.1	22991	1429	34.11767578125
2026-09-13T11:08:30+00:00	torvalds__linux	L	pipeline	21026	4735	53	94.9	22897	1429	32.7958984375
2026-09-13T11:08:45+00:00	torvalds__linux	L	pipeline	21041	4666	42	94.2	23285	1429	31.56591796875
2026-09-13T11:09:00+00:00	torvalds__linux	L	pipeline	21056	4662	43	92.6	22923	1429	31.9384765625
2026-09-13T11:09:15+00:00	torvalds__linux	L	pipeline	21072	4436	24	93.2	22978	1429	33.158203125
2026-09-13T11:09:30+00:00	torvalds__linux	L	pipeline	21087	4909	67	92.0	22998	1429	30.19189453125
2026-09-13T11:09:45+00:00	torvalds__linux	L	pipeline	21102	4541	34	51.3	23225	1429	28.67236328125
2026-09-13T11:10:00+00:00	torvalds__linux	L	pipeline	21117	4575	34	84.9	22946	1429	29.28759765625
2026-09-13T11:10:16+00:00	torvalds__linux	L	pipeline	21132	4737	50	94.0	22938	1429	30.513671875
2026-09-13T11:10:31+00:00	torvalds__linux	L	pipeline	21147	4640	42	92.5	23018	1429	28.4140625
2026-09-13T11:10:46+00:00	torvalds__linux	L	pipeline	21162	4609	38	92.6	23166	1428	27.68212890625
2026-09-13T11:11:01+00:00	torvalds__linux	L	pipeline	21177	4680	44	93.8	23007	1428	28.62060546875
2026-09-13T11:11:16+00:00	torvalds__linux	L	pipeline	21192	4597	36	94.0	22916	1428	26.556640625
2026-09-13T11:11:31+00:00	torvalds__linux	L	pipeline	21207	4557	34	89.7	22905	1428	25.40478515625
2026-09-13T11:11:46+00:00	torvalds__linux	L	pipeline	21222	4497	27	94.5	23069	1428	26.6015625
2026-09-13T11:12:01+00:00	torvalds__linux	L	pipeline	21237	4567	34	93.1	23000	1428	28.56884765625
2026-09-13T11:12:16+00:00	torvalds__linux	L	pipeline	21252	4753	54	94.2	22998	1428	29.3095703125
2026-09-13T11:12:31+00:00	torvalds__linux	L	pipeline	21267	4554	32	93.5	23018	1428	29.92822265625
2026-09-13T11:12:46+00:00	torvalds__linux	L	pipeline	21282	4671	46	92.5	23208	1427	30.54345703125
2026-09-13T11:13:01+00:00	torvalds__linux	L	pipeline	21297	4596	37	94.7	22934	1427	31.5751953125
2026-09-13T11:13:16+00:00	torvalds__linux	L	pipeline	21312	4778	57	94.7	22917	1427	33.64599609375
2026-09-13T11:13:31+00:00	torvalds__linux	L	pipeline	21327	4907	68	91.2	22852	1427	32.29345703125
2026-09-13T11:13:46+00:00	torvalds__linux	L	pipeline	21342	4929	68	95.1	23263	1427	32.06103515625
2026-09-13T11:14:01+00:00	torvalds__linux	L	pipeline	21357	4633	42	92.6	22938	1427	29.9052734375
2026-09-13T11:14:16+00:00	torvalds__linux	L	pipeline	21373	4481	24	92.3	22910	1427	30.93896484375
2026-09-13T11:14:31+00:00	torvalds__linux	L	pipeline	21388	4922	67	93.3	23017	1427	31.4375
2026-09-13T11:14:46+00:00	torvalds__linux	L	pipeline	21403	4694	49	92.8	23038	1427	31.27294921875
2026-09-13T11:15:02+00:00	torvalds__linux	L	pipeline	21418	4660	43	93.7	22953	1426	28.18359375
2026-09-13T11:15:17+00:00	torvalds__linux	L	pipeline	21433	4746	53	93.8	22864	1426	28.4765625
2026-09-13T11:15:32+00:00	torvalds__linux	L	pipeline	21448	4665	45	95.4	22916	1426	31.0751953125
2026-09-13T11:15:47+00:00	torvalds__linux	L	pipeline	21463	4747	49	95.0	23223	1426	31.27001953125
2026-09-13T11:16:02+00:00	torvalds__linux	L	pipeline	21478	4950	73	92.9	23035	1426	32.02490234375
2026-09-13T11:16:17+00:00	torvalds__linux	L	pipeline	21493	4528	30	94.1	23229	1426	32.09228515625
2026-09-13T11:16:32+00:00	torvalds__linux	L	pipeline	21508	4435	21	86.0	22964	1426	28.76513671875
2026-09-13T11:16:47+00:00	torvalds__linux	L	pipeline	21523	4507	26	92.2	23246	1426	28.634765625
2026-09-13T11:17:02+00:00	torvalds__linux	L	pipeline	21538	4353	11	93.5	23008	1425	29.25
2026-09-13T11:17:17+00:00	torvalds__linux	L	pipeline	21553	4675	42	89.1	22961	1425	30.14306640625
2026-09-13T11:17:32+00:00	torvalds__linux	L	pipeline	21568	4714	48	92.5	23021	1425	28.34326171875
2026-09-13T11:17:47+00:00	torvalds__linux	L	pipeline	21583	4426	19	88.9	23230	1425	26.6591796875
2026-09-13T11:18:02+00:00	torvalds__linux	L	pipeline	21598	4622	36	90.4	22978	1425	27.39990234375
2026-09-13T11:18:17+00:00	torvalds__linux	L	pipeline	21613	4485	26	90.8	23057	1425	28.17919921875
2026-09-13T11:18:32+00:00	torvalds__linux	L	pipeline	21628	4598	38	94.1	22925	1425	27.9912109375
2026-09-13T11:18:47+00:00	torvalds__linux	L	pipeline	21643	4740	52	92.1	23208	1425	30.05615234375
2026-09-13T11:19:02+00:00	torvalds__linux	L	pipeline	21659	4611	34	93.2	23003	1425	30.4931640625
2026-09-13T11:19:17+00:00	torvalds__linux	L	pipeline	21674	4460	23	94.4	22917	1425	32.2392578125
2026-09-13T11:19:33+00:00	torvalds__linux	L	pipeline	21689	4475	21	92.7	22753	1424	31.384765625
2026-09-13T11:19:48+00:00	torvalds__linux	L	pipeline	21704	4412	16	50.3	22905	1424	26.0634765625
2026-09-13T11:20:03+00:00	torvalds__linux	L	pipeline	21719	4618	36	92.2	22960	1424	29.23388671875
2026-09-13T11:20:18+00:00	torvalds__linux	L	pipeline	21734	4289	3	55.4	22755	1424	26.712890625
2026-09-13T11:20:33+00:00	torvalds__linux	L	pipeline	21749	4820	58	92.4	22926	1424	28.3828125
2026-09-13T11:20:48+00:00	torvalds__linux	L	pipeline	21764	4617	36	90.2	22945	1424	29.70556640625
2026-09-13T11:21:03+00:00	torvalds__linux	L	pipeline	21779	4673	45	90.6	22939	1424	28.94091796875
2026-09-13T11:21:18+00:00	torvalds__linux	L	pipeline	21794	4354	9	53.0	22864	1424	25.42431640625
2026-09-13T11:21:33+00:00	torvalds__linux	L	pipeline	21809	4577	35	86.4	22983	1424	26.39306640625
2026-09-13T11:21:48+00:00	torvalds__linux	L	pipeline	21824	4768	50	90.7	22966	1423	26.24951171875
2026-09-13T11:22:03+00:00	torvalds__linux	L	pipeline	21839	4722	47	93.0	23045	1423	26.4111328125
2026-09-13T11:22:18+00:00	torvalds__linux	L	pipeline	21854	4856	62	93.1	23224	1423	27.27490234375
2026-09-13T11:22:33+00:00	torvalds__linux	L	pipeline	21869	4608	35	93.3	22956	1423	28.599609375
2026-09-13T11:22:48+00:00	torvalds__linux	L	pipeline	21884	4528	29	93.2	23058	1423	29.88427734375
2026-09-13T11:23:03+00:00	torvalds__linux	L	pipeline	21899	4596	33	94.8	23098	1423	29.81787109375
2026-09-13T11:23:18+00:00	torvalds__linux	L	pipeline	21914	4489	24	94.4	22931	1423	29.7880859375
2026-09-13T11:23:33+00:00	torvalds__linux	L	pipeline	21930	4626	43	95.2	23026	1423	31.22705078125
2026-09-13T11:23:48+00:00	torvalds__linux	L	pipeline	21945	4583	36	95.0	23283	1423	34.25048828125
2026-09-13T11:24:03+00:00	torvalds__linux	L	pipeline	21960	4676	43	94.6	22989	1423	34.1640625
2026-09-13T11:24:18+00:00	torvalds__linux	L	pipeline	21975	4852	62	90.8	23130	1423	31.23876953125
2026-09-13T11:24:34+00:00	torvalds__linux	L	pipeline	21990	4569	35	94.5	23051	1422	31.09912109375
2026-09-13T11:24:49+00:00	torvalds__linux	L	pipeline	22005	4637	39	91.9	23003	1422	31.35986328125
2026-09-13T11:25:04+00:00	torvalds__linux	L	pipeline	22020	4501	25	90.9	23013	1422	30.46044921875
2026-09-13T11:25:19+00:00	torvalds__linux	L	pipeline	22035	4719	46	87.7	23063	1422	30.00830078125
2026-09-13T11:25:34+00:00	torvalds__linux	L	pipeline	22050	4767	52	91.8	23000	1422	28.3369140625
2026-09-13T11:25:49+00:00	torvalds__linux	L	pipeline	22065	4737	50	59.1	22956	1422	25.9833984375
2026-09-13T11:26:04+00:00	torvalds__linux	L	pipeline	22080	4625	40	92.2	23076	1422	26.47900390625
2026-09-13T11:26:19+00:00	torvalds__linux	L	pipeline	22095	4836	60	91.1	23050	1422	26.4755859375
2026-09-13T11:26:34+00:00	torvalds__linux	L	pipeline	22110	4638	40	92.6	23048	1422	26.81298828125
2026-09-13T11:26:49+00:00	torvalds__linux	L	pipeline	22125	4761	53	87.7	22956	1421	25.95947265625
2026-09-13T11:27:04+00:00	torvalds__linux	L	pipeline	22140	4537	31	94.9	23067	1421	28.30126953125
2026-09-13T11:27:19+00:00	torvalds__linux	L	pipeline	22155	4659	43	91.7	22960	1421	28.111328125
2026-09-13T11:27:34+00:00	torvalds__linux	L	pipeline	22170	4571	33	94.6	22973	1421	28.1162109375
2026-09-13T11:27:49+00:00	torvalds__linux	L	pipeline	22185	4915	68	95.1	22947	1421	28.591796875
2026-09-13T11:28:04+00:00	torvalds__linux	L	pipeline	22200	4439	19	93.6	23045	1421	29.314453125
2026-09-13T11:28:19+00:00	torvalds__linux	L	pipeline	22215	4447	20	94.3	22901	1421	29.03515625
2026-09-13T11:28:34+00:00	torvalds__linux	L	pipeline	22230	4577	34	86.7	23006	1421	28.52978515625
2026-09-13T11:28:49+00:00	torvalds__linux	L	pipeline	22246	5024	76	93.2	23043	1420	29.8291015625
2026-09-13T11:29:04+00:00	torvalds__linux	L	pipeline	22261	4780	48	92.7	23132	1420	29.12841796875
2026-09-13T11:29:19+00:00	torvalds__linux	L	pipeline	22276	5003	73	92.0	23100	1420	29.11376953125
2026-09-13T11:29:34+00:00	torvalds__linux	L	pipeline	22291	4567	32	93.0	23066	1420	31.65673828125
2026-09-13T11:29:50+00:00	torvalds__linux	L	pipeline	22306	4674	41	89.1	22973	1420	30.931640625
2026-09-13T11:30:05+00:00	torvalds__linux	L	pipeline	22321	4994	76	95.1	23098	1420	32.6474609375
2026-09-13T11:30:20+00:00	torvalds__linux	L	pipeline	22336	4656	45	94.0	23010	1420	31.384765625
2026-09-13T11:30:35+00:00	torvalds__linux	L	pipeline	22351	4674	46	91.0	23026	1420	30.75341796875
2026-09-13T11:30:50+00:00	torvalds__linux	L	pipeline	22366	4544	33	90.5	23147	1420	33.525390625
2026-09-13T11:31:05+00:00	torvalds__linux	L	pipeline	22381	4937	68	91.8	23111	1420	33.72119140625
2026-09-13T11:31:20+00:00	torvalds__linux	L	pipeline	22396	4586	37	92.3	23125	1419	34.24267578125
2026-09-13T11:31:35+00:00	torvalds__linux	L	pipeline	22411	4739	53	90.1	22926	1419	33.33203125
2026-09-13T11:31:50+00:00	torvalds__linux	L	pipeline	22426	4660	44	91.4	23230	1419	31.87890625
2026-09-13T11:32:05+00:00	torvalds__linux	L	pipeline	22441	5169	87	92.7	23133	1419	31.07958984375
2026-09-13T11:32:20+00:00	torvalds__linux	L	pipeline	22456	4927	69	92.9	23096	1419	29.51025390625
2026-09-13T11:32:35+00:00	torvalds__linux	L	pipeline	22471	4820	60	94.5	23029	1419	29.64453125
2026-09-13T11:32:50+00:00	torvalds__linux	L	pipeline	22486	4520	28	92.4	23099	1419	29.7587890625
2026-09-13T11:33:05+00:00	torvalds__linux	L	pipeline	22501	4715	52	90.8	23118	1419	29.9970703125
2026-09-13T11:33:20+00:00	torvalds__linux	L	pipeline	22516	4616	41	91.3	23081	1418	28.431640625
2026-09-13T11:33:35+00:00	torvalds__linux	L	pipeline	22532	5003	76	91.1	23159	1418	29.5224609375
2026-09-13T11:33:50+00:00	torvalds__linux	L	pipeline	22547	4891	70	93.4	23037	1418	28.6533203125
2026-09-13T11:34:05+00:00	torvalds__linux	L	pipeline	22562	4765	53	83.6	23104	1418	27.7607421875
2026-09-13T11:34:21+00:00	torvalds__linux	L	pipeline	22577	4762	54	95.2	23041	1418	26.7490234375
2026-09-13T11:34:36+00:00	torvalds__linux	L	pipeline	22592	4697	43	92.7	23112	1418	27.591796875
2026-09-13T11:34:51+00:00	torvalds__linux	L	pipeline	22607	4785	57	95.0	22973	1418	29.404296875
2026-09-13T11:35:06+00:00	torvalds__linux	L	pipeline	22622	4906	66	95.4	23143	1418	30.080078125
2026-09-13T11:35:21+00:00	torvalds__linux	L	pipeline	22637	4799	57	91.3	23072	1417	32.10009765625
2026-09-13T11:35:36+00:00	torvalds__linux	L	pipeline	22652	4980	74	92.2	23089	1417	32.21826171875
2026-09-13T11:35:51+00:00	torvalds__linux	L	pipeline	22667	4367	9	90.4	23084	1417	31.34423828125
2026-09-13T11:36:06+00:00	torvalds__linux	L	pipeline	22682	4637	43	93.0	23099	1417	29.35302734375
2026-09-13T11:36:21+00:00	torvalds__linux	L	pipeline	22697	4663	45	95.1	23175	1417	31.00830078125
2026-09-13T11:36:36+00:00	torvalds__linux	L	pipeline	22712	4722	49	93.6	23205	1417	33.72998046875
2026-09-13T11:36:51+00:00	torvalds__linux	L	pipeline	22727	4602	40	89.1	23193	1417	32.07080078125
2026-09-13T11:37:06+00:00	torvalds__linux	L	pipeline	22742	4942	67	92.8	23036	1417	31.42724609375
2026-09-13T11:37:21+00:00	torvalds__linux	L	pipeline	22757	4768	58	92.2	23076	1417	31.818359375
2026-09-13T11:37:36+00:00	torvalds__linux	L	pipeline	22772	4764	54	93.2	23037	1417	32.4580078125
2026-09-13T11:37:51+00:00	torvalds__linux	L	pipeline	22787	4998	71	94.5	23091	1416	31.58349609375
2026-09-13T11:38:06+00:00	torvalds__linux	L	pipeline	22802	4890	68	94.4	23158	1416	30.62841796875
2026-09-13T11:38:21+00:00	torvalds__linux	L	pipeline	22818	4853	64	93.0	23132	1416	30.1435546875
2026-09-13T11:38:36+00:00	torvalds__linux	L	pipeline	22833	4572	34	91.1	22995	1416	31.3720703125
2026-09-13T11:38:51+00:00	torvalds__linux	L	pipeline	22848	4593	37	87.0	23169	1416	31.19677734375
2026-09-13T11:39:07+00:00	torvalds__linux	L	pipeline	22863	4719	48	91.8	23042	1416	30.138671875
2026-09-13T11:39:22+00:00	torvalds__linux	L	pipeline	22878	4528	28	91.6	23086	1416	29.59716796875
2026-09-13T11:39:37+00:00	torvalds__linux	L	pipeline	22893	4699	46	90.6	23127	1416	30.291015625
2026-09-13T11:39:52+00:00	torvalds__linux	L	pipeline	22908	4857	62	88.7	23054	1416	30.17626953125
2026-09-13T11:40:07+00:00	torvalds__linux	L	pipeline	22923	4801	57	91.6	23105	1416	30.11474609375
2026-09-13T11:40:22+00:00	torvalds__linux	L	pipeline	22938	4643	42	92.2	23018	1415	30.81103515625
2026-09-13T11:40:37+00:00	torvalds__linux	L	pipeline	22953	4632	41	95.2	23069	1415	31.29541015625
2026-09-13T11:40:52+00:00	torvalds__linux	L	pipeline	22968	4729	52	93.5	23195	1415	31.7470703125
2026-09-13T11:41:07+00:00	torvalds__linux	L	pipeline	22983	4687	44	95.4	23105	1415	33.0732421875
2026-09-13T11:41:22+00:00	torvalds__linux	L	pipeline	22998	4848	57	83.4	23051	1415	32.7177734375
2026-09-13T11:41:37+00:00	torvalds__linux	L	pipeline	23013	4660	43	93.6	23180	1415	32.775390625
2026-09-13T11:41:52+00:00	torvalds__linux	L	pipeline	23028	4471	23	88.6	22843	1415	32.9658203125
2026-09-13T11:42:07+00:00	torvalds__linux	L	pipeline	23043	4874	64	53.3	22976	1415	30.19921875
2026-09-13T11:42:22+00:00	torvalds__linux	L	pipeline	23058	4704	49	92.5	23081	1415	30.17138671875
2026-09-13T11:42:37+00:00	torvalds__linux	L	pipeline	23073	4591	38	92.6	23095	1414	29.67236328125
2026-09-13T11:42:52+00:00	torvalds__linux	L	pipeline	23088	4552	31	94.7	23268	1414	29.91064453125
2026-09-13T11:43:07+00:00	torvalds__linux	L	pipeline	23103	4848	61	94.9	23125	1414	30.91796875
2026-09-13T11:43:22+00:00	torvalds__linux	L	pipeline	23119	4288	4	93.2	23120	1414	30.4189453125
2026-09-13T11:43:37+00:00	torvalds__linux	L	pipeline	23134	4476	21	89.4	23035	1414	29.857421875
2026-09-13T11:43:52+00:00	torvalds__linux	L	pipeline	23149	4823	61	88.8	23200	1414	28.96484375
2026-09-13T11:44:07+00:00	torvalds__linux	L	pipeline	23164	4517	29	87.1	23077	1414	29.384765625
2026-09-13T11:44:23+00:00	torvalds__linux	L	pipeline	23179	4695	45	94.3	23100	1414	28.00390625
2026-09-13T11:44:38+00:00	torvalds__linux	L	pipeline	23194	4761	53	93.6	23015	1413	28.4697265625
2026-09-13T11:44:53+00:00	torvalds__linux	L	pipeline	23209	5059	79	92.9	23312	1413	29.7705078125
2026-09-13T11:45:08+00:00	torvalds__linux	L	pipeline	23224	5140	89	94.0	23163	1413	31.4814453125
2026-09-13T11:45:23+00:00	torvalds__linux	L	pipeline	23239	4879	65	92.6	23115	1413	28.0986328125
2026-09-13T11:45:38+00:00	torvalds__linux	L	pipeline	23254	5140	84	95.1	23153	1413	29.3046875
2026-09-13T11:45:53+00:00	torvalds__linux	L	pipeline	23269	4593	37	95.7	22962	1413	29.3740234375
2026-09-13T11:46:08+00:00	torvalds__linux	L	pipeline	23284	4656	43	95.1	22883	1413	29.41845703125
2026-09-13T11:46:23+00:00	torvalds__linux	L	pipeline	23299	4714	50	92.7	23076	1413	27.8232421875
2026-09-13T11:46:38+00:00	torvalds__linux	L	pipeline	23314	4814	60	89.4	23051	1413	28.74365234375
2026-09-13T11:46:53+00:00	torvalds__linux	L	pipeline	23329	5081	74	92.3	23169	1412	30.3564453125
2026-09-13T11:47:08+00:00	torvalds__linux	L	pipeline	23344	4822	58	95.3	23283	1412	32.53564453125
2026-09-13T11:47:23+00:00	torvalds__linux	L	pipeline	23359	4654	41	91.6	23005	1412	32.0166015625
2026-09-13T11:47:38+00:00	torvalds__linux	L	pipeline	23374	4792	57	84.4	23051	1412	30.12353515625
2026-09-13T11:47:53+00:00	torvalds__linux	L	pipeline	23389	4669	46	94.8	23027	1412	32.197265625
2026-09-13T11:48:08+00:00	torvalds__linux	L	pipeline	23405	4595	35	94.5	23222	1412	32.51025390625
2026-09-13T11:48:23+00:00	torvalds__linux	L	pipeline	23420	4738	52	94.9	23047	1412	31.44287109375
2026-09-13T11:48:38+00:00	torvalds__linux	L	pipeline	23435	4811	57	95.4	23061	1412	31.38232421875
2026-09-13T11:48:53+00:00	torvalds__linux	L	pipeline	23450	4865	62	93.5	23038	1411	29.18505859375
2026-09-13T11:49:09+00:00	torvalds__linux	L	pipeline	23465	9110	54	93.2	23183	1411	30.283203125
2026-09-13T11:49:24+00:00	torvalds__linux	L	pipeline	23480	4475	23	88.7	23008	1411	32.505859375
2026-09-13T11:49:39+00:00	torvalds__linux	L	pipeline	23495	5174	89	91.0	23160	1411	33.91748046875
2026-09-13T11:49:54+00:00	torvalds__linux	L	pipeline	23510	4690	42	92.4	23100	1411	36.2001953125
2026-09-13T11:50:09+00:00	torvalds__linux	L	pipeline	23525	4617	37	89.6	23147	1411	34.08251953125
2026-09-13T11:50:24+00:00	torvalds__linux	L	pipeline	23540	4754	52	90.4	23102	1411	33.81103515625
2026-09-13T11:50:39+00:00	torvalds__linux	L	pipeline	23555	4706	52	91.3	23062	1411	34.06005859375
2026-09-13T11:50:54+00:00	torvalds__linux	L	pipeline	23570	4690	48	90.8	23056	1411	33.306640625
2026-09-13T11:51:09+00:00	torvalds__linux	L	pipeline	23585	4760	54	91.2	23031	1410	33.43017578125
2026-09-13T11:51:24+00:00	torvalds__linux	L	pipeline	23600	4555	33	93.7	23017	1410	33.62255859375
2026-09-13T11:51:39+00:00	torvalds__linux	L	pipeline	23615	4984	71	95.5	23047	1410	32.48681640625
2026-09-13T11:51:54+00:00	torvalds__linux	L	pipeline	23630	4679	48	92.3	22958	1410	31.3271484375
2026-09-13T11:52:09+00:00	torvalds__linux	L	pipeline	23645	4544	32	94.1	23209	1410	30.58154296875
2026-09-13T11:52:24+00:00	torvalds__linux	L	pipeline	23660	4570	34	95.1	22890	1410	29.91455078125
2026-09-13T11:52:39+00:00	torvalds__linux	L	pipeline	23675	4597	35	92.6	22985	1410	27.77197265625
2026-09-13T11:52:54+00:00	torvalds__linux	L	pipeline	23691	4530	32	91.3	22954	1410	29.2822265625
2026-09-13T11:53:09+00:00	torvalds__linux	L	pipeline	23706	4905	68	93.8	23298	1409	30.099609375
2026-09-13T11:53:24+00:00	torvalds__linux	L	pipeline	23721	4675	48	89.5	23095	1409	30.94677734375
2026-09-13T11:53:40+00:00	torvalds__linux	L	pipeline	23736	4450	19	91.5	22926	1409	30.21337890625
2026-09-13T11:53:55+00:00	torvalds__linux	L	pipeline	23751	4737	49	90.6	22938	1409	28.7978515625
2026-09-13T11:54:10+00:00	torvalds__linux	L	pipeline	23766	4539	32	92.0	23084	1409	29.4755859375
2026-09-13T11:54:25+00:00	torvalds__linux	L	pipeline	23781	4674	43	94.8	23029	1409	30.1455078125
2026-09-13T11:54:40+00:00	torvalds__linux	L	pipeline	23796	4411	16	91.9	23053	1409	29.85498046875
2026-09-13T11:54:55+00:00	torvalds__linux	L	pipeline	23811	4654	44	90.5	23127	1409	27.6376953125
2026-09-13T11:55:10+00:00	torvalds__linux	L	pipeline	23826	4743	50	88.7	22950	1409	26.251953125
2026-09-13T11:55:25+00:00	torvalds__linux	L	pipeline	23841	4572	35	88.5	23019	1409	27.4892578125
2026-09-13T11:55:40+00:00	torvalds__linux	L	pipeline	23856	4560	35	90.3	22925	1408	27.99658203125
2026-09-13T11:55:55+00:00	torvalds__linux	L	pipeline	23871	4757	52	93.6	22983	1408	28.7607421875
2026-09-13T11:56:10+00:00	torvalds__linux	L	pipeline	23886	4784	51	92.7	23279	1408	27.29833984375
2026-09-13T11:56:25+00:00	torvalds__linux	L	pipeline	23901	4427	17	86.6	22994	1408	26.59033203125
2026-09-13T11:56:40+00:00	torvalds__linux	L	pipeline	23916	4679	46	79.9	22927	1408	25.2587890625
2026-09-13T11:56:55+00:00	torvalds__linux	L	pipeline	23931	4288	3	90.6	22865	1408	27.16064453125
2026-09-13T11:57:10+00:00	torvalds__linux	L	pipeline	23946	4928	71	94.1	22993	1408	28.26416015625
2026-09-13T11:57:25+00:00	torvalds__linux	L	pipeline	23961	4619	39	92.7	23079	1408	30.19580078125
2026-09-13T11:57:40+00:00	torvalds__linux	L	pipeline	23977	4664	43	91.5	23005	1407	30.76904296875
2026-09-13T11:57:55+00:00	torvalds__linux	L	pipeline	23992	4545	34	92.2	23044	1407	30.6240234375
2026-09-13T11:58:10+00:00	torvalds__linux	L	pipeline	24007	4806	50	94.3	23326	1407	30.8564453125
2026-09-13T11:58:25+00:00	torvalds__linux	L	pipeline	24022	4514	25	84.4	23040	1407	30.23486328125
2026-09-13T11:58:41+00:00	torvalds__linux	L	pipeline	24037	4574	35	94.1	22992	1407	30.41064453125
2026-09-13T11:58:56+00:00	torvalds__linux	L	pipeline	24052	4289	3	82.4	22822	1407	26.70947265625
2026-09-13T11:59:11+00:00	torvalds__linux	L	pipeline	24067	4492	26	90.6	23244	1407	26.515625
2026-09-13T11:59:26+00:00	torvalds__linux	L	pipeline	24082	4503	28	88.5	23018	1407	27.779296875
2026-09-13T11:59:41+00:00	torvalds__linux	L	pipeline	24097	4552	30	92.4	23070	1407	26.26416015625
2026-09-13T11:59:56+00:00	torvalds__linux	L	pipeline	24112	4656	42	90.8	23234	1406	27.640625
2026-09-13T12:00:11+00:00	torvalds__linux	L	pipeline	24127	4554	33	94.8	22990	1406	28.69775390625
2026-09-13T12:00:26+00:00	torvalds__linux	L	pipeline	24142	5016	71	91.7	23065	1406	27.19189453125
2026-09-13T12:00:41+00:00	torvalds__linux	L	pipeline	24157	4593	37	88.5	23039	1406	27.33935546875
2026-09-13T12:00:56+00:00	torvalds__linux	L	pipeline	24172	4680	43	92.8	23029	1406	26.583984375
2026-09-13T12:01:11+00:00	torvalds__linux	L	pipeline	24187	4648	40	89.4	22962	1406	26.42236328125
2026-09-13T12:01:26+00:00	torvalds__linux	L	pipeline	24202	4952	70	89.9	23059	1406	27.2470703125
2026-09-13T12:01:41+00:00	torvalds__linux	L	pipeline	24217	4755	51	93.2	23026	1406	28.08642578125
2026-09-13T12:01:56+00:00	torvalds__linux	L	pipeline	24232	4595	38	94.5	22972	1406	26.5810546875
2026-09-13T12:02:11+00:00	torvalds__linux	L	pipeline	24247	4992	72	94.0	23004	1405	28.12841796875
2026-09-13T12:02:26+00:00	torvalds__linux	L	pipeline	24263	4693	45	57.9	22994	1405	25.64794921875
2026-09-13T12:02:41+00:00	torvalds__linux	L	pipeline	24278	4539	31	93.4	23004	1405	25.04443359375
2026-09-13T12:02:56+00:00	torvalds__linux	L	pipeline	24293	4681	45	92.4	23037	1405	26.2666015625
2026-09-13T12:03:11+00:00	torvalds__linux	L	pipeline	24308	4410	17	93.9	22884	1405	28.46240234375
2026-09-13T12:03:27+00:00	torvalds__linux	L	pipeline	24323	4774	57	93.0	23154	1405	31.556640625
2026-09-13T12:03:42+00:00	torvalds__linux	L	pipeline	24338	4736	52	91.3	23072	1405	32.89404296875
2026-09-13T12:03:57+00:00	torvalds__linux	L	pipeline	24353	4915	66	93.9	23057	1405	30.89599609375
2026-09-13T12:04:12+00:00	torvalds__linux	L	pipeline	24368	4739	49	89.1	23109	1404	30.16748046875
2026-09-13T12:04:27+00:00	torvalds__linux	L	pipeline	24383	4318	6	90.0	23027	1404	30.369140625
2026-09-13T12:04:42+00:00	torvalds__linux	L	pipeline	24398	4658	40	91.0	23065	1404	30.8291015625
2026-09-13T12:04:57+00:00	torvalds__linux	L	pipeline	24413	4378	12	90.0	22972	1404	30.15380859375
2026-09-13T12:05:12+00:00	torvalds__linux	L	pipeline	24428	4644	42	88.3	23294	1404	29.2265625
2026-09-13T12:05:27+00:00	torvalds__linux	L	pipeline	24443	4692	43	92.1	23081	1404	29.77392578125
2026-09-13T12:05:42+00:00	torvalds__linux	L	pipeline	24458	4643	41	93.3	23068	1404	29.40576171875
2026-09-13T12:05:57+00:00	torvalds__linux	L	pipeline	24473	4642	40	88.8	23007	1404	30.1513671875
2026-09-13T12:06:12+00:00	torvalds__linux	L	pipeline	24488	4647	42	87.8	22951	1404	28.14697265625
2026-09-13T12:06:27+00:00	torvalds__linux	L	pipeline	24503	4864	60	90.5	23176	1404	26.74609375
2026-09-13T12:06:42+00:00	torvalds__linux	L	pipeline	24518	4719	46	89.4	23111	1404	27.3740234375
2026-09-13T12:06:57+00:00	torvalds__linux	L	pipeline	24534	4793	55	91.7	22977	1403	27.962890625
2026-09-13T12:07:12+00:00	torvalds__linux	L	pipeline	24549	4634	40	94.9	23119	1403	28.9970703125
2026-09-13T12:07:27+00:00	torvalds__linux	L	pipeline	24564	4616	39	93.5	23050	1403	30.45849609375
2026-09-13T12:07:42+00:00	torvalds__linux	L	pipeline	24579	4673	44	90.1	23061	1403	30.91943359375
2026-09-13T12:07:58+00:00	torvalds__linux	L	pipeline	24594	4988	72	92.1	23081	1403	30.6376953125
2026-09-13T12:08:13+00:00	torvalds__linux	L	pipeline	24609	4689	45	93.1	23131	1403	30.9853515625
2026-09-13T12:08:28+00:00	torvalds__linux	L	pipeline	24624	4475	23	87.9	23057	1403	30.56298828125
2026-09-13T12:08:43+00:00	torvalds__linux	L	pipeline	24639	4785	52	90.1	23127	1403	29.93017578125
2026-09-13T12:08:58+00:00	torvalds__linux	L	pipeline	24654	4778	50	93.0	23152	1402	31.1396484375
2026-09-13T12:09:13+00:00	torvalds__linux	L	pipeline	24669	4913	66	91.5	23063	1402	30.78759765625
2026-09-13T12:09:28+00:00	torvalds__linux	L	pipeline	24684	4545	29	90.0	23124	1402	31.27880859375
2026-09-13T12:09:43+00:00	torvalds__linux	L	pipeline	24699	4892	66	91.9	23116	1402	32.12841796875
2026-09-13T12:09:58+00:00	torvalds__linux	L	pipeline	24714	4465	22	87.9	23001	1402	30.80029296875
2026-09-13T12:10:13+00:00	torvalds__linux	L	pipeline	24729	4934	65	91.9	23076	1402	30.5126953125
2026-09-13T12:10:28+00:00	torvalds__linux	L	pipeline	24744	4558	31	92.6	23079	1402	29.744140625
2026-09-13T12:10:43+00:00	torvalds__linux	L	pipeline	24759	4849	58	89.9	23105	1402	28.53076171875
2026-09-13T12:10:58+00:00	torvalds__linux	L	pipeline	24774	4917	66	88.0	23059	1401	28.7041015625
2026-09-13T12:11:13+00:00	torvalds__linux	L	pipeline	24789	4540	31	91.3	22951	1401	29.8955078125
2026-09-13T12:11:28+00:00	torvalds__linux	L	pipeline	24805	4547	31	84.7	23106	1401	27.92919921875
2026-09-13T12:11:43+00:00	torvalds__linux	L	pipeline	24820	4522	28	90.7	23094	1401	27.14990234375
2026-09-13T12:11:58+00:00	torvalds__linux	L	pipeline	24835	4711	41	92.7	23041	1401	28.46044921875
2026-09-13T12:12:14+00:00	torvalds__linux	L	pipeline	24850	4846	62	91.3	23268	1401	27.08935546875
2026-09-13T12:12:29+00:00	torvalds__linux	L	pipeline	24865	4718	50	93.9	23095	1401	28.27685546875
2026-09-13T12:12:44+00:00	torvalds__linux	L	pipeline	24880	4660	38	89.3	23144	1401	26.990234375
2026-09-13T12:12:59+00:00	torvalds__linux	L	pipeline	24895	4625	41	91.7	23109	1401	28.80712890625
2026-09-13T12:13:14+00:00	torvalds__linux	L	pipeline	24910	4569	35	91.1	23046	1400	29.85986328125
2026-09-13T12:13:29+00:00	torvalds__linux	L	pipeline	24925	4748	47	89.9	23184	1400	29.1396484375
2026-09-13T12:13:44+00:00	torvalds__linux	L	pipeline	24940	4744	50	90.4	23144	1400	30.15087890625
2026-09-13T12:13:59+00:00	torvalds__linux	L	pipeline	24955	4788	58	89.3	23039	1400	31.7958984375
2026-09-13T12:14:14+00:00	torvalds__linux	L	pipeline	24970	4729	47	92.6	23182	1400	32.6376953125
2026-09-13T12:14:29+00:00	torvalds__linux	L	pipeline	24985	4372	12	93.0	23075	1400	32.8291015625
2026-09-13T12:14:44+00:00	torvalds__linux	L	pipeline	25000	4801	60	87.4	23146	1400	31.87744140625
2026-09-13T12:14:59+00:00	torvalds__linux	L	pipeline	25015	4631	37	90.6	23139	1400	30.8994140625
2026-09-13T12:15:14+00:00	torvalds__linux	L	pipeline	25030	4823	59	91.7	23157	1400	31.796875
2026-09-13T12:15:29+00:00	torvalds__linux	L	pipeline	25045	4721	50	93.9	23162	1399	31.61962890625
2026-09-13T12:15:44+00:00	torvalds__linux	L	pipeline	25060	4927	60	89.1	23240	1399	28.1513671875
2026-09-13T12:15:59+00:00	torvalds__linux	L	pipeline	25075	4641	41	92.1	23116	1399	27.69970703125
2026-09-13T12:16:14+00:00	torvalds__linux	L	pipeline	25091	4744	50	94.8	23200	1399	28.07470703125
2026-09-13T12:16:29+00:00	torvalds__linux	L	pipeline	25106	4776	52	94.9	23143	1399	30.8974609375
2026-09-13T12:16:44+00:00	torvalds__linux	L	pipeline	25121	4668	43	93.8	23002	1399	29.10986328125
2026-09-13T12:17:00+00:00	torvalds__linux	L	pipeline	25136	4646	43	92.4	23062	1399	29.31396484375
2026-09-13T12:17:15+00:00	torvalds__linux	L	pipeline	25151	4443	21	90.6	22989	1399	29.458984375
2026-09-13T12:17:30+00:00	torvalds__linux	L	pipeline	25166	4927	71	90.6	23097	1398	30.71923828125
2026-09-13T12:17:45+00:00	torvalds__linux	L	pipeline	25181	4794	56	92.7	23132	1398	31.0478515625
2026-09-13T12:18:00+00:00	torvalds__linux	L	pipeline	25196	4776	54	91.4	23149	1398	30.9775390625
2026-09-13T12:18:15+00:00	torvalds__linux	L	pipeline	25211	4826	61	89.5	23181	1398	29.15966796875
2026-09-13T12:18:30+00:00	torvalds__linux	L	pipeline	25226	4675	48	93.2	23088	1398	28.02880859375
2026-09-13T12:18:45+00:00	torvalds__linux	L	pipeline	25241	4379	15	66.6	23012	1398	26.0869140625
2026-09-13T12:19:00+00:00	torvalds__linux	L	pipeline	25256	4895	68	89.5	23154	1398	27.47607421875
2026-09-13T12:19:15+00:00	torvalds__linux	L	pipeline	25271	4730	50	86.1	23157	1398	27.931640625
2026-09-13T12:19:30+00:00	torvalds__linux	L	pipeline	25286	4735	47	89.4	23120	1398	28.36376953125
2026-09-13T12:19:45+00:00	torvalds__linux	L	pipeline	25301	4571	34	93.4	23441	1397	29.34912109375
2026-09-13T12:20:00+00:00	torvalds__linux	L	pipeline	25316	4411	14	88.8	23053	1397	29.35302734375
2026-09-13T12:20:15+00:00	torvalds__linux	L	pipeline	25331	4909	65	90.9	23237	1397	30.16064453125
2026-09-13T12:20:30+00:00	torvalds__linux	L	pipeline	25346	4805	58	92.1	23221	1397	29.75390625
2026-09-13T12:20:45+00:00	torvalds__linux	L	pipeline	25361	4521	32	92.0	23394	1397	27.31298828125
2026-09-13T12:21:00+00:00	torvalds__linux	L	pipeline	25376	4556	33	89.8	23110	1397	30.0771484375
2026-09-13T12:21:15+00:00	torvalds__linux	L	pipeline	25392	4849	65	92.9	23158	1397	30.18896484375
2026-09-13T12:21:30+00:00	torvalds__linux	L	pipeline	25407	4800	56	93.9	23210	1397	29.05615234375
2026-09-13T12:21:45+00:00	torvalds__linux	L	pipeline	25422	4714	49	91.3	23276	1397	26.97998046875
2026-09-13T12:22:01+00:00	torvalds__linux	L	pipeline	25437	4518	29	94.2	23094	1397	30.0634765625
2026-09-13T12:22:16+00:00	torvalds__linux	L	pipeline	25452	4597	36	91.4	23370	1396	28.62744140625
2026-09-13T12:22:31+00:00	torvalds__linux	L	pipeline	25467	4798	57	94.7	23180	1396	27.9638671875
2026-09-13T12:22:46+00:00	torvalds__linux	L	pipeline	25482	4643	41	92.5	23367	1396	29.9677734375
2026-09-13T12:23:01+00:00	torvalds__linux	L	pipeline	25497	4758	52	94.4	23144	1396	30.8681640625
2026-09-13T12:23:16+00:00	torvalds__linux	L	pipeline	25512	4705	47	89.7	23192	1396	31.31005859375
2026-09-13T12:23:31+00:00	torvalds__linux	L	pipeline	25527	4696	44	94.0	23140	1396	31.62451171875
2026-09-13T12:23:46+00:00	torvalds__linux	L	pipeline	25542	4541	33	93.0	23412	1396	30.63671875
2026-09-13T12:24:01+00:00	torvalds__linux	L	pipeline	25557	4916	68	92.5	23072	1396	30.1455078125
2026-09-13T12:24:16+00:00	torvalds__linux	L	pipeline	25572	4921	68	91.7	23131	1396	30.6103515625
2026-09-13T12:24:31+00:00	torvalds__linux	L	pipeline	25587	4808	56	95.3	23131	1395	28.47509765625
2026-09-13T12:24:46+00:00	torvalds__linux	L	pipeline	25602	4855	57	93.8	23435	1395	28.96484375
2026-09-13T12:25:01+00:00	torvalds__linux	L	pipeline	25617	4563	34	92.0	23104	1395	28.52294921875
2026-09-13T12:25:16+00:00	torvalds__linux	L	pipeline	25632	4588	33	91.0	23357	1395	28.56103515625
2026-09-13T12:25:31+00:00	torvalds__linux	L	pipeline	25647	4616	40	93.4	23146	1395	29.1748046875
2026-09-13T12:25:46+00:00	torvalds__linux	L	pipeline	25663	4834	60	93.9	23254	1395	29.28466796875
2026-09-13T12:26:01+00:00	torvalds__linux	L	pipeline	25678	4766	51	91.2	23069	1395	29.48095703125
2026-09-13T12:26:16+00:00	torvalds__linux	L	pipeline	25693	4721	50	95.7	23024	1395	30.2060546875
2026-09-13T12:26:32+00:00	torvalds__linux	L	pipeline	25708	4652	40	92.6	23100	1395	29.98828125
2026-09-13T12:26:47+00:00	torvalds__linux	L	pipeline	25723	4668	42	95.3	23179	1394	30.76171875
2026-09-13T12:27:02+00:00	torvalds__linux	L	pipeline	25738	4953	70	69.0	23096	1394	28.63623046875
2026-09-13T12:27:17+00:00	torvalds__linux	L	pipeline	25753	4723	48	90.3	23312	1394	28.9951171875
2026-09-13T12:27:32+00:00	torvalds__linux	L	pipeline	25768	4517	29	94.4	23402	1394	29.033203125
2026-09-13T12:27:47+00:00	torvalds__linux	L	pipeline	25783	4772	54	89.4	23042	1394	32.748046875
2026-09-13T12:28:02+00:00	torvalds__linux	L	pipeline	25798	4554	25	91.4	23036	1394	32.3515625
2026-09-13T12:28:17+00:00	torvalds__linux	L	pipeline	25813	4423	19	90.1	22935	1394	32.3603515625
2026-09-13T12:28:32+00:00	torvalds__linux	L	pipeline	25828	4497	26	91.4	23104	1394	32.44091796875
2026-09-13T12:28:47+00:00	torvalds__linux	L	pipeline	25843	5056	82	93.2	23169	1393	33.19091796875
2026-09-13T12:29:02+00:00	torvalds__linux	L	pipeline	25858	4734	50	93.2	23149	1393	32.0888671875
2026-09-13T12:29:17+00:00	torvalds__linux	L	pipeline	25873	4741	53	93.1	23137	1393	32.451171875
2026-09-13T12:29:32+00:00	torvalds__linux	L	pipeline	25888	4909	68	92.8	23214	1393	32.81689453125
2026-09-13T12:29:47+00:00	torvalds__linux	L	pipeline	25903	4842	59	92.1	23026	1393	32.8896484375
2026-09-13T12:30:02+00:00	torvalds__linux	L	pipeline	25918	4358	9	91.5	23093	1393	31.2353515625
2026-09-13T12:30:17+00:00	torvalds__linux	L	pipeline	25934	4739	47	57.0	23063	1393	26.853515625
2026-09-13T12:30:32+00:00	torvalds__linux	L	pipeline	25949	4952	29	93.2	23536	1393	27.07666015625
2026-09-13T12:30:47+00:00	torvalds__linux	L	pipeline	25964	4340	6	67.7	23092	1393	25.52001953125
2026-09-13T12:31:03+00:00	torvalds__linux	L	pipeline	25979	4655	44	92.6	23039	1392	28.73828125
2026-09-13T12:31:18+00:00	torvalds__linux	L	pipeline	25994	4631	36	90.5	23137	1392	28.59228515625
2026-09-13T12:31:33+00:00	torvalds__linux	L	pipeline	26009	4544	28	92.3	23236	1392	29.2060546875
2026-09-13T12:31:48+00:00	torvalds__linux	L	pipeline	26024	4564	32	94.1	23084	1392	31.29150390625
2026-09-13T12:32:03+00:00	torvalds__linux	L	pipeline	26039	4512	24	85.4	23103	1392	28.02490234375
2026-09-13T12:32:18+00:00	torvalds__linux	L	pipeline	26054	4761	49	93.6	23110	1392	29.1650390625
2026-09-13T12:32:33+00:00	torvalds__linux	L	pipeline	26069	4718	47	90.1	23155	1392	28.62255859375
2026-09-13T12:32:48+00:00	torvalds__linux	L	pipeline	26084	4598	32	54.0	23142	1392	26.0068359375
2026-09-13T12:33:03+00:00	torvalds__linux	L	pipeline	26099	4593	34	93.7	23175	1392	27.0087890625
2026-09-13T12:33:18+00:00	torvalds__linux	L	pipeline	26114	4764	49	89.4	23193	1392	28.17138671875
2026-09-13T12:33:33+00:00	torvalds__linux	L	pipeline	26129	4837	54	95.3	23231	1391	28.470703125
2026-09-13T12:33:48+00:00	torvalds__linux	L	pipeline	26144	4417	13	94.4	23041	1391	29.08740234375
2026-09-13T12:34:03+00:00	torvalds__linux	L	pipeline	26159	4997	73	92.8	23209	1391	29.83837890625
2026-09-13T12:34:18+00:00	torvalds__linux	L	pipeline	26174	4994	68	94.2	23264	1391	28.7724609375
2026-09-13T12:34:33+00:00	torvalds__linux	L	pipeline	26189	4695	41	92.0	23132	1391	29.70947265625
2026-09-13T12:34:48+00:00	torvalds__linux	L	pipeline	26204	4463	18	93.1	23055	1391	29.23876953125
2026-09-13T12:35:03+00:00	torvalds__linux	L	pipeline	26220	4838	58	92.5	23219	1391	28.59326171875
2026-09-13T12:35:18+00:00	torvalds__linux	L	pipeline	26235	4709	43	94.6	23268	1391	31.91552734375
2026-09-13T12:35:33+00:00	torvalds__linux	L	pipeline	26250	4840	60	92.0	23183	1391	32.10888671875
2026-09-13T12:35:49+00:00	torvalds__linux	L	pipeline	26265	4761	49	92.1	23142	1390	31.92919921875
2026-09-13T12:36:04+00:00	torvalds__linux	L	pipeline	26280	4768	54	85.5	23072	1390	31.0166015625
2026-09-13T12:36:19+00:00	torvalds__linux	L	pipeline	26295	4984	61	91.9	23267	1390	31.533203125
2026-09-13T12:36:34+00:00	torvalds__linux	L	pipeline	26310	4786	52	95.5	23197	1390	30.98974609375
2026-09-13T12:36:49+00:00	torvalds__linux	L	pipeline	26325	4814	56	89.6	23040	1390	30.89306640625
2026-09-13T12:37:04+00:00	torvalds__linux	L	pipeline	26340	4894	55	94.4	23201	1390	30.53564453125
2026-09-13T12:37:19+00:00	torvalds__linux	L	pipeline	26355	4752	48	70.8	23272	1390	27.82421875
2026-09-13T12:37:34+00:00	torvalds__linux	L	pipeline	26370	4763	47	90.7	23047	1389	27.22021484375
2026-09-13T12:37:49+00:00	torvalds__linux	L	pipeline	26385	4689	40	91.8	23055	1388	26.1171875
2026-09-13T12:38:04+00:00	torvalds__linux	L	pipeline	26400	4805	45	88.2	23046	1389	28.6484375
2026-09-13T12:38:19+00:00	torvalds__linux	L	pipeline	26415	5167	76	91.0	23179	1389	28.806640625
2026-09-13T12:38:34+00:00	torvalds__linux	L	pipeline	26430	4660	37	90.8	23200	1389	30.0830078125
2026-09-13T12:38:49+00:00	torvalds__linux	L	pipeline	26445	4544	23	91.8	23295	1389	28.08251953125
2026-09-13T12:39:04+00:00	torvalds__linux	L	pipeline	26460	4504	19	91.0	23115	1389	28.599609375
2026-09-13T12:39:19+00:00	torvalds__linux	L	pipeline	26475	4753	44	92.2	23165	1389	29.71728515625
2026-09-13T12:39:34+00:00	torvalds__linux	L	pipeline	26490	5238	86	90.7	23252	1389	29.4228515625
2026-09-13T12:39:49+00:00	torvalds__linux	L	pipeline	26506	4830	52	94.8	23388	1389	28.734375
2026-09-13T12:40:04+00:00	torvalds__linux	L	pipeline	26521	4419	9	92.0	23088	1389	28.57763671875
2026-09-13T12:40:19+00:00	torvalds__linux	L	pipeline	26536	4989	69	94.7	23352	1388	29.2509765625
2026-09-13T12:40:34+00:00	torvalds__linux	L	pipeline	26551	4835	49	81.8	23142	1388	29.8037109375
2026-09-13T12:40:49+00:00	torvalds__linux	L	pipeline	26566	4767	45	91.5	23348	1388	30.0625
2026-09-13T12:41:05+00:00	torvalds__linux	L	pipeline	26581	4524	19	94.5	22992	1388	31.14501953125
2026-09-13T12:41:20+00:00	torvalds__linux	L	pipeline	26596	4618	31	94.1	23097	1388	31.18017578125
2026-09-13T12:41:35+00:00	torvalds__linux	L	pipeline	26611	4833	52	93.6	23198	1388	29.1494140625
2026-09-13T12:41:50+00:00	torvalds__linux	L	pipeline	26626	4587	28	94.6	23007	1388	30.13037109375
2026-09-13T12:42:05+00:00	torvalds__linux	L	pipeline	26641	4623	31	93.9	23045	1387	30.09619140625
2026-09-13T12:42:20+00:00	torvalds__linux	L	pipeline	26656	4629	33	94.6	23081	1387	30.52392578125
2026-09-13T12:42:35+00:00	torvalds__linux	L	pipeline	26671	4959	65	89.8	23020	1387	30.6923828125
2026-09-13T12:42:50+00:00	torvalds__linux	L	pipeline	26686	4834	53	90.5	23031	1387	31.048828125
2026-09-13T12:43:05+00:00	torvalds__linux	L	pipeline	26701	4991	59	93.2	23121	1387	31.728515625
2026-09-13T12:43:20+00:00	torvalds__linux	L	pipeline	26716	4722	44	87.1	23131	1387	33.11181640625
2026-09-13T12:43:35+00:00	torvalds__linux	L	pipeline	26731	4756	48	86.9	23018	1387	30.392578125
2026-09-13T12:43:50+00:00	torvalds__linux	L	pipeline	26746	4679	37	89.2	23043	1387	31.1875
2026-09-13T12:44:05+00:00	torvalds__linux	L	pipeline	26761	4638	37	88.7	22953	1387	29.49658203125
2026-09-13T12:44:20+00:00	torvalds__linux	L	pipeline	26776	4812	51	93.8	23092	1386	31.2705078125
2026-09-13T12:44:35+00:00	torvalds__linux	L	pipeline	26792	4874	58	93.4	23095	1386	31.6123046875
2026-09-13T12:44:50+00:00	torvalds__linux	L	pipeline	26807	5014	68	93.6	23387	1386	30.552734375
2026-09-13T12:45:05+00:00	torvalds__linux	L	pipeline	26822	4505	20	83.5	23038	1386	29.1484375
2026-09-13T12:45:20+00:00	torvalds__linux	L	pipeline	26837	4799	51	93.7	23000	1386	29.60791015625
2026-09-13T12:45:36+00:00	torvalds__linux	L	pipeline	26852	4385	6	92.4	23001	1386	29.76953125
2026-09-13T12:45:51+00:00	torvalds__linux	L	pipeline	26867	4675	37	91.3	23322	1386	31.5263671875
2026-09-13T12:46:06+00:00	torvalds__linux	L	pipeline	26882	4680	41	91.9	23299	1386	31.48388671875
2026-09-13T12:46:21+00:00	torvalds__linux	L	pipeline	26897	4778	47	95.3	23187	1386	32.044921875
2026-09-13T12:46:36+00:00	torvalds__linux	L	pipeline	26912	4790	49	93.4	23084	1385	31.703125
2026-09-13T12:46:51+00:00	torvalds__linux	L	pipeline	26927	4724	41	94.5	23302	1385	29.29345703125
2026-09-13T12:47:06+00:00	torvalds__linux	L	pipeline	26942	4508	19	89.2	23034	1385	31.1357421875
2026-09-13T12:47:21+00:00	torvalds__linux	L	pipeline	26957	4682	39	88.9	23177	1385	31.29833984375
2026-09-13T12:47:36+00:00	torvalds__linux	L	pipeline	26972	4469	15	90.9	23077	1385	28.88330078125
2026-09-13T12:47:51+00:00	torvalds__linux	L	pipeline	26987	4708	40	91.3	23377	1385	27.58984375
2026-09-13T12:48:06+00:00	torvalds__linux	L	pipeline	27002	4821	47	90.5	23109	1385	29.79931640625
2026-09-13T12:48:21+00:00	torvalds__linux	L	pipeline	27017	4584	30	92.4	23088	1385	30.76171875
2026-09-13T12:48:36+00:00	torvalds__linux	L	pipeline	27032	4636	32	92.7	23054	1385	30.619140625
2026-09-13T12:48:51+00:00	torvalds__linux	L	pipeline	27047	4745	43	94.4	23059	1384	31.3740234375
2026-09-13T12:49:06+00:00	torvalds__linux	L	pipeline	27062	4469	15	94.9	23054	1384	32.060546875
2026-09-13T12:49:21+00:00	torvalds__linux	L	pipeline	27077	4880	57	86.4	23114	1384	33.3154296875
2026-09-13T12:49:36+00:00	torvalds__linux	L	pipeline	27093	4913	59	93.4	23094	1384	33.8740234375
2026-09-13T12:49:51+00:00	torvalds__linux	L	pipeline	27108	4690	41	92.9	23109	1384	33.06396484375
2026-09-13T12:50:06+00:00	torvalds__linux	L	pipeline	27123	4829	51	91.9	23180	1384	32.9775390625
2026-09-13T12:50:22+00:00	torvalds__linux	L	pipeline	27138	4753	41	91.9	23118	1384	35.7158203125
2026-09-13T12:50:37+00:00	torvalds__linux	L	pipeline	27153	4802	52	84.8	23182	1384	31.85693359375
2026-09-13T12:50:52+00:00	torvalds__linux	L	pipeline	27168	4814	52	93.0	23377	1384	31.6064453125
2026-09-13T12:51:07+00:00	torvalds__linux	L	pipeline	27183	4896	55	87.6	23141	1383	30.07373046875
2026-09-13T12:51:22+00:00	torvalds__linux	L	pipeline	27198	4695	40	86.7	23190	1383	31.64990234375
2026-09-13T12:51:37+00:00	torvalds__linux	L	pipeline	27213	4714	43	87.2	23126	1383	28.322265625
2026-09-13T12:51:52+00:00	torvalds__linux	L	pipeline	27228	4543	22	89.0	23062	1383	28.6689453125
2026-09-13T12:52:07+00:00	torvalds__linux	L	pipeline	27243	4579	27	89.1	23026	1383	28.8291015625
2026-09-13T12:52:22+00:00	torvalds__linux	L	pipeline	27258	4652	36	93.8	23093	1383	28.39306640625
2026-09-13T12:52:37+00:00	torvalds__linux	L	pipeline	27273	4749	44	94.9	23094	1383	29.34716796875
2026-09-13T12:52:52+00:00	torvalds__linux	L	pipeline	27288	4721	43	94.8	23300	1383	29.0927734375
2026-09-13T12:53:07+00:00	torvalds__linux	L	pipeline	27303	4912	61	92.3	23052	1383	27.49560546875
2026-09-13T12:53:22+00:00	torvalds__linux	L	pipeline	27318	4489	16	94.7	23016	1382	28.7275390625
2026-09-13T12:53:37+00:00	torvalds__linux	L	pipeline	27333	4823	50	84.7	23069	1382	29.02685546875
2026-09-13T12:53:52+00:00	torvalds__linux	L	pipeline	27348	4746	46	88.2	22995	1382	30.09033203125
2026-09-13T12:54:07+00:00	torvalds__linux	L	pipeline	27364	4652	34	93.0	23127	1382	32.05126953125
2026-09-13T12:54:22+00:00	torvalds__linux	L	pipeline	27379	4989	66	91.1	23095	1382	30.47509765625
2026-09-13T12:54:37+00:00	torvalds__linux	L	pipeline	27394	5018	69	90.2	23074	1382	30.771484375
2026-09-13T12:54:53+00:00	torvalds__linux	L	pipeline	27409	4597	29	86.0	23333	1382	33.5068359375
2026-09-13T12:55:08+00:00	torvalds__linux	L	pipeline	27424	4879	57	88.8	23165	1382	35.63671875
2026-09-13T12:55:23+00:00	torvalds__linux	L	pipeline	27439	4765	45	91.9	23143	1382	34.17724609375
2026-09-13T12:55:38+00:00	torvalds__linux	L	pipeline	27454	4495	15	92.1	22950	1381	33.970703125
2026-09-13T12:55:53+00:00	torvalds__linux	L	pipeline	27469	4432	10	52.8	23251	1381	30.92724609375
2026-09-13T12:56:08+00:00	torvalds__linux	L	pipeline	27484	4955	66	93.4	23026	1381	30.4365234375
2026-09-13T12:56:23+00:00	torvalds__linux	L	pipeline	27499	4811	51	87.0	23189	1381	31.66015625
2026-09-13T12:56:38+00:00	torvalds__linux	L	pipeline	27514	4877	56	93.6	23125	1381	31.33544921875
2026-09-13T12:56:53+00:00	torvalds__linux	L	pipeline	27529	4752	45	92.0	23047	1381	31.64990234375
2026-09-13T12:57:08+00:00	torvalds__linux	L	pipeline	27544	5086	75	91.4	23087	1381	30.87744140625
2026-09-13T12:57:23+00:00	torvalds__linux	L	pipeline	27559	4764	47	91.9	23146	1381	32.83251953125
2026-09-13T12:57:38+00:00	torvalds__linux	L	pipeline	27574	4577	26	94.4	23099	1380	31.54541015625
2026-09-13T12:57:53+00:00	torvalds__linux	L	pipeline	27589	4728	49	88.7	23342	1380	32.67626953125
2026-09-13T12:58:08+00:00	torvalds__linux	L	pipeline	27604	4580	27	94.9	23372	1380	34.3349609375
2026-09-13T12:58:23+00:00	torvalds__linux	L	pipeline	27620	4700	42	94.5	23390	1380	32.2421875
2026-09-13T12:58:38+00:00	torvalds__linux	L	pipeline	27635	4659	38	94.7	23342	1380	31.328125
2026-09-13T12:58:53+00:00	torvalds__linux	L	pipeline	27650	4552	25	94.5	23059	1380	32.6083984375
2026-09-13T12:59:08+00:00	torvalds__linux	L	pipeline	27665	4569	28	94.8	23428	1380	32.25390625
2026-09-13T12:59:24+00:00	torvalds__linux	L	pipeline	27680	4639	37	94.4	23367	1380	30.9208984375
2026-09-13T12:59:39+00:00	torvalds__linux	L	pipeline	27695	4365	3	86.1	23166	1380	32.8056640625
2026-09-13T12:59:54+00:00	torvalds__linux	L	pipeline	27710	4744	47	65.4	23195	1380	30.52734375
2026-09-13T13:00:09+00:00	torvalds__linux	L	pipeline	27725	4713	43	92.9	23147	1380	32.08642578125
2026-09-13T13:00:24+00:00	torvalds__linux	L	pipeline	27740	4708	42	95.4	23222	1380	33.38427734375
2026-09-13T13:00:39+00:00	torvalds__linux	L	pipeline	27755	4631	37	95.6	23239	1380	32.6337890625
2026-09-13T13:00:54+00:00	torvalds__linux	L	pipeline	27770	4437	12	90.5	23120	1380	31.84033203125
2026-09-13T13:01:09+00:00	torvalds__linux	L	pipeline	27785	4704	39	89.9	23444	1380	31.56103515625
2026-09-13T13:01:24+00:00	torvalds__linux	L	pipeline	27800	4802	49	93.2	23281	1380	31.30615234375
2026-09-13T13:01:39+00:00	torvalds__linux	L	pipeline	27815	4608	33	93.9	23245	1380	30.23486328125
2026-09-13T13:01:54+00:00	torvalds__linux	L	pipeline	27830	4716	43	94.2	23150	1379	31.72265625
2026-09-13T13:02:09+00:00	torvalds__linux	L	pipeline	27845	4681	39	88.2	23418	1379	31.14501953125
2026-09-13T13:02:24+00:00	torvalds__linux	L	pipeline	27860	4487	17	77.8	23324	1379	31.75439453125
2026-09-13T13:02:39+00:00	torvalds__linux	L	pipeline	27875	4752	43	91.9	23155	1379	31.99951171875
2026-09-13T13:02:54+00:00	torvalds__linux	L	pipeline	27890	4725	42	92.9	23228	1379	31.2998046875
2026-09-13T13:03:09+00:00	torvalds__linux	L	pipeline	27905	5312	87	95.0	23330	1379	31.69287109375
2026-09-13T13:03:24+00:00	torvalds__linux	L	pipeline	27921	4836	52	96.1	23194	1379	32.95849609375
2026-09-13T13:03:39+00:00	torvalds__linux	L	pipeline	27936	4505	13	93.4	23350	1379	32.1845703125
2026-09-13T13:03:54+00:00	torvalds__linux	L	pipeline	27951	4450	8	85.2	23392	1378	29.19677734375
2026-09-13T13:04:09+00:00	torvalds__linux	L	pipeline	27966	5266	83	91.0	23346	1378	30.181640625
2026-09-13T13:04:25+00:00	torvalds__linux	L	pipeline	27981	4695	34	94.3	23125	1378	31.29345703125
2026-09-13T13:04:40+00:00	torvalds__linux	L	pipeline	27996	4657	29	89.8	23150	1378	31.7197265625
2026-09-13T13:04:55+00:00	torvalds__linux	L	pipeline	28011	4875	52	94.9	23156	1378	32.57861328125
2026-09-13T13:05:10+00:00	torvalds__linux	L	pipeline	28026	4727	37	91.5	23502	1378	32.08251953125
2026-09-13T13:05:25+00:00	torvalds__linux	L	pipeline	28041	4786	42	95.2	23288	1378	33.39453125
2026-09-13T13:05:40+00:00	torvalds__linux	L	pipeline	28056	4652	31	87.8	23107	1378	34.81787109375
2026-09-13T13:05:55+00:00	torvalds__linux	L	pipeline	28071	4994	63	84.0	23262	1378	32.806640625
2026-09-13T13:06:10+00:00	torvalds__linux	L	pipeline	28086	4457	8	80.3	23182	1378	31.15283203125
2026-09-13T13:06:25+00:00	torvalds__linux	L	pipeline	28101	4904	56	94.8	23216	1377	32.146484375
2026-09-13T13:06:40+00:00	torvalds__linux	L	pipeline	28116	4902	57	93.2	23212	1377	31.5556640625
2026-09-13T13:06:55+00:00	torvalds__linux	L	pipeline	28131	4915	57	93.6	23149	1377	32.0673828125
2026-09-13T13:07:10+00:00	torvalds__linux	L	pipeline	28146	4945	57	95.7	23251	1377	31.61083984375
2026-09-13T13:07:25+00:00	torvalds__linux	L	pipeline	28161	4924	55	94.3	23214	1377	31.216796875
2026-09-13T13:07:40+00:00	torvalds__linux	L	pipeline	28176	5037	67	94.4	23232	1377	32.1982421875
2026-09-13T13:07:55+00:00	torvalds__linux	L	pipeline	28191	4686	32	86.5	23439	1377	31.61083984375
2026-09-13T13:08:10+00:00	torvalds__linux	L	pipeline	28206	4957	60	95.8	23336	1377	30.7373046875
2026-09-13T13:08:25+00:00	torvalds__linux	L	pipeline	28221	4758	38	93.2	23156	1376	30.16748046875
2026-09-13T13:08:40+00:00	torvalds__linux	L	pipeline	28237	4832	48	96.2	23238	1376	30.431640625
2026-09-13T13:08:55+00:00	torvalds__linux	L	pipeline	28252	4837	48	96.2	23236	1376	31.35205078125
2026-09-13T13:09:10+00:00	torvalds__linux	L	pipeline	28267	4710	34	93.8	23448	1376	30.7626953125
2026-09-13T13:09:26+00:00	torvalds__linux	L	pipeline	28282	4623	26	85.9	23115	1376	30.54833984375
2026-09-13T13:09:41+00:00	torvalds__linux	L	pipeline	28297	4605	24	89.2	23023	1376	30.13134765625
2026-09-13T13:09:56+00:00	torvalds__linux	L	pipeline	28312	4520	14	22.7	23254	1376	23.81884765625
2026-09-13T13:10:11+00:00	torvalds__linux	L	pipeline	28327	4801	47	91.1	23475	1376	26.54248046875
2026-09-13T13:10:26+00:00	torvalds__linux	L	pipeline	28342	4650	30	94.0	23157	1376	27.45654296875
2026-09-13T13:10:41+00:00	torvalds__linux	L	pipeline	28357	4722	37	91.8	23240	1376	26.55517578125
2026-09-13T13:10:56+00:00	torvalds__linux	L	pipeline	28372	4838	51	95.6	23343	1376	29.29443359375
2026-09-13T13:11:11+00:00	torvalds__linux	L	pipeline	28387	4598	21	89.5	23427	1375	28.08642578125
2026-09-13T13:11:26+00:00	torvalds__linux	L	pipeline	28402	4794	43	90.7	23311	1375	28.1162109375
2026-09-13T13:11:41+00:00	torvalds__linux	L	pipeline	28417	4718	38	94.5	23225	1375	29.37548828125
2026-09-13T13:11:56+00:00	torvalds__linux	L	pipeline	28432	4845	49	95.3	23227	1375	29.6630859375
2026-09-13T13:12:11+00:00	torvalds__linux	L	pipeline	28447	4865	51	91.9	23446	1375	28.89111328125
2026-09-13T13:12:26+00:00	torvalds__linux	L	pipeline	28462	4938	51	87.9	23243	1375	26.74169921875
2026-09-13T13:12:41+00:00	torvalds__linux	L	pipeline	28477	4520	13	87.7	23176	1375	29.88525390625
2026-09-13T13:12:56+00:00	torvalds__linux	L	pipeline	28492	4842	49	82.6	23193	1375	30.212890625
2026-09-13T13:13:11+00:00	torvalds__linux	L	pipeline	28507	4739	37	88.2	23476	1374	29.154296875
2026-09-13T13:13:26+00:00	torvalds__linux	L	pipeline	28522	4906	53	94.0	23181	1374	30.4267578125
2026-09-13T13:13:41+00:00	torvalds__linux	L	pipeline	28537	4509	12	91.1	23113	1374	31.8359375
2026-09-13T13:13:56+00:00	torvalds__linux	L	pipeline	28553	5282	78	91.5	23301	1374	29.37890625
2026-09-13T13:14:11+00:00	torvalds__linux	L	pipeline	28568	4905	53	83.2	23506	1374	28.1015625
2026-09-13T13:14:26+00:00	torvalds__linux	L	pipeline	28583	4993	60	92.2	23229	1374	27.57373046875
2026-09-13T13:14:42+00:00	torvalds__linux	L	pipeline	28598	5225	79	89.6	23374	1374	28.4365234375
2026-09-13T13:14:57+00:00	torvalds__linux	L	pipeline	28613	4886	55	88.9	23226	1374	27.822265625
2026-09-13T13:15:12+00:00	torvalds__linux	L	pipeline	28628	4968	54	94.6	23196	1374	28.927734375
2026-09-13T13:15:27+00:00	torvalds__linux	L	pipeline	28643	4758	41	83.3	23117	1373	30.01025390625
2026-09-13T13:15:42+00:00	torvalds__linux	L	pipeline	28658	4553	17	92.2	23132	1373	31.59521484375
2026-09-13T13:15:57+00:00	torvalds__linux	L	pipeline	28673	4737	38	92.4	23224	1373	31.7958984375
2026-09-13T13:16:12+00:00	torvalds__linux	L	pipeline	28688	4748	37	91.3	23424	1373	29.6484375
2026-09-13T13:16:27+00:00	torvalds__linux	L	pipeline	28703	4786	45	90.5	23139	1373	30.16845703125
2026-09-13T13:16:42+00:00	torvalds__linux	L	pipeline	28718	4684	32	91.9	23185	1373	30.58154296875
2026-09-13T13:16:57+00:00	torvalds__linux	L	pipeline	28733	4872	47	93.1	23442	1373	30.66259765625
2026-09-13T13:17:12+00:00	torvalds__linux	L	pipeline	28748	5097	65	93.5	23268	1373	31.45849609375
2026-09-13T13:17:27+00:00	torvalds__linux	L	pipeline	28763	5006	63	94.1	23245	1373	31.3212890625
2026-09-13T13:17:42+00:00	torvalds__linux	L	pipeline	28778	4874	51	83.0	23146	1372	28.14794921875
2026-09-13T13:17:57+00:00	torvalds__linux	L	pipeline	28793	5025	62	94.5	23353	1372	28.072265625
2026-09-13T13:18:12+00:00	torvalds__linux	L	pipeline	28809	4832	46	95.8	23194	1372	28.7412109375
2026-09-13T13:18:27+00:00	torvalds__linux	L	pipeline	28824	5063	66	91.0	23265	1372	29.28369140625
2026-09-13T13:18:42+00:00	torvalds__linux	L	pipeline	28839	4813	45	89.1	23137	1372	29.47607421875
2026-09-13T13:18:58+00:00	torvalds__linux	L	pipeline	28854	4673	30	81.8	23132	1372	30.6455078125
2026-09-13T13:19:13+00:00	torvalds__linux	L	pipeline	28869	4713	36	94.9	23477	1372	29.84716796875
2026-09-13T13:19:28+00:00	torvalds__linux	L	pipeline	28884	5238	86	91.3	23245	1372	29.265625
2026-09-13T13:19:43+00:00	torvalds__linux	L	pipeline	28899	4844	51	92.7	23252	1371	29.1259765625
2026-09-13T13:19:58+00:00	torvalds__linux	L	pipeline	28914	4809	47	91.5	23254	1371	28.87939453125
2026-09-13T13:20:13+00:00	torvalds__linux	L	pipeline	28929	4823	43	90.8	23163	1371	28.669921875
2026-09-13T13:20:28+00:00	torvalds__linux	L	pipeline	28944	4863	50	80.6	23176	1371	29.828125
2026-09-13T13:20:43+00:00	torvalds__linux	L	pipeline	28959	4932	55	94.2	23224	1371	28.89892578125
2026-09-13T13:20:58+00:00	torvalds__linux	L	pipeline	28974	4866	52	89.1	23424	1371	29.7451171875
2026-09-13T13:21:13+00:00	torvalds__linux	L	pipeline	28989	4925	56	93.8	23456	1371	29.60546875
2026-09-13T13:21:28+00:00	torvalds__linux	L	pipeline	29004	4773	39	89.5	23235	1371	32.50732421875
2026-09-13T13:21:43+00:00	torvalds__linux	L	pipeline	29019	4815	44	93.7	23210	1371	31.32958984375
2026-09-13T13:21:58+00:00	torvalds__linux	L	pipeline	29034	4964	59	88.4	23031	1371	31.05322265625
2026-09-13T13:22:13+00:00	torvalds__linux	L	pipeline	29049	4736	37	88.1	23092	1370	29.984375
2026-09-13T13:22:28+00:00	torvalds__linux	L	pipeline	29064	4977	60	87.0	23195	1370	28.2109375
2026-09-13T13:22:43+00:00	torvalds__linux	L	pipeline	29080	4509	9	94.4	23079	1370	30.5068359375
2026-09-13T13:22:58+00:00	torvalds__linux	L	pipeline	29095	4767	40	87.5	23132	1370	27.935546875
2026-09-13T13:23:13+00:00	torvalds__linux	L	pipeline	29110	4870	48	93.8	23564	1370	29.10302734375
2026-09-13T13:23:28+00:00	torvalds__linux	L	pipeline	29125	4553	16	85.8	23037	1370	27.1318359375
2026-09-13T13:23:44+00:00	torvalds__linux	L	pipeline	29140	4900	51	89.8	23158	1370	27.6953125
2026-09-13T13:23:59+00:00	torvalds__linux	L	pipeline	29155	4456	6	90.8	23173	1370	28.4140625
2026-09-13T13:24:14+00:00	torvalds__linux	L	pipeline	29170	5182	68	82.5	23288	1369	28.64111328125
2026-09-13T13:24:29+00:00	torvalds__linux	L	pipeline	29185	4682	30	93.6	23148	1369	29.83447265625
2026-09-13T13:24:44+00:00	torvalds__linux	L	pipeline	29200	4790	39	94.5	23159	1369	30.44482421875
2026-09-13T13:24:59+00:00	torvalds__linux	L	pipeline	29215	4910	54	85.9	23196	1369	28.0185546875
2026-09-13T13:25:14+00:00	torvalds__linux	L	pipeline	29230	5050	67	92.8	23194	1369	27.791015625
2026-09-13T13:25:29+00:00	torvalds__linux	L	pipeline	29245	4915	52	89.7	23153	1369	31.17578125
2026-09-13T13:25:44+00:00	torvalds__linux	L	pipeline	29260	4983	64	89.8	23233	1369	29.46044921875
2026-09-13T13:25:59+00:00	torvalds__linux	L	pipeline	29275	4782	38	95.1	23280	1369	29.9482421875
2026-09-13T13:26:14+00:00	torvalds__linux	L	pipeline	29290	4824	44	92.4	23084	1369	29.1708984375
2026-09-13T13:26:29+00:00	torvalds__linux	L	pipeline	29305	4751	39	91.9	23183	1368	28.33544921875
2026-09-13T13:26:44+00:00	torvalds__linux	L	pipeline	29320	4827	45	94.5	23236	1368	28.404296875
2026-09-13T13:26:59+00:00	torvalds__linux	L	pipeline	29335	4867	47	91.2	23074	1368	27.9384765625
2026-09-13T13:27:14+00:00	torvalds__linux	L	pipeline	29350	4440	4	92.2	23033	1368	25.83203125
2026-09-13T13:27:29+00:00	torvalds__linux	L	pipeline	29366	4720	32	91.5	23084	1368	26.0693359375
2026-09-13T13:27:44+00:00	torvalds__linux	L	pipeline	29381	4956	50	88.3	23139	1368	25.6142578125
2026-09-13T13:28:00+00:00	torvalds__linux	L	pipeline	29396	5041	67	95.1	23216	1368	27.02294921875
2026-09-13T13:28:15+00:00	torvalds__linux	L	pipeline	29411	4656	27	95.2	23021	1368	27.7158203125
2026-09-13T13:28:30+00:00	torvalds__linux	L	pipeline	29426	4491	9	93.7	23041	1368	28.59619140625
2026-09-13T13:28:45+00:00	torvalds__linux	L	pipeline	29441	4930	55	90.9	23138	1367	29.29443359375
2026-09-13T13:29:00+00:00	torvalds__linux	L	pipeline	29456	4770	38	91.8	23007	1367	29.8974609375
2026-09-13T13:29:15+00:00	torvalds__linux	L	pipeline	29471	5055	65	88.4	23119	1367	30.66357421875
2026-09-13T13:29:30+00:00	torvalds__linux	L	pipeline	29486	4496	9	84.7	23003	1367	30.05029296875
2026-09-13T13:29:45+00:00	torvalds__linux	L	pipeline	29501	4865	49	92.1	23145	1367	29.212890625
2026-09-13T13:30:00+00:00	torvalds__linux	L	pipeline	29516	4825	45	88.6	22990	1367	29.4248046875
2026-09-13T13:30:15+00:00	torvalds__linux	L	pipeline	29531	4639	24	87.8	22986	1367	30.95703125
2026-09-13T13:30:30+00:00	torvalds__linux	L	pipeline	29546	4926	51	94.9	23160	1367	31.95068359375
2026-09-13T13:30:45+00:00	torvalds__linux	L	pipeline	29561	4661	32	90.4	23474	1367	31.55810546875
2026-09-13T13:31:00+00:00	torvalds__linux	L	pipeline	29576	4810	43	92.7	23145	1366	31.28857421875
2026-09-13T13:31:15+00:00	torvalds__linux	L	pipeline	29591	4802	38	92.4	23100	1366	30.52197265625
2026-09-13T13:31:30+00:00	torvalds__linux	L	pipeline	29606	4972	55	93.4	23133	1366	30.89501953125
2026-09-13T13:31:45+00:00	torvalds__linux	L	pipeline	29622	4723	33	94.0	23510	1366	32.80126953125
2026-09-13T13:32:00+00:00	torvalds__linux	L	pipeline	29637	4995	62	87.8	23010	1366	32.72216796875
2026-09-13T13:32:16+00:00	torvalds__linux	L	pipeline	29652	4850	46	84.9	23084	1366	32.255859375
2026-09-13T13:32:31+00:00	torvalds__linux	L	pipeline	29667	5085	64	87.0	23143	1366	31.4169921875
2026-09-13T13:32:46+00:00	torvalds__linux	L	pipeline	29682	4892	51	85.9	23428	1366	29.45947265625
2026-09-13T13:33:01+00:00	torvalds__linux	L	pipeline	29697	5107	70	90.9	23109	1365	29.95703125
2026-09-13T13:33:16+00:00	torvalds__linux	L	pipeline	29712	4672	28	91.6	22961	1365	29.80810546875
2026-09-13T13:33:31+00:00	torvalds__linux	L	pipeline	29727	5193	79	91.5	23176	1365	31.48681640625
2026-09-13T13:33:46+00:00	torvalds__linux	L	pipeline	29742	4590	21	93.0	23203	1365	32.1796875
2026-09-13T13:34:01+00:00	torvalds__linux	L	pipeline	29757	4838	45	93.6	23093	1365	32.44384765625
2026-09-13T13:34:16+00:00	torvalds__linux	L	pipeline	29772	4908	54	91.7	23169	1365	32.1806640625
2026-09-13T13:34:31+00:00	torvalds__linux	L	pipeline	29787	4825	43	94.9	23235	1365	32.4248046875
2026-09-13T13:34:46+00:00	torvalds__linux	L	pipeline	29802	5168	73	92.1	23234	1365	31.0859375
2026-09-13T13:35:01+00:00	torvalds__linux	L	pipeline	29817	4847	46	95.5	23170	1364	30.97900390625
2026-09-13T13:35:16+00:00	torvalds__linux	L	pipeline	29832	4773	39	93.3	23019	1364	29.67236328125
2026-09-13T13:35:31+00:00	torvalds__linux	L	pipeline	29847	4907	45	94.6	23179	1364	29.025390625
2026-09-13T13:35:46+00:00	torvalds__linux	L	pipeline	29862	4913	52	89.5	23245	1364	27.67626953125
2026-09-13T13:36:01+00:00	torvalds__linux	L	pipeline	29878	4951	57	90.4	23103	1364	27.7001953125
2026-09-13T13:36:16+00:00	torvalds__linux	L	pipeline	29893	4661	28	90.0	23130	1364	27.263671875
2026-09-13T13:36:31+00:00	torvalds__linux	L	pipeline	29908	4637	30	86.6	23062	1364	26.6201171875
2026-09-13T13:36:46+00:00	torvalds__linux	L	pipeline	29923	4857	47	81.0	23375	1364	23.56884765625
2026-09-13T13:37:02+00:00	torvalds__linux	L	pipeline	29938	4747	41	90.1	23047	1364	26.02294921875
2026-09-13T13:37:17+00:00	torvalds__linux	L	pipeline	29953	4878	52	93.2	22995	1363	26.68994140625
2026-09-13T13:37:32+00:00	torvalds__linux	L	pipeline	29968	4591	21	84.8	23167	1363	26.19140625
2026-09-13T13:37:47+00:00	torvalds__linux	L	pipeline	29983	4952	54	93.0	23002	1363	27.78125
2026-09-13T13:38:02+00:00	torvalds__linux	L	pipeline	29998	4983	57	93.4	23151	1363	28.33349609375
2026-09-13T13:38:17+00:00	torvalds__linux	L	pipeline	30013	4872	46	85.5	23027	1363	30.275390625
2026-09-13T13:38:32+00:00	torvalds__linux	L	pipeline	30028	4671	32	89.4	23028	1363	29.58642578125
2026-09-13T13:38:47+00:00	torvalds__linux	L	pipeline	30043	4824	45	95.0	23436	1363	28.89599609375
2026-09-13T13:39:02+00:00	torvalds__linux	L	pipeline	30058	4874	48	83.2	22991	1363	29.20849609375
2026-09-13T13:39:17+00:00	torvalds__linux	L	pipeline	30073	4932	56	93.3	22978	1363	28.4462890625
2026-09-13T13:39:32+00:00	torvalds__linux	L	pipeline	30088	4844	46	93.8	23094	1362	28.62255859375
2026-09-13T13:39:47+00:00	torvalds__linux	L	pipeline	30103	4834	44	88.4	23398	1362	27.2509765625
2026-09-13T13:40:02+00:00	torvalds__linux	L	pipeline	30118	5070	62	91.5	23143	1362	27.70947265625
2026-09-13T13:40:17+00:00	torvalds__linux	L	pipeline	30133	5000	59	70.0	23019	1362	25.63232421875
2026-09-13T13:40:32+00:00	torvalds__linux	L	pipeline	30149	4816	44	93.7	23100	1362	25.98828125
2026-09-13T13:40:47+00:00	torvalds__linux	L	pipeline	30164	4747	37	90.6	23102	1362	27.83447265625
2026-09-13T13:41:02+00:00	torvalds__linux	L	pipeline	30179	4963	56	91.8	23127	1362	28.69482421875
2026-09-13T13:41:17+00:00	torvalds__linux	L	pipeline	30194	4957	57	91.3	23050	1362	29.296875
2026-09-13T13:41:33+00:00	torvalds__linux	L	pipeline	30209	4916	54	94.1	22956	1362	30.787109375
2026-09-13T13:41:48+00:00	torvalds__linux	L	pipeline	30224	4767	40	94.8	23105	1361	31.7333984375
2026-09-13T13:42:03+00:00	torvalds__linux	L	pipeline	30239	5287	80	90.9	23236	1361	31.27880859375
2026-09-13T13:42:18+00:00	torvalds__linux	L	pipeline	30254	4634	26	91.3	22917	1361	31.27294921875
2026-09-13T13:42:33+00:00	torvalds__linux	L	pipeline	30269	5155	73	94.1	23055	1361	31.36083984375
2026-09-13T13:42:48+00:00	torvalds__linux	L	pipeline	30284	4602	21	92.3	22921	1361	31.037109375
2026-09-13T13:43:03+00:00	torvalds__linux	L	pipeline	30299	4627	24	90.4	23063	1361	28.4111328125
2026-09-13T13:43:18+00:00	torvalds__linux	L	pipeline	30314	4914	56	93.6	23075	1361	30.1201171875
2026-09-13T13:43:33+00:00	torvalds__linux	L	pipeline	30329	5279	81	94.5	23198	1361	30.5869140625
2026-09-13T13:43:48+00:00	torvalds__linux	L	pipeline	30344	4814	43	93.1	22930	1360	29.791015625
2026-09-13T13:44:03+00:00	torvalds__linux	L	pipeline	30359	4493	10	86.7	22917	1360	27.8232421875
2026-09-13T13:44:18+00:00	torvalds__linux	L	pipeline	30374	4901	52	93.0	23077	1360	28.13232421875
2026-09-13T13:44:33+00:00	torvalds__linux	L	pipeline	30389	5105	73	91.2	23195	1360	28.50830078125
2026-09-13T13:44:48+00:00	torvalds__linux	L	pipeline	30404	4926	53	89.4	23383	1360	29.20068359375
2026-09-13T13:45:03+00:00	torvalds__linux	L	pipeline	30419	4834	47	90.5	23062	1360	29.42236328125
2026-09-13T13:45:18+00:00	torvalds__linux	L	pipeline	30435	4715	34	92.2	22996	1360	29.74267578125
2026-09-13T13:45:33+00:00	torvalds__linux	L	pipeline	30450	5046	67	90.8	23094	1360	29.4716796875
2026-09-13T13:45:48+00:00	torvalds__linux	L	pipeline	30465	4795	45	90.6	23109	1360	31.6630859375
2026-09-13T13:46:03+00:00	torvalds__linux	L	pipeline	30480	4853	44	93.1	23064	1359	31.50244140625
2026-09-13T13:46:18+00:00	torvalds__linux	L	pipeline	30495	4433	3	91.2	23073	1359	29.5126953125
2026-09-13T13:46:34+00:00	torvalds__linux	L	pipeline	30510	4433	3	91.7	23033	1359	30.17431640625
2026-09-13T13:46:49+00:00	torvalds__linux	L	pipeline	30525	4754	40	90.4	22919	1359	31.76123046875
2026-09-13T13:47:04+00:00	torvalds__linux	L	pipeline	30540	5217	80	91.6	23129	1359	31.98291015625
2026-09-13T13:47:19+00:00	torvalds__linux	L	pipeline	30555	4956	59	91.9	22980	1359	29.77587890625
2026-09-13T13:47:34+00:00	torvalds__linux	L	pipeline	30570	4543	16	90.4	23062	1359	31.15869140625
2026-09-13T13:47:49+00:00	torvalds__linux	L	pipeline	30585	4998	61	92.6	23443	1359	31.46923828125
2026-09-13T13:48:04+00:00	torvalds__linux	L	pipeline	30600	5079	65	70.7	23050	1358	28.0751953125
2026-09-13T13:48:19+00:00	torvalds__linux	L	pipeline	30615	4493	10	83.8	23110	1358	26.0751953125
2026-09-13T13:48:34+00:00	torvalds__linux	L	pipeline	30630	4961	57	85.8	23114	1358	27.294921875
2026-09-13T13:48:49+00:00	torvalds__linux	L	pipeline	30645	4641	27	89.2	22843	1358	27.173828125
2026-09-13T13:49:04+00:00	torvalds__linux	L	pipeline	30660	4672	29	92.0	22942	1358	27.85009765625
2026-09-13T13:49:19+00:00	torvalds__linux	L	pipeline	30675	4432	3	89.6	23078	1358	27.36572265625
2026-09-13T13:49:34+00:00	torvalds__linux	L	pipeline	30690	4823	43	83.6	23115	1358	25.93701171875
2026-09-13T13:49:49+00:00	torvalds__linux	L	pipeline	30705	4886	52	93.6	23109	1358	26.99755859375
2026-09-13T13:50:04+00:00	torvalds__linux	L	pipeline	30720	4500	10	86.8	23031	1358	23.9423828125
2026-09-13T13:50:19+00:00	torvalds__linux	L	pipeline	30735	5076	69	89.9	23118	1358	26.65283203125
2026-09-13T13:50:34+00:00	torvalds__linux	L	pipeline	30751	5074	66	90.7	23185	1357	27.27490234375
2026-09-13T13:50:49+00:00	torvalds__linux	L	pipeline	30766	5221	77	95.4	23093	1357	27.8427734375
2026-09-13T13:51:04+00:00	torvalds__linux	L	pipeline	30781	4928	57	90.0	23113	1357	27.724609375
2026-09-13T13:51:19+00:00	torvalds__linux	L	pipeline	30796	5085	69	91.6	23108	1357	26.869140625
2026-09-13T13:51:35+00:00	torvalds__linux	L	pipeline	30811	4925	55	89.8	23102	1357	26.16064453125
2026-09-13T13:51:50+00:00	torvalds__linux	L	pipeline	30826	4468	7	88.1	22852	1357	26.33544921875
2026-09-13T13:52:05+00:00	torvalds__linux	L	pipeline	30841	4856	47	91.5	23016	1357	27.7919921875
2026-09-13T13:52:20+00:00	torvalds__linux	L	pipeline	30856	4816	46	86.8	23130	1357	26.71044921875
2026-09-13T13:52:35+00:00	torvalds__linux	L	pipeline	30871	4752	37	86.3	23013	1356	27.24169921875
2026-09-13T13:52:50+00:00	torvalds__linux	L	pipeline	30886	4834	46	82.5	23067	1356	26.515625
2026-09-13T13:53:05+00:00	torvalds__linux	L	pipeline	30901	5016	63	91.2	23111	1356	26.49462890625
2026-09-13T13:53:20+00:00	torvalds__linux	L	pipeline	30916	4874	47	85.4	22967	1356	27.59619140625
2026-09-13T13:53:35+00:00	torvalds__linux	L	pipeline	30931	4983	57	62.8	22977	1356	24.2177734375
2026-09-13T13:53:50+00:00	torvalds__linux	L	pipeline	30946	4780	43	89.8	22967	1356	25.2392578125
2026-09-13T13:54:05+00:00	torvalds__linux	L	pipeline	30961	5115	70	92.7	23134	1356	25.98974609375
2026-09-13T13:54:20+00:00	torvalds__linux	L	pipeline	30976	4697	32	87.0	23004	1356	26.03466796875
2026-09-13T13:54:35+00:00	torvalds__linux	L	pipeline	30991	4922	56	93.7	23125	1356	26.81591796875
2026-09-13T13:54:50+00:00	torvalds__linux	L	pipeline	31006	4986	55	91.1	23002	1356	28.60400390625
2026-09-13T13:55:05+00:00	torvalds__linux	L	pipeline	31021	5089	72	85.0	23181	1355	29.61572265625
2026-09-13T13:55:20+00:00	torvalds__linux	L	pipeline	31036	4701	30	90.9	22974	1355	29.09326171875
2026-09-13T13:55:35+00:00	torvalds__linux	L	pipeline	31052	4874	51	89.1	23102	1355	28.6875
2026-09-13T13:55:50+00:00	torvalds__linux	L	pipeline	31067	4929	53	92.7	22995	1355	30.07958984375
2026-09-13T13:56:05+00:00	torvalds__linux	L	pipeline	31082	5078	66	96.3	23113	1355	31.38623046875
2026-09-13T13:56:20+00:00	torvalds__linux	L	pipeline	31097	4818	43	94.5	23023	1355	30.771484375
2026-09-13T13:56:36+00:00	torvalds__linux	L	pipeline	31112	4631	23	94.2	23078	1355	30.16943359375
2026-09-13T13:56:51+00:00	torvalds__linux	L	pipeline	31127	4862	50	92.2	22992	1355	28.123046875
2026-09-13T13:57:06+00:00	torvalds__linux	L	pipeline	31142	5303	87	90.3	23126	1354	28.03662109375
2026-09-13T13:57:21+00:00	torvalds__linux	L	pipeline	31157	4776	40	93.8	23067	1354	27.18359375
2026-09-13T13:57:36+00:00	torvalds__linux	L	pipeline	31172	4736	37	85.8	23054	1354	25.921875
2026-09-13T13:57:51+00:00	torvalds__linux	L	pipeline	31187	4870	39	92.9	23056	1354	29.11279296875
2026-09-13T13:58:06+00:00	torvalds__linux	L	pipeline	31202	4983	60	92.0	23040	1354	30.21923828125
2026-09-13T13:58:21+00:00	torvalds__linux	L	pipeline	31217	4885	49	94.0	22955	1354	29.33837890625
2026-09-13T13:58:36+00:00	torvalds__linux	L	pipeline	31232	4874	48	94.0	23077	1354	29.294921875
2026-09-13T13:58:51+00:00	torvalds__linux	L	pipeline	31247	4675	28	92.9	22966	1354	31.05810546875
2026-09-13T13:59:06+00:00	torvalds__linux	L	pipeline	31262	5172	76	85.5	23079	1353	29.7138671875
2026-09-13T13:59:21+00:00	torvalds__linux	L	pipeline	31277	4932	57	86.2	22960	1353	30.5771484375
2026-09-13T13:59:36+00:00	torvalds__linux	L	pipeline	31292	4997	59	93.5	23049	1353	29.30419921875
2026-09-13T13:59:51+00:00	torvalds__linux	L	pipeline	31307	4732	37	87.2	22883	1353	27.0673828125
2026-09-13T14:00:06+00:00	torvalds__linux	L	pipeline	31322	4809	45	85.1	23179	1353	24.3935546875
2026-09-13T14:00:21+00:00	torvalds__linux	L	pipeline	31337	5067	67	94.3	23056	1353	25.30810546875
2026-09-13T14:00:36+00:00	torvalds__linux	L	pipeline	31353	4775	40	90.8	23147	1353	27.1396484375
2026-09-13T14:00:51+00:00	torvalds__linux	L	pipeline	31368	4813	45	88.4	22916	1353	29.12158203125
2026-09-13T14:01:06+00:00	torvalds__linux	L	pipeline	31383	4708	32	91.4	23148	1352	29.2783203125
2026-09-13T14:01:21+00:00	torvalds__linux	L	pipeline	31398	4957	55	89.0	23127	1352	29.7255859375
2026-09-13T14:01:37+00:00	torvalds__linux	L	pipeline	31413	4780	39	94.5	23126	1352	29.84814453125
2026-09-13T14:01:52+00:00	torvalds__linux	L	pipeline	31428	4924	55	91.4	23023	1352	29.615234375
2026-09-13T14:02:07+00:00	torvalds__linux	L	pipeline	31443	4837	46	93.4	23040	1352	29.19677734375
2026-09-13T14:02:22+00:00	torvalds__linux	L	pipeline	31458	4844	46	87.1	23053	1352	28.11767578125
2026-09-13T14:02:37+00:00	torvalds__linux	L	pipeline	31473	4481	8	93.6	23004	1352	27.935546875
2026-09-13T14:02:52+00:00	torvalds__linux	L	pipeline	31488	5249	79	94.2	23216	1352	27.48828125
2026-09-13T14:03:07+00:00	torvalds__linux	L	pipeline	31503	4889	47	90.5	23150	1352	28.08837890625
2026-09-13T14:03:22+00:00	torvalds__linux	L	pipeline	31518	4530	14	89.5	22964	1352	28.90087890625
2026-09-13T14:03:37+00:00	torvalds__linux	L	pipeline	31533	5071	64	88.3	23142	1351	29.45361328125
2026-09-13T14:03:52+00:00	torvalds__linux	L	pipeline	31548	4805	43	93.1	22967	1351	30.08251953125
2026-09-13T14:04:07+00:00	torvalds__linux	L	pipeline	31563	4702	31	89.5	22893	1351	30.919921875
2026-09-13T14:04:22+00:00	torvalds__linux	L	pipeline	31578	4747	34	91.5	23160	1351	30.11083984375
2026-09-13T14:04:37+00:00	torvalds__linux	L	pipeline	31593	4645	25	84.2	23071	1351	29.45751953125
2026-09-13T14:04:52+00:00	torvalds__linux	L	pipeline	31608	5127	68	89.4	23099	1351	28.07275390625
2026-09-13T14:05:07+00:00	torvalds__linux	L	pipeline	31623	4786	40	88.1	23023	1351	28.98046875
2026-09-13T14:05:22+00:00	torvalds__linux	L	pipeline	31638	4625	24	93.6	22931	1350	28.81201171875
2026-09-13T14:05:37+00:00	torvalds__linux	L	pipeline	31653	4467	6	89.6	22997	1350	28.853515625
2026-09-13T14:05:52+00:00	torvalds__linux	L	pipeline	31669	4887	49	93.2	22968	1350	28.8212890625
2026-09-13T14:06:07+00:00	torvalds__linux	L	pipeline	31684	4749	39	81.3	23124	1350	26.59814453125
2026-09-13T14:06:22+00:00	torvalds__linux	L	pipeline	31699	4871	49	94.7	23139	1350	27.7021484375
2026-09-13T14:06:38+00:00	torvalds__linux	L	pipeline	31714	5088	67	85.1	23099	1350	26.3515625
2026-09-13T14:06:53+00:00	torvalds__linux	L	pipeline	31729	4630	28	95.7	22906	1350	26.36474609375
2026-09-13T14:07:08+00:00	torvalds__linux	L	pipeline	31744	4687	31	95.4	22991	1350	29.185546875
2026-09-13T14:07:23+00:00	torvalds__linux	L	pipeline	31759	4525	12	93.3	22904	1350	29.03955078125
2026-09-13T14:07:38+00:00	torvalds__linux	L	pipeline	31774	4553	15	91.8	23039	1349	29.48583984375
2026-09-13T14:07:53+00:00	torvalds__linux	L	pipeline	31789	4878	49	86.0	23106	1349	27.58740234375
2026-09-13T14:08:08+00:00	torvalds__linux	L	pipeline	31804	4624	23	88.8	23065	1349	29.43408203125
2026-09-13T14:08:23+00:00	torvalds__linux	L	pipeline	31819	4735	35	93.2	23082	1349	30.03271484375
2026-09-13T14:08:38+00:00	torvalds__linux	L	pipeline	31834	5055	65	77.3	23124	1349	30.25146484375
2026-09-13T14:08:53+00:00	torvalds__linux	L	pipeline	31849	4811	40	87.2	23122	1349	31.75341796875
2026-09-13T14:09:08+00:00	torvalds__linux	L	pipeline	31864	4685	29	94.9	23121	1349	33.79345703125
2026-09-13T14:09:23+00:00	torvalds__linux	L	pipeline	31879	4440	3	80.6	22961	1349	33.8916015625
2026-09-13T14:09:38+00:00	torvalds__linux	L	pipeline	31894	4698	35	95.2	23186	1349	33.41796875
2026-09-13T14:09:53+00:00	torvalds__linux	L	pipeline	31909	4846	48	92.5	23025	1349	33.8251953125
2026-09-13T14:10:08+00:00	torvalds__linux	L	pipeline	31924	4660	27	95.6	23523	1349	34.6025390625
2026-09-13T14:10:23+00:00	torvalds__linux	L	pipeline	31939	4681	32	94.8	23059	1349	34.80859375
2026-09-13T14:10:38+00:00	torvalds__linux	L	pipeline	31954	4586	20	95.0	23073	1349	35.96484375
2026-09-13T14:10:53+00:00	torvalds__linux	L	pipeline	31969	4734	33	94.9	22998	1349	34.09423828125
2026-09-13T14:11:08+00:00	torvalds__linux	L	pipeline	31985	4575	19	95.1	23534	1348	33.19287109375
2026-09-13T14:11:23+00:00	torvalds__linux	L	pipeline	32000	4717	34	95.1	23166	1348	32.40869140625
2026-09-13T14:11:38+00:00	torvalds__linux	L	pipeline	32015	4625	24	88.4	23235	1348	33.90087890625
2026-09-13T14:11:54+00:00	torvalds__linux	L	pipeline	32030	4594	20	95.5	23029	1348	34.38916015625
2026-09-13T14:12:09+00:00	torvalds__linux	L	pipeline	32045	4595	22	95.4	23449	1348	33.08984375
2026-09-13T14:12:24+00:00	torvalds__linux	L	pipeline	32060	4668	29	95.7	23043	1348	33.4462890625
2026-09-13T14:12:39+00:00	torvalds__linux	L	pipeline	32075	5029	61	91.8	23211	1348	31.7529296875
2026-09-13T14:12:54+00:00	torvalds__linux	L	pipeline	32090	4754	37	90.2	23050	1348	32.47509765625
2026-09-13T14:13:09+00:00	torvalds__linux	L	pipeline	32105	4741	35	95.4	23184	1348	33.189453125
2026-09-13T14:13:24+00:00	torvalds__linux	L	pipeline	32120	4631	25	94.8	23087	1348	32.21826171875
2026-09-13T14:13:39+00:00	torvalds__linux	L	pipeline	32135	4552	15	94.7	23109	1348	33.14306640625
2026-09-13T14:13:54+00:00	torvalds__linux	L	pipeline	32150	4934	49	79.5	23219	1348	34.146484375
2026-09-13T14:14:09+00:00	torvalds__linux	L	pipeline	32165	4921	54	87.7	23570	1348	33.6533203125
2026-09-13T14:14:24+00:00	torvalds__linux	L	pipeline	32180	4911	51	90.5	23156	1347	29.306640625
2026-09-13T14:14:39+00:00	torvalds__linux	L	pipeline	32195	4781	36	94.3	23197	1347	29.751953125
2026-09-13T14:14:54+00:00	torvalds__linux	L	pipeline	32210	4920	51	88.4	23484	1347	29.25
2026-09-13T14:15:09+00:00	torvalds__linux	L	pipeline	32225	4931	52	92.6	23201	1347	27.43408203125
2026-09-13T14:15:24+00:00	torvalds__linux	L	pipeline	32240	4476	7	93.8	23279	1347	26.94384765625
2026-09-13T14:15:39+00:00	torvalds__linux	L	pipeline	32256	4702	30	94.8	23240	1347	25.94189453125
2026-09-13T14:15:54+00:00	torvalds__linux	L	pipeline	32271	4674	30	91.4	23485	1347	26.0712890625
2026-09-13T14:16:09+00:00	torvalds__linux	L	pipeline	32286	4896	53	91.7	23153	1347	26.22216796875
2026-09-13T14:16:24+00:00	torvalds__linux	L	pipeline	32301	4722	35	90.5	23223	1347	27.5302734375
2026-09-13T14:16:40+00:00	torvalds__linux	L	pipeline	32316	4912	51	94.6	23302	1346	29.12353515625
2026-09-13T14:16:55+00:00	torvalds__linux	L	pipeline	32331	4650	25	88.5	23450	1346	29.05859375
2026-09-13T14:17:10+00:00	torvalds__linux	L	pipeline	32346	5168	71	89.7	23270	1346	29.6728515625
2026-09-13T14:17:25+00:00	torvalds__linux	L	pipeline	32361	4927	56	94.4	23301	1346	28.8583984375
2026-09-13T14:17:40+00:00	torvalds__linux	L	pipeline	32376	4639	24	90.6	23151	1346	29.02294921875
2026-09-13T14:17:55+00:00	torvalds__linux	L	pipeline	32391	4976	59	74.3	23104	1346	27.083984375
2026-09-13T14:18:10+00:00	torvalds__linux	L	pipeline	32406	4619	21	94.1	23174	1346	29.19140625
2026-09-13T14:18:25+00:00	torvalds__linux	L	pipeline	32421	4799	42	84.1	23235	1346	29.173828125
2026-09-13T14:18:40+00:00	torvalds__linux	L	pipeline	32436	4919	52	92.0	23269	1346	29.189453125
2026-09-13T14:18:55+00:00	torvalds__linux	L	pipeline	32451	4961	48	94.7	23217	1345	28.2021484375
2026-09-13T14:19:10+00:00	torvalds__linux	L	pipeline	32466	4663	28	89.9	23537	1345	30.2705078125
2026-09-13T14:19:25+00:00	torvalds__linux	L	pipeline	32481	4851	46	92.3	23253	1345	31.169921875
2026-09-13T14:19:40+00:00	torvalds__linux	L	pipeline	32496	4538	11	94.8	23143	1345	30.5908203125
2026-09-13T14:19:55+00:00	torvalds__linux	L	pipeline	32511	4910	49	95.0	23231	1345	31.2724609375
2026-09-13T14:20:10+00:00	torvalds__linux	L	pipeline	32526	4868	47	93.9	23233	1345	30.1474609375
2026-09-13T14:20:25+00:00	torvalds__linux	L	pipeline	32541	4944	54	87.9	23262	1345	27.80908203125
2026-09-13T14:20:40+00:00	torvalds__linux	L	pipeline	32557	5096	67	94.0	23268	1345	30.15283203125
2026-09-13T14:20:55+00:00	torvalds__linux	L	pipeline	32572	4826	45	94.5	23231	1345	30.27294921875
2026-09-13T14:21:10+00:00	torvalds__linux	L	pipeline	32587	5132	68	85.2	23345	1344	28.96240234375
2026-09-13T14:21:26+00:00	torvalds__linux	L	pipeline	32602	4789	39	91.8	23320	1344	27.4716796875
2026-09-13T14:21:41+00:00	torvalds__linux	L	pipeline	32617	4797	40	94.6	23257	1344	28.08837890625
2026-09-13T14:21:56+00:00	torvalds__linux	L	pipeline	32632	5299	78	90.4	23372	1344	28.8505859375
2026-09-13T14:22:11+00:00	torvalds__linux	L	pipeline	32647	4834	43	94.7	23607	1344	29.96240234375
2026-09-13T14:22:26+00:00	torvalds__linux	L	pipeline	32662	4918	47	91.3	23274	1344	29.69384765625
2026-09-13T14:22:41+00:00	torvalds__linux	L	pipeline	32677	5106	68	93.4	23312	1344	31.0419921875
2026-09-13T14:22:56+00:00	torvalds__linux	L	pipeline	32692	4587	16	91.6	23454	1344	29.615234375
2026-09-13T14:23:11+00:00	torvalds__linux	L	pipeline	32707	4730	30	91.6	23136	1344	30.8525390625
2026-09-13T14:23:26+00:00	torvalds__linux	L	pipeline	32722	4704	32	85.7	23213	1344	27.05908203125
2026-09-13T14:23:41+00:00	torvalds__linux	L	pipeline	32737	4907	53	95.0	23307	1343	27.716796875
2026-09-13T14:23:56+00:00	torvalds__linux	L	pipeline	32752	5038	61	93.3	23312	1343	27.77392578125
2026-09-13T14:24:11+00:00	torvalds__linux	L	pipeline	32767	4768	30	88.4	23507	1343	25.3466796875
2026-09-13T14:24:26+00:00	torvalds__linux	L	pipeline	32782	4729	32	59.7	23221	1343	24.06201171875
2026-09-13T14:24:41+00:00	torvalds__linux	L	pipeline	32797	4813	40	92.9	23315	1343	26.31005859375
2026-09-13T14:24:56+00:00	torvalds__linux	L	pipeline	32813	4909	52	95.1	23156	1343	28.93408203125
2026-09-13T14:25:11+00:00	torvalds__linux	L	pipeline	32828	4867	46	92.4	23564	1343	29.0107421875
2026-09-13T14:25:26+00:00	torvalds__linux	L	pipeline	32843	5148	68	90.9	23352	1343	29.63720703125
2026-09-13T14:25:41+00:00	torvalds__linux	L	pipeline	32858	4815	38	91.9	23286	1342	29.29833984375
2026-09-13T14:25:57+00:00	torvalds__linux	L	pipeline	32873	4741	33	91.5	23480	1342	28.794921875
2026-09-13T14:26:12+00:00	torvalds__linux	L	pipeline	32888	5083	66	90.6	23219	1342	29.91796875
2026-09-13T14:26:27+00:00	torvalds__linux	L	pipeline	32903	5130	71	93.2	23303	1342	29.6240234375
2026-09-13T14:26:42+00:00	torvalds__linux	L	pipeline	32918	5025	62	92.0	23281	1342	29.86572265625
2026-09-13T14:26:57+00:00	torvalds__linux	L	pipeline	32933	4879	46	94.8	23351	1342	29.0517578125
2026-09-13T14:27:12+00:00	torvalds__linux	L	pipeline	32948	4829	42	88.9	23474	1342	29.21142578125
2026-09-13T14:27:27+00:00	torvalds__linux	L	pipeline	32963	5027	63	93.4	23205	1342	30.3037109375
2026-09-13T14:27:42+00:00	torvalds__linux	L	pipeline	32978	4736	31	94.7	23112	1341	30.29931640625
2026-09-13T14:27:57+00:00	torvalds__linux	L	pipeline	32993	4561	9	83.4	23250	1341	29.8154296875
2026-09-13T14:28:12+00:00	torvalds__linux	L	pipeline	33008	4847	42	92.1	23573	1341	27.029296875
2026-09-13T14:28:27+00:00	torvalds__linux	L	pipeline	33023	4969	59	79.5	23514	1341	25.33837890625
2026-09-13T14:28:42+00:00	torvalds__linux	L	pipeline	33038	4868	46	91.8	23177	1341	28.78271484375
2026-09-13T14:28:57+00:00	torvalds__linux	L	pipeline	33053	5025	61	94.4	23185	1341	29.10302734375
2026-09-13T14:29:12+00:00	torvalds__linux	L	pipeline	33068	5027	58	91.5	23260	1341	29.45703125
2026-09-13T14:29:27+00:00	torvalds__linux	L	pipeline	33083	5087	62	95.0	23377	1341	31.0615234375
2026-09-13T14:29:42+00:00	torvalds__linux	L	pipeline	33098	4587	9	89.1	23092	1341	28.681640625
2026-09-13T14:29:57+00:00	torvalds__linux	L	pipeline	33113	4927	49	84.7	23275	1340	29.53271484375
2026-09-13T14:30:12+00:00	torvalds__linux	L	pipeline	33128	5030	61	81.4	23497	1340	27.26953125
2026-09-13T14:30:27+00:00	torvalds__linux	L	pipeline	33144	5236	65	90.9	23357	1340	27.30810546875
2026-09-13T14:30:42+00:00	torvalds__linux	L	pipeline	33159	4875	49	93.0	23253	1340	29.5234375
2026-09-13T14:30:57+00:00	torvalds__linux	L	pipeline	33174	4907	49	93.7	23261	1340	27.9794921875
2026-09-13T14:31:13+00:00	torvalds__linux	L	pipeline	33189	5265	71	89.5	23356	1340	25.0810546875
2026-09-13T14:31:28+00:00	torvalds__linux	L	pipeline	33204	4942	51	88.9	23201	1340	23.46435546875
2026-09-13T14:31:43+00:00	torvalds__linux	L	pipeline	33219	4772	37	87.3	23228	1340	28.29052734375
2026-09-13T14:31:58+00:00	torvalds__linux	L	pipeline	33234	4806	35	92.4	23152	1339	28.55908203125
2026-09-13T14:32:13+00:00	torvalds__linux	L	pipeline	33249	4555	9	86.9	23127	1339	26.16357421875
2026-09-13T14:32:28+00:00	torvalds__linux	L	pipeline	33264	4985	57	88.1	23278	1339	26.2822265625
2026-09-13T14:32:43+00:00	torvalds__linux	L	pipeline	33279	5006	58	89.3	23162	1339	28.400390625
2026-09-13T14:32:58+00:00	torvalds__linux	L	pipeline	33294	4827	43	86.5	23257	1339	30.61328125
2026-09-13T14:33:13+00:00	torvalds__linux	L	pipeline	33309	4674	25	89.6	23017	1339	30.537109375
2026-09-13T14:33:28+00:00	torvalds__linux	L	pipeline	33324	4989	54	88.8	23287	1339	29.2353515625
2026-09-13T14:33:43+00:00	torvalds__linux	L	pipeline	33339	4846	43	83.2	23253	1339	27.513671875
2026-09-13T14:33:58+00:00	torvalds__linux	L	pipeline	33354	4695	27	94.6	23101	1339	28.44677734375
2026-09-13T14:34:13+00:00	torvalds__linux	L	pipeline	33369	4912	47	94.6	23257	1339	28.853515625
2026-09-13T14:34:28+00:00	torvalds__linux	L	pipeline	33384	4613	16	89.0	23254	1338	27.83203125
2026-09-13T14:34:43+00:00	torvalds__linux	L	pipeline	33399	4603	16	89.4	23236	1338	29.8408203125
2026-09-13T14:34:58+00:00	torvalds__linux	L	pipeline	33414	4843	43	88.0	23196	1338	27.97216796875
2026-09-13T14:35:13+00:00	torvalds__linux	L	pipeline	33429	4818	42	88.9	23250	1338	28.48291015625
2026-09-13T14:35:28+00:00	torvalds__linux	L	pipeline	33445	5454	90	85.2	23346	1338	27.96044921875
2026-09-13T14:35:43+00:00	torvalds__linux	L	pipeline	33460	5079	65	91.0	23266	1338	28.474609375
2026-09-13T14:35:58+00:00	torvalds__linux	L	pipeline	33475	5119	69	91.3	23227	1338	29.19677734375
2026-09-13T14:36:14+00:00	torvalds__linux	L	pipeline	33490	4850	43	92.1	23141	1337	29.09130859375
2026-09-13T14:36:29+00:00	torvalds__linux	L	pipeline	33505	4756	35	89.1	23234	1337	29.1943359375
2026-09-13T14:36:44+00:00	torvalds__linux	L	pipeline	33520	5130	72	89.1	23097	1337	29.81396484375
2026-09-13T14:36:59+00:00	torvalds__linux	L	pipeline	33535	4909	50	91.7	23138	1337	28.857421875
2026-09-13T14:37:14+00:00	torvalds__linux	L	pipeline	33550	4705	25	94.0	23087	1337	30.9140625
2026-09-13T14:37:29+00:00	torvalds__linux	L	pipeline	33565	4872	45	94.0	23195	1337	32.68310546875
2026-09-13T14:37:44+00:00	torvalds__linux	L	pipeline	33580	5182	72	91.3	23259	1337	31.74951171875
2026-09-13T14:37:59+00:00	torvalds__linux	L	pipeline	33595	4880	49	92.1	23030	1337	29.71728515625
2026-09-13T14:38:14+00:00	torvalds__linux	L	pipeline	33610	4980	58	94.1	23235	1337	31.0888671875
2026-09-13T14:38:29+00:00	torvalds__linux	L	pipeline	33625	4956	54	89.8	23268	1337	30.08349609375
2026-09-13T14:38:44+00:00	torvalds__linux	L	pipeline	33640	4839	41	92.1	23053	1336	32.64013671875
2026-09-13T14:38:59+00:00	torvalds__linux	L	pipeline	33655	4761	35	86.1	23046	1336	29.64013671875
2026-09-13T14:39:14+00:00	torvalds__linux	L	pipeline	33670	5095	67	90.4	23123	1336	30.4892578125
2026-09-13T14:39:29+00:00	torvalds__linux	L	pipeline	33685	5032	61	87.6	23196	1336	30.5751953125
2026-09-13T14:39:44+00:00	torvalds__linux	L	pipeline	33700	4475	3	88.2	23078	1336	31.3642578125
2026-09-13T14:39:59+00:00	torvalds__linux	L	pipeline	33715	4955	53	85.6	23030	1336	31.75048828125
2026-09-13T14:40:14+00:00	torvalds__linux	L	pipeline	33730	4585	16	87.9	22936	1336	30.84326171875
2026-09-13T14:40:29+00:00	torvalds__linux	L	pipeline	33745	4833	44	88.7	23008	1336	29.5400390625
2026-09-13T14:40:44+00:00	torvalds__linux	L	pipeline	33761	4600	16	90.5	23048	1335	28.6943359375
2026-09-13T14:40:59+00:00	torvalds__linux	L	pipeline	33776	4592	17	87.1	23169	1335	27.59521484375
2026-09-13T14:41:14+00:00	torvalds__linux	L	pipeline	33791	4921	50	86.2	23099	1335	28.11572265625
2026-09-13T14:41:29+00:00	torvalds__linux	L	pipeline	33806	4996	53	90.9	23242	1335	28.841796875
2026-09-13T14:41:45+00:00	torvalds__linux	L	pipeline	33821	5060	63	88.2	23178	1335	28.32275390625
2026-09-13T14:42:00+00:00	torvalds__linux	L	pipeline	33836	4830	42	88.3	23505	1335	29.0341796875
2026-09-13T14:42:15+00:00	torvalds__linux	L	pipeline	33851	5078	61	85.7	23467	1335	28.68017578125
2026-09-13T14:42:30+00:00	torvalds__linux	L	pipeline	33866	4967	55	94.2	23189	1335	29.69091796875
2026-09-13T14:42:45+00:00	torvalds__linux	L	pipeline	33881	4774	34	89.8	23093	1334	27.40087890625
2026-09-13T14:43:00+00:00	torvalds__linux	L	pipeline	33896	5071	66	90.7	23214	1334	28.208984375
2026-09-13T14:43:15+00:00	torvalds__linux	L	pipeline	33911	4994	56	89.8	23139	1334	28.22119140625
2026-09-13T14:43:30+00:00	torvalds__linux	L	pipeline	33926	4535	9	62.6	22931	1334	25.9921875
2026-09-13T14:43:45+00:00	torvalds__linux	L	pipeline	33941	5027	56	73.0	23215	1334	25.05810546875
2026-09-13T14:44:00+00:00	torvalds__linux	L	pipeline	33956	5085	68	85.3	23101	1334	24.21484375
2026-09-13T14:44:15+00:00	torvalds__linux	L	pipeline	33971	4839	41	92.5	23041	1334	24.40185546875
2026-09-13T14:44:30+00:00	torvalds__linux	L	pipeline	33986	4483	3	84.7	23342	1334	23.61572265625
2026-09-13T14:44:45+00:00	torvalds__linux	L	pipeline	34001	4626	17	88.8	23425	1334	24.7900390625
2026-09-13T14:45:00+00:00	torvalds__linux	L	pipeline	34016	4808	42	92.7	23034	1333	25.43310546875
2026-09-13T14:45:15+00:00	torvalds__linux	L	pipeline	34031	4626	17	58.0	23377	1334	23.8896484375
2026-09-13T14:45:30+00:00	torvalds__linux	L	pipeline	34046	4738	29	86.6	23082	1333	24.61572265625
2026-09-13T14:45:45+00:00	torvalds__linux	L	pipeline	34061	4892	39	88.2	23562	1333	24.5595703125
2026-09-13T14:46:00+00:00	torvalds__linux	L	pipeline	34077	5080	59	90.6	23089	1333	23.62841796875
2026-09-13T14:46:15+00:00	torvalds__linux	L	pipeline	34092	5185	72	86.7	23154	1333	24.20166015625
2026-09-13T14:46:31+00:00	torvalds__linux	L	pipeline	34107	5222	72	85.5	23155	1333	25.60791015625
2026-09-13T14:46:46+00:00	torvalds__linux	L	pipeline	34122	4936	51	89.3	23369	1333	26.08984375
2026-09-13T14:47:01+00:00	torvalds__linux	L	pipeline	34137	4895	49	90.7	23110	1333	27.49853515625
2026-09-13T14:47:16+00:00	torvalds__linux	L	pipeline	34152	4904	44	85.6	22958	1332	26.451171875
2026-09-13T14:47:31+00:00	torvalds__linux	L	pipeline	34167	5062	63	91.2	23102	1332	26.97412109375
2026-09-13T14:47:46+00:00	torvalds__linux	L	pipeline	34182	4636	20	92.0	23481	1332	28.619140625
2026-09-13T14:48:01+00:00	torvalds__linux	L	pipeline	34197	4875	43	93.0	23157	1332	29.43603515625
2026-09-13T14:48:16+00:00	torvalds__linux	L	pipeline	34212	4989	55	88.7	23046	1332	27.68896484375
2026-09-13T14:48:31+00:00	torvalds__linux	L	pipeline	34227	4870	44	88.4	22921	1332	28.5224609375
2026-09-13T14:48:46+00:00	torvalds__linux	L	pipeline	34242	5014	52	94.2	23137	1332	28.390625
2026-09-13T14:49:01+00:00	torvalds__linux	L	pipeline	34257	5063	57	91.0	22958	1332	28.35302734375
2026-09-13T14:49:16+00:00	torvalds__linux	L	pipeline	34272	4737	30	91.3	22964	1331	31.529296875
2026-09-13T14:49:31+00:00	torvalds__linux	L	pipeline	34287	5258	77	91.9	23036	1331	31.35107421875
2026-09-13T14:49:46+00:00	torvalds__linux	L	pipeline	34302	4573	12	82.7	23290	1331	31.30517578125
2026-09-13T14:50:01+00:00	torvalds__linux	L	pipeline	34317	4796	35	88.9	23002	1331	31.96142578125
2026-09-13T14:50:16+00:00	torvalds__linux	L	pipeline	34332	4575	11	89.9	22902	1331	30.6298828125
2026-09-13T14:50:31+00:00	torvalds__linux	L	pipeline	34347	4897	48	88.7	23012	1331	31.4931640625
2026-09-13T14:50:46+00:00	torvalds__linux	L	pipeline	34363	4951	55	82.1	23349	1331	31.28466796875
2026-09-13T14:51:01+00:00	torvalds__linux	L	pipeline	34378	5107	67	93.8	23104	1331	30.77099609375
2026-09-13T14:51:16+00:00	torvalds__linux	L	pipeline	34393	4724	26	89.0	22933	1330	27.69677734375
2026-09-13T14:51:31+00:00	torvalds__linux	L	pipeline	34408	4729	31	95.9	23146	1330	28.60791015625
2026-09-13T14:51:47+00:00	torvalds__linux	L	pipeline	34423	4608	16	94.2	23406	1330	31.67578125
2026-09-13T14:52:02+00:00	torvalds__linux	L	pipeline	34438	4806	36	94.9	23040	1330	31.94775390625
2026-09-13T14:52:17+00:00	torvalds__linux	L	pipeline	34453	4787	34	88.1	22999	1330	29.31640625
2026-09-13T14:52:32+00:00	torvalds__linux	L	pipeline	34468	5058	61	93.6	23056	1330	29.0498046875
2026-09-13T14:52:47+00:00	torvalds__linux	L	pipeline	34483	4820	36	93.7	23386	1330	29.3037109375
2026-09-13T14:53:02+00:00	torvalds__linux	L	pipeline	34498	5045	62	86.5	23088	1330	27.3759765625
2026-09-13T14:53:17+00:00	torvalds__linux	L	pipeline	34513	4506	5	89.3	22806	1330	27.1943359375
2026-09-13T14:53:32+00:00	torvalds__linux	L	pipeline	34528	5041	49	93.4	23213	1329	28.7578125
2026-09-13T14:53:47+00:00	torvalds__linux	L	pipeline	34543	4673	23	92.7	23331	1329	28.44091796875
2026-09-13T14:54:02+00:00	torvalds__linux	L	pipeline	34558	5147	66	90.0	23080	1329	28.52001953125
2026-09-13T14:54:17+00:00	torvalds__linux	L	pipeline	34573	4665	23	88.0	23023	1329	28.91650390625
2026-09-13T14:54:32+00:00	torvalds__linux	L	pipeline	34588	5163	66	92.4	23174	1329	28.82470703125
2026-09-13T14:54:47+00:00	torvalds__linux	L	pipeline	34603	4909	45	87.0	23275	1329	29.5703125
2026-09-13T14:55:02+00:00	torvalds__linux	L	pipeline	34618	4899	39	85.9	22967	1329	29.5419921875
2026-09-13T14:55:17+00:00	torvalds__linux	L	pipeline	34634	4728	30	76.3	22975	1329	29.09375
2026-09-13T14:55:32+00:00	torvalds__linux	L	pipeline	34649	4825	42	83.6	23005	1329	28.02587890625
2026-09-13T14:55:47+00:00	torvalds__linux	L	pipeline	34664	4560	11	88.1	22855	1328	29.45947265625
2026-09-13T14:56:02+00:00	torvalds__linux	L	pipeline	34679	4826	40	83.2	22921	1328	27.64501953125
2026-09-13T14:56:18+00:00	torvalds__linux	L	pipeline	34694	5139	71	93.3	23031	1328	28.86767578125
2026-09-13T14:56:33+00:00	torvalds__linux	L	pipeline	34709	5103	65	92.2	23043	1328	30.36767578125
2026-09-13T14:56:48+00:00	torvalds__linux	L	pipeline	34724	4894	44	91.4	23019	1328	30.9599609375
2026-09-13T14:57:03+00:00	torvalds__linux	L	pipeline	34739	4687	24	91.9	22911	1328	30.85009765625
2026-09-13T14:57:18+00:00	torvalds__linux	L	pipeline	34754	4863	40	87.7	22965	1328	28.494140625
2026-09-13T14:57:33+00:00	torvalds__linux	L	pipeline	34769	4727	25	87.0	23034	1328	29.173828125
2026-09-13T14:57:48+00:00	torvalds__linux	L	pipeline	34784	5077	63	83.5	23015	1328	30.35498046875
2026-09-13T14:58:03+00:00	torvalds__linux	L	pipeline	34799	4787	36	81.2	23069	1327	29.849609375
2026-09-13T14:58:18+00:00	torvalds__linux	L	pipeline	34814	4883	45	93.4	22940	1327	28.9482421875
2026-09-13T14:58:33+00:00	torvalds__linux	L	pipeline	34829	4887	45	92.5	23067	1327	29.15087890625
2026-09-13T14:58:48+00:00	torvalds__linux	L	pipeline	34844	5012	56	91.5	23007	1327	30.02734375
2026-09-13T14:59:03+00:00	torvalds__linux	L	pipeline	34859	4747	31	83.0	23122	1327	30.0341796875
2026-09-13T14:59:18+00:00	torvalds__linux	L	pipeline	34874	5035	55	95.2	22972	1327	30.484375
2026-09-13T14:59:33+00:00	torvalds__linux	L	pipeline	34889	4889	41	88.9	23081	1327	27.1171875
2026-09-13T14:59:48+00:00	torvalds__linux	L	pipeline	34904	4823	39	88.8	23408	1326	27.65625
2026-09-13T15:00:03+00:00	torvalds__linux	L	pipeline	34919	4548	9	91.9	23002	1326	28.404296875
2026-09-13T15:00:18+00:00	torvalds__linux	L	pipeline	34935	4703	28	92.6	22965	1326	28.7392578125
2026-09-13T15:00:33+00:00	torvalds__linux	L	pipeline	34950	4625	18	93.4	23180	1326	27.69287109375
2026-09-13T15:00:48+00:00	torvalds__linux	L	pipeline	34965	4823	38	93.3	22985	1326	25.4326171875
2026-09-13T15:01:04+00:00	torvalds__linux	L	pipeline	34980	5127	70	91.2	23123	1326	27.126953125
2026-09-13T15:01:19+00:00	torvalds__linux	L	pipeline	34995	4789	38	90.7	22932	1326	26.9140625
2026-09-13T15:01:34+00:00	torvalds__linux	L	pipeline	35010	5074	65	88.6	23125	1326	27.71630859375
2026-09-13T15:01:49+00:00	torvalds__linux	L	pipeline	35025	4961	53	89.6	23082	1326	26.4609375
2026-09-13T15:02:04+00:00	torvalds__linux	L	pipeline	35040	5214	73	91.3	23183	1326	29.5751953125
2026-09-13T15:02:19+00:00	torvalds__linux	L	pipeline	35055	5173	68	94.2	23150	1325	32.1875
2026-09-13T15:02:34+00:00	torvalds__linux	L	pipeline	35070	4768	35	89.9	23197	1325	31.04443359375
2026-09-13T15:02:49+00:00	torvalds__linux	L	pipeline	35085	4925	51	94.2	23043	1325	30.6005859375
2026-09-13T15:03:04+00:00	torvalds__linux	L	pipeline	35100	4933	47	85.7	23122	1325	30.3388671875
2026-09-13T15:03:19+00:00	torvalds__linux	L	pipeline	35115	4979	53	83.5	23158	1325	28.13330078125
2026-09-13T15:03:34+00:00	torvalds__linux	L	pipeline	35130	4882	46	95.8	23093	1325	29.12109375
2026-09-13T15:03:49+00:00	torvalds__linux	L	pipeline	35145	5017	51	75.8	23521	1323	27.55419921875
2026-09-13T15:04:04+00:00	torvalds__linux	L	pipeline	35160	4923	45	75.5	22957	1325	26.33349609375
2026-09-13T15:04:19+00:00	torvalds__linux	L	pipeline	35175	4852	41	90.3	22995	1325	24.7783203125
2026-09-13T15:04:34+00:00	torvalds__linux	L	pipeline	35190	4795	37	95.1	22906	1324	27.11181640625
2026-09-13T15:04:49+00:00	torvalds__linux	L	pipeline	35206	4825	38	92.4	23049	1324	30.9189453125
2026-09-13T15:05:04+00:00	torvalds__linux	L	pipeline	35221	4840	38	92.4	23010	1324	30.6904296875
2026-09-13T15:05:19+00:00	torvalds__linux	L	pipeline	35236	4880	42	78.6	23018	1324	29.32177734375
2026-09-13T15:05:35+00:00	torvalds__linux	L	pipeline	35251	4898	49	89.7	22998	1324	29.52685546875
2026-09-13T15:05:50+00:00	torvalds__linux	L	pipeline	35266	4887	45	90.8	23024	1324	30.12939453125
2026-09-13T15:06:05+00:00	torvalds__linux	L	pipeline	35281	4857	41	90.8	23029	1324	32.400390625
2026-09-13T15:06:20+00:00	torvalds__linux	L	pipeline	35296	5013	55	88.9	23072	1324	32.21923828125
2026-09-13T15:06:35+00:00	torvalds__linux	L	pipeline	35311	4749	31	89.0	23074	1324	29.77587890625
2026-09-13T15:06:50+00:00	torvalds__linux	L	pipeline	35326	4854	43	53.4	23043	1324	29.11474609375
2026-09-13T15:07:05+00:00	torvalds__linux	L	pipeline	35341	5073	66	86.8	23087	1323	29.5625
2026-09-13T15:07:20+00:00	torvalds__linux	L	pipeline	35356	4876	42	93.4	23083	1323	27.8466796875
2026-09-13T15:07:35+00:00	torvalds__linux	L	pipeline	35371	4827	35	93.0	23113	1323	30.349609375
2026-09-13T15:07:50+00:00	torvalds__linux	L	pipeline	35386	5051	57	88.0	23135	1323	28.7685546875
2026-09-13T15:08:05+00:00	torvalds__linux	L	pipeline	35401	4808	36	91.3	23090	1323	28.087890625
2026-09-13T15:08:20+00:00	torvalds__linux	L	pipeline	35416	4874	39	87.2	23048	1323	26.13330078125
2026-09-13T15:08:35+00:00	torvalds__linux	L	pipeline	35431	5243	76	91.6	23236	1323	26.375
2026-09-13T15:08:50+00:00	torvalds__linux	L	pipeline	35446	5140	65	92.4	23277	1323	29.01220703125
2026-09-13T15:09:05+00:00	torvalds__linux	L	pipeline	35461	5272	75	92.3	23349	1322	27.99560546875
2026-09-13T15:09:20+00:00	torvalds__linux	L	pipeline	35477	5072	61	76.4	23151	1322	27.71533203125
2026-09-13T15:09:35+00:00	torvalds__linux	L	pipeline	35492	5104	60	92.5	23214	1322	27.72998046875
2026-09-13T15:09:50+00:00	torvalds__linux	L	pipeline	35507	4622	11	89.5	23011	1322	26.21435546875
2026-09-13T15:10:05+00:00	torvalds__linux	L	pipeline	35522	4682	18	88.2	23236	1322	25.56982421875
2026-09-13T15:10:21+00:00	torvalds__linux	L	pipeline	35537	4999	47	89.7	23146	1322	26.7490234375
2026-09-13T15:10:36+00:00	torvalds__linux	L	pipeline	35552	4941	46	87.2	23261	1322	27.83935546875
2026-09-13T15:10:51+00:00	torvalds__linux	L	pipeline	35567	4717	22	93.6	22978	1322	28.6630859375
2026-09-13T15:11:06+00:00	torvalds__linux	L	pipeline	35582	4923	44	87.3	23241	1321	28.65234375
2026-09-13T15:11:21+00:00	torvalds__linux	L	pipeline	35597	4799	31	91.7	23058	1321	31.208984375
2026-09-13T15:11:36+00:00	torvalds__linux	L	pipeline	35612	4795	30	92.0	23184	1321	29.45751953125
2026-09-13T15:11:51+00:00	torvalds__linux	L	pipeline	35627	5169	68	93.6	23220	1321	30.59716796875
2026-09-13T15:12:06+00:00	torvalds__linux	L	pipeline	35642	4805	32	91.6	23145	1321	29.22265625
2026-09-13T15:12:21+00:00	torvalds__linux	L	pipeline	35657	5138	68	89.6	23127	1321	28.8037109375
2026-09-13T15:12:36+00:00	torvalds__linux	L	pipeline	35672	5306	79	89.4	23279	1321	27.14794921875
2026-09-13T15:12:51+00:00	torvalds__linux	L	pipeline	35687	5093	62	91.9	23136	1321	27.42626953125
2026-09-13T15:13:06+00:00	torvalds__linux	L	pipeline	35702	5069	60	89.2	23212	1321	29.5810546875
2026-09-13T15:13:21+00:00	torvalds__linux	L	pipeline	35717	5255	80	85.9	23147	1320	29.2109375
2026-09-13T15:13:36+00:00	torvalds__linux	L	pipeline	35732	5273	75	93.3	23243	1320	30.40869140625
2026-09-13T15:13:51+00:00	torvalds__linux	L	pipeline	35747	5064	60	95.3	23087	1320	31.55029296875
2026-09-13T15:14:06+00:00	torvalds__linux	L	pipeline	35762	4689	21	88.5	23116	1320	31.1533203125
2026-09-13T15:14:21+00:00	torvalds__linux	L	pipeline	35778	4892	45	87.8	23119	1320	30.1279296875
2026-09-13T15:14:36+00:00	torvalds__linux	L	pipeline	35793	5386	76	76.3	23344	1320	27.48583984375
2026-09-13T15:14:51+00:00	torvalds__linux	L	pipeline	35808	5021	55	90.3	23065	1320	26.83740234375
2026-09-13T15:15:06+00:00	torvalds__linux	L	pipeline	35823	4658	16	90.8	23051	1320	27.3642578125
2026-09-13T15:15:22+00:00	torvalds__linux	L	pipeline	35838	5139	64	90.7	23219	1320	25.56591796875
2026-09-13T15:15:37+00:00	torvalds__linux	L	pipeline	35853	5217	71	94.7	23277	1319	28.10791015625
2026-09-13T15:15:52+00:00	torvalds__linux	L	pipeline	35868	5225	72	87.0	23140	1319	27.61767578125
2026-09-13T15:16:07+00:00	torvalds__linux	L	pipeline	35883	4909	43	88.3	23198	1319	27.1162109375
2026-09-13T15:16:22+00:00	torvalds__linux	L	pipeline	35898	4963	50	93.2	23222	1319	27.6083984375
2026-09-13T15:16:37+00:00	torvalds__linux	L	pipeline	35913	4847	39	87.6	23169	1319	28.38330078125
2026-09-13T15:16:52+00:00	torvalds__linux	L	pipeline	35928	4603	12	79.9	23049	1319	27.1279296875
2026-09-13T15:17:07+00:00	torvalds__linux	L	pipeline	35943	5085	57	91.0	23349	1319	28.87353515625
2026-09-13T15:17:22+00:00	torvalds__linux	L	pipeline	35958	4913	42	87.5	23108	1319	30.4140625
2026-09-13T15:17:37+00:00	torvalds__linux	L	pipeline	35973	4653	15	92.5	23239	1319	31.71923828125
2026-09-13T15:17:52+00:00	torvalds__linux	L	pipeline	35988	4719	21	87.3	23084	1318	30.81103515625
2026-09-13T15:18:07+00:00	torvalds__linux	L	pipeline	36003	4911	40	89.6	23287	1318	32.68505859375
2026-09-13T15:18:22+00:00	torvalds__linux	L	pipeline	36018	4825	34	90.5	23146	1318	32.39208984375
2026-09-13T15:18:37+00:00	torvalds__linux	L	pipeline	36033	4924	46	89.9	23292	1318	31.21728515625
2026-09-13T15:18:52+00:00	torvalds__linux	L	pipeline	36048	4921	42	93.4	23090	1318	29.9599609375
2026-09-13T15:19:07+00:00	torvalds__linux	L	pipeline	36064	4921	44	89.9	23310	1318	30.658203125
2026-09-13T15:19:22+00:00	torvalds__linux	L	pipeline	36079	4909	41	80.1	23310	1318	28.677734375
2026-09-13T15:19:37+00:00	torvalds__linux	L	pipeline	36094	4951	50	89.3	23154	1317	27.89892578125
2026-09-13T15:19:52+00:00	torvalds__linux	L	pipeline	36109	4966	46	92.4	23220	1317	30.01025390625
2026-09-13T15:20:08+00:00	torvalds__linux	L	pipeline	36124	4732	25	92.5	23079	1318	29.17919921875
2026-09-13T15:20:23+00:00	torvalds__linux	L	pipeline	36139	5071	59	93.6	23204	1317	29.3291015625
2026-09-13T15:20:38+00:00	torvalds__linux	L	pipeline	36154	4805	32	93.2	23149	1317	29.8642578125
2026-09-13T15:20:53+00:00	torvalds__linux	L	pipeline	36169	5121	60	87.9	23227	1317	28.884765625
2026-09-13T15:21:08+00:00	torvalds__linux	L	pipeline	36184	4777	27	92.7	23191	1317	29.98291015625
2026-09-13T15:21:23+00:00	torvalds__linux	L	pipeline	36199	4843	36	92.6	23142	1317	28.9501953125
2026-09-13T15:21:38+00:00	torvalds__linux	L	pipeline	36214	4964	46	91.4	23215	1317	29.57763671875
2026-09-13T15:21:53+00:00	torvalds__linux	L	pipeline	36229	4948	48	92.9	23056	1317	29.2333984375
2026-09-13T15:22:08+00:00	torvalds__linux	L	pipeline	36244	4830	33	85.7	23461	1316	28.80517578125
2026-09-13T15:22:23+00:00	torvalds__linux	L	pipeline	36259	4930	49	61.6	23117	1316	25.91015625
2026-09-13T15:22:38+00:00	torvalds__linux	L	pipeline	36274	5088	58	92.4	23124	1316	26.64794921875
2026-09-13T15:22:53+00:00	torvalds__linux	L	pipeline	36289	5368	86	91.9	23408	1316	28.15283203125
2026-09-13T15:23:08+00:00	torvalds__linux	L	pipeline	36304	5161	64	89.2	23619	1316	29.12255859375
2026-09-13T15:23:23+00:00	torvalds__linux	L	pipeline	36320	4884	41	87.0	23148	1316	28.2890625
2026-09-13T15:23:38+00:00	torvalds__linux	L	pipeline	36335	4783	31	81.6	23177	1316	26.84423828125
2026-09-13T15:23:53+00:00	torvalds__linux	L	pipeline	36350	5058	58	91.0	23065	1316	27.62744140625
2026-09-13T15:24:08+00:00	torvalds__linux	L	pipeline	36365	4969	48	89.2	23511	1315	29.3193359375
2026-09-13T15:24:24+00:00	torvalds__linux	L	pipeline	36380	4748	9	88.9	23334	1315	28.57763671875
2026-09-13T15:24:39+00:00	torvalds__linux	L	pipeline	36395	5152	65	80.6	23201	1315	27.09521484375
2026-09-13T15:24:54+00:00	torvalds__linux	L	pipeline	36410	4712	21	92.5	23367	1315	27.41259765625
2026-09-13T15:25:09+00:00	torvalds__linux	L	pipeline	36425	4762	21	90.6	23623	1315	27.70361328125
2026-09-13T15:25:24+00:00	torvalds__linux	L	pipeline	36440	5144	64	88.1	23194	1315	26.302734375
2026-09-13T15:25:39+00:00	torvalds__linux	L	pipeline	36455	4986	53	89.6	23295	1315	28.60302734375
2026-09-13T15:25:54+00:00	torvalds__linux	L	pipeline	36470	4939	48	90.6	23092	1315	29.82373046875
2026-09-13T15:26:09+00:00	torvalds__linux	L	pipeline	36485	4615	12	85.9	23096	1315	30.146484375
2026-09-13T15:26:24+00:00	torvalds__linux	L	pipeline	36500	5162	65	88.2	23272	1314	29.68212890625
2026-09-13T15:26:39+00:00	torvalds__linux	L	pipeline	36515	4880	39	79.8	23149	1314	27.06787109375
2026-09-13T15:26:54+00:00	torvalds__linux	L	pipeline	36530	4628	9	89.4	23164	1314	28.708984375
2026-09-13T15:27:09+00:00	torvalds__linux	L	pipeline	36545	4633	13	86.4	23524	1314	26.60498046875
2026-09-13T15:27:24+00:00	torvalds__linux	L	pipeline	36560	4965	44	87.8	23226	1314	26.9443359375
2026-09-13T15:27:39+00:00	torvalds__linux	L	pipeline	36575	4898	43	87.8	23273	1314	26.03759765625
2026-09-13T15:27:54+00:00	torvalds__linux	L	pipeline	36590	4574	6	89.5	23424	1314	26.03759765625
2026-09-13T15:28:09+00:00	torvalds__linux	L	pipeline	36605	4776	28	88.6	23116	1314	26.20166015625
2026-09-13T15:28:24+00:00	torvalds__linux	L	pipeline	36620	4724	23	86.5	23168	1314	28.08984375
2026-09-13T15:28:39+00:00	torvalds__linux	L	pipeline	36635	4768	27	90.4	23211	1313	27.8251953125
2026-09-13T15:28:54+00:00	torvalds__linux	L	pipeline	36650	5224	71	81.9	23113	1313	29.01806640625
2026-09-13T15:29:09+00:00	torvalds__linux	L	pipeline	36665	4983	53	89.2	23027	1313	30.5576171875
2026-09-13T15:29:24+00:00	torvalds__linux	L	pipeline	36681	5125	63	92.9	23214	1313	30.78369140625
2026-09-13T15:29:39+00:00	torvalds__linux	L	pipeline	36696	4911	41	93.4	23177	1313	32.1337890625
2026-09-13T15:29:55+00:00	torvalds__linux	L	pipeline	36711	4757	27	92.8	22951	1313	31.177734375
2026-09-13T15:30:10+00:00	torvalds__linux	L	pipeline	36726	4859	36	90.9	23585	1313	30.33544921875
2026-09-13T15:30:25+00:00	torvalds__linux	L	pipeline	36741	4912	44	87.5	23187	1313	30.83251953125
2026-09-13T15:30:40+00:00	torvalds__linux	L	pipeline	36756	5136	62	93.9	23210	1312	29.19091796875
2026-09-13T15:30:55+00:00	torvalds__linux	L	pipeline	36771	4746	24	88.5	23086	1312	27.6015625
2026-09-13T15:31:10+00:00	torvalds__linux	L	pipeline	36786	5171	69	92.0	23112	1312	27.48583984375
2026-09-13T15:31:25+00:00	torvalds__linux	L	pipeline	36801	4787	29	92.6	23027	1312	28.2236328125
2026-09-13T15:31:40+00:00	torvalds__linux	L	pipeline	36816	5160	62	88.8	23181	1312	27.767578125
2026-09-13T15:31:55+00:00	torvalds__linux	L	pipeline	36831	5022	53	91.1	23111	1312	24.79296875
2026-09-13T15:32:10+00:00	torvalds__linux	L	pipeline	36846	4951	46	91.5	23093	1312	23.96826171875
2026-09-13T15:32:25+00:00	torvalds__linux	L	pipeline	36861	4933	45	85.6	23098	1311	25.26025390625
2026-09-13T15:32:40+00:00	torvalds__linux	L	pipeline	36876	4818	29	92.6	23136	1311	25.83056640625
2026-09-13T15:32:55+00:00	torvalds__linux	L	pipeline	36891	4921	43	93.1	23129	1311	26.1630859375
2026-09-13T15:33:10+00:00	torvalds__linux	L	pipeline	36906	4974	49	87.7	23101	1311	25.5341796875
2026-09-13T15:33:25+00:00	torvalds__linux	L	pipeline	36921	4608	11	89.3	23183	1311	26.828125
2026-09-13T15:33:40+00:00	torvalds__linux	L	pipeline	36937	5266	69	89.7	23237	1311	27.27197265625
2026-09-13T15:33:55+00:00	torvalds__linux	L	pipeline	36952	4969	48	84.2	23066	1311	27.2373046875
2026-09-13T15:34:10+00:00	torvalds__linux	L	pipeline	36967	4964	46	91.6	23371	1311	27.77099609375
2026-09-13T15:34:26+00:00	torvalds__linux	L	pipeline	36982	5031	53	89.1	23253	1310	26.62548828125
2026-09-13T15:34:41+00:00	torvalds__linux	L	pipeline	36997	4587	8	89.2	23126	1310	27.38916015625
2026-09-13T15:34:56+00:00	torvalds__linux	L	pipeline	37012	5130	62	82.5	23095	1310	27.01318359375
2026-09-13T15:35:11+00:00	torvalds__linux	L	pipeline	37027	4911	40	91.8	23078	1310	28.361328125
2026-09-13T15:35:26+00:00	torvalds__linux	L	pipeline	37042	5091	57	89.0	23252	1310	27.7236328125
2026-09-13T15:35:41+00:00	torvalds__linux	L	pipeline	37057	4972	49	91.2	23250	1310	28.33349609375
2026-09-13T15:35:56+00:00	torvalds__linux	L	pipeline	37072	4973	45	92.0	23268	1310	27.7138671875
2026-09-13T15:36:11+00:00	torvalds__linux	L	pipeline	37087	5020	48	89.1	23517	1310	28.619140625
2026-09-13T15:36:26+00:00	torvalds__linux	L	pipeline	37102	4942	46	91.4	23066	1310	28.20947265625
2026-09-13T15:36:41+00:00	torvalds__linux	L	pipeline	37117	4784	29	88.0	23050	1309	27.37841796875
2026-09-13T15:36:56+00:00	torvalds__linux	L	pipeline	37132	5044	51	88.6	23120	1309	28.71728515625
2026-09-13T15:37:11+00:00	torvalds__linux	L	pipeline	37147	5030	51	87.3	23083	1309	28.10302734375
2026-09-13T15:37:26+00:00	torvalds__linux	L	pipeline	37162	4735	21	93.7	23088	1309	28.7861328125
2026-09-13T15:37:41+00:00	torvalds__linux	L	pipeline	37178	4767	26	91.8	23140	1309	29.11669921875
2026-09-13T15:37:56+00:00	torvalds__linux	L	pipeline	37193	5177	65	91.5	23165	1309	28.99072265625
2026-09-13T15:38:11+00:00	torvalds__linux	L	pipeline	37208	5156	64	94.2	23488	1309	28.87646484375
2026-09-13T15:38:27+00:00	torvalds__linux	L	pipeline	37223	4862	38	91.7	23146	1309	27.5
2026-09-13T15:38:42+00:00	torvalds__linux	L	pipeline	37238	4827	34	95.1	23207	1309	28.92236328125
2026-09-13T15:38:57+00:00	torvalds__linux	L	pipeline	37253	4914	39	91.8	23081	1308	29.60986328125
2026-09-13T15:39:12+00:00	torvalds__linux	L	pipeline	37268	4914	39	89.4	23081	1308	30.74072265625
2026-09-13T15:39:27+00:00	torvalds__linux	L	pipeline	37283	4940	44	89.8	23173	1308	30.26806640625
2026-09-13T15:39:42+00:00	torvalds__linux	L	pipeline	37298	4789	27	81.9	22991	1308	28.42236328125
2026-09-13T15:39:57+00:00	torvalds__linux	L	pipeline	37313	4952	44	85.4	23145	1308	27.5537109375
2026-09-13T15:40:12+00:00	torvalds__linux	L	pipeline	37328	4802	34	91.8	23077	1308	25.93505859375
2026-09-13T15:40:27+00:00	torvalds__linux	L	pipeline	37343	4982	51	87.8	23149	1308	24.86474609375
2026-09-13T15:40:42+00:00	torvalds__linux	L	pipeline	37358	5252	67	93.9	23254	1308	26.10302734375
2026-09-13T15:40:57+00:00	torvalds__linux	L	pipeline	37373	5126	64	86.1	23060	1307	26.1650390625
2026-09-13T15:41:12+00:00	torvalds__linux	L	pipeline	37388	4727	22	89.6	23436	1307	26.65185546875
2026-09-13T15:41:27+00:00	torvalds__linux	L	pipeline	37403	4793	27	78.2	22955	1307	27.984375
2026-09-13T15:41:42+00:00	torvalds__linux	L	pipeline	37418	4950	48	88.9	23180	1307	29.16064453125
2026-09-13T15:41:57+00:00	torvalds__linux	L	pipeline	37433	5003	45	87.4	23135	1307	27.39892578125
2026-09-13T15:42:12+00:00	torvalds__linux	L	pipeline	37448	4984	49	87.2	23094	1307	25.97900390625
2026-09-13T15:42:27+00:00	torvalds__linux	L	pipeline	37464	5034	54	92.5	23171	1307	27.37548828125
2026-09-13T15:42:42+00:00	torvalds__linux	L	pipeline	37479	5048	55	95.3	23138	1307	27.89013671875
2026-09-13T15:42:57+00:00	torvalds__linux	L	pipeline	37494	4876	38	91.3	23126	1306	26.94091796875
2026-09-13T15:43:12+00:00	torvalds__linux	L	pipeline	37509	5518	91	94.4	23217	1306	26.9228515625
2026-09-13T15:43:28+00:00	torvalds__linux	L	pipeline	37524	5011	49	88.7	23202	1306	24.857421875
2026-09-13T15:43:43+00:00	torvalds__linux	L	pipeline	37539	4944	46	92.7	23154	1306	26.625
2026-09-13T15:43:58+00:00	torvalds__linux	L	pipeline	37554	4778	31	91.5	22983	1306	28.72119140625
2026-09-13T15:44:13+00:00	torvalds__linux	L	pipeline	37569	5155	68	94.6	23094	1306	28.81298828125
2026-09-13T15:44:28+00:00	torvalds__linux	L	pipeline	37584	4813	30	90.0	23095	1306	28.869140625
2026-09-13T15:44:43+00:00	torvalds__linux	L	pipeline	37599	4862	38	91.6	23170	1306	29.74853515625
2026-09-13T15:44:58+00:00	torvalds__linux	L	pipeline	37614	4881	40	89.9	23130	1305	31.564453125
2026-09-13T15:45:13+00:00	torvalds__linux	L	pipeline	37629	4837	29	91.4	23189	1306	29.14111328125
2026-09-13T15:45:28+00:00	torvalds__linux	L	pipeline	37644	4738	27	89.7	23064	1305	29.7919921875
2026-09-13T15:45:43+00:00	torvalds__linux	L	pipeline	37659	4913	42	92.9	23193	1305	30.03564453125
2026-09-13T15:45:58+00:00	torvalds__linux	L	pipeline	37674	4735	24	82.8	23017	1305	25.77197265625
2026-09-13T15:46:13+00:00	torvalds__linux	L	pipeline	37689	4922	42	88.3	23048	1305	27.6201171875
2026-09-13T15:46:28+00:00	torvalds__linux	L	pipeline	37704	4780	29	86.4	23104	1305	28.314453125
2026-09-13T15:46:43+00:00	torvalds__linux	L	pipeline	37719	4907	42	92.5	23156	1305	30.7216796875
2026-09-13T15:46:58+00:00	torvalds__linux	L	pipeline	37734	5071	59	93.5	23060	1305	29.39208984375
2026-09-13T15:47:13+00:00	torvalds__linux	L	pipeline	37749	4953	47	87.2	22994	1304	29.42529296875
2026-09-13T15:47:28+00:00	torvalds__linux	L	pipeline	37765	5109	59	93.2	23162	1304	32.5859375
2026-09-13T15:47:43+00:00	torvalds__linux	L	pipeline	37780	4956	47	92.9	23143	1304	32.81298828125
2026-09-13T15:47:58+00:00	torvalds__linux	L	pipeline	37795	4843	38	91.9	23003	1304	31.5576171875
2026-09-13T15:48:13+00:00	torvalds__linux	L	pipeline	37810	4998	53	92.5	23073	1304	32.81982421875
2026-09-13T15:48:29+00:00	torvalds__linux	L	pipeline	37825	5405	86	91.6	23232	1304	32.89892578125
2026-09-13T15:48:44+00:00	torvalds__linux	L	pipeline	37840	4973	48	88.6	23172	1304	30.49267578125
2026-09-13T15:48:59+00:00	torvalds__linux	L	pipeline	37855	4909	43	83.6	23089	1304	29.4765625
2026-09-13T15:49:14+00:00	torvalds__linux	L	pipeline	37870	5157	67	85.8	23064	1303	28.53271484375
2026-09-13T15:49:29+00:00	torvalds__linux	L	pipeline	37885	4990	51	88.9	23211	1303	28.65283203125
2026-09-13T15:49:44+00:00	torvalds__linux	L	pipeline	37900	4793	32	87.8	23215	1303	29.9658203125
2026-09-13T15:49:59+00:00	torvalds__linux	L	pipeline	37915	4854	39	89.6	23118	1303	27.73583984375
2026-09-13T15:50:14+00:00	torvalds__linux	L	pipeline	37930	5079	59	91.6	23161	1303	26.73974609375
2026-09-13T15:50:29+00:00	torvalds__linux	L	pipeline	37945	5091	61	92.2	23299	1303	26.4521484375
2026-09-13T15:50:44+00:00	torvalds__linux	L	pipeline	37960	5085	61	93.2	23217	1303	26.53759765625
2026-09-13T15:50:59+00:00	torvalds__linux	L	pipeline	37975	4859	38	86.7	23104	1303	25.044921875
2026-09-13T15:51:14+00:00	torvalds__linux	L	pipeline	37990	4771	28	91.3	22991	1302	29.01171875
2026-09-13T15:51:29+00:00	torvalds__linux	L	pipeline	38005	4990	50	93.8	23296	1302	29.3671875
2026-09-13T15:51:44+00:00	torvalds__linux	L	pipeline	38020	5077	57	88.9	23197	1302	29.6728515625
2026-09-13T15:51:59+00:00	torvalds__linux	L	pipeline	38035	4988	54	87.4	23064	1302	29.58984375
2026-09-13T15:52:14+00:00	torvalds__linux	L	pipeline	38051	5038	54	90.4	23090	1301	30.51318359375
2026-09-13T15:52:29+00:00	torvalds__linux	L	pipeline	38066	4927	46	87.7	23165	1302	28.82275390625
2026-09-13T15:52:44+00:00	torvalds__linux	L	pipeline	38081	4821	35	87.4	23193	1302	28.60888671875
2026-09-13T15:52:59+00:00	torvalds__linux	L	pipeline	38096	4541	3	92.9	23065	1302	29.3779296875
2026-09-13T15:53:15+00:00	torvalds__linux	L	pipeline	38111	4898	44	90.3	23091	1302	29.7451171875
2026-09-13T15:53:30+00:00	torvalds__linux	L	pipeline	38126	4872	9	85.0	23478	1301	30.36962890625
2026-09-13T15:53:45+00:00	torvalds__linux	L	pipeline	38141	4822	35	80.5	23069	1301	31.87939453125
2026-09-13T15:54:00+00:00	torvalds__linux	L	pipeline	38156	5053	58	91.7	23165	1301	31.962890625
2026-09-13T15:54:15+00:00	torvalds__linux	L	pipeline	38171	5181	66	91.7	23126	1301	29.1396484375
2026-09-13T15:54:30+00:00	torvalds__linux	L	pipeline	38186	5116	62	90.2	23279	1301	28.16650390625
2026-09-13T15:54:45+00:00	torvalds__linux	L	pipeline	38201	4958	45	79.3	23199	1301	31.00341796875
2026-09-13T15:55:00+00:00	torvalds__linux	L	pipeline	38216	4551	3	91.4	23057	1301	31.09130859375
2026-09-13T15:55:15+00:00	torvalds__linux	L	pipeline	38231	4881	40	86.4	23382	1301	31.50146484375
2026-09-13T15:55:30+00:00	torvalds__linux	L	pipeline	38246	5313	76	93.5	23208	1301	31.94287109375
2026-09-13T15:55:45+00:00	torvalds__linux	L	pipeline	38261	5250	72	90.4	23171	1300	31.54248046875
2026-09-13T15:56:00+00:00	torvalds__linux	L	pipeline	38276	4975	50	90.2	23191	1300	31.69677734375
2026-09-13T15:56:15+00:00	torvalds__linux	L	pipeline	38291	5099	58	91.9	23204	1300	30.43408203125
2026-09-13T15:56:30+00:00	torvalds__linux	L	pipeline	38306	5280	72	93.8	23273	1300	32.32080078125
2026-09-13T15:56:45+00:00	torvalds__linux	L	pipeline	38321	4806	29	88.5	23570	1300	33.04443359375
2026-09-13T15:57:00+00:00	torvalds__linux	L	pipeline	38336	5022	53	92.2	23112	1300	33.2578125
2026-09-13T15:57:15+00:00	torvalds__linux	L	pipeline	38352	5030	53	93.5	23163	1300	33.2041015625
2026-09-13T15:57:30+00:00	torvalds__linux	L	pipeline	38367	5092	61	89.4	23187	1300	32.560546875
2026-09-13T15:57:45+00:00	torvalds__linux	L	pipeline	38382	5134	64	90.7	23395	1299	31.89599609375
2026-09-13T15:58:01+00:00	torvalds__linux	L	pipeline	38397	5259	75	90.5	23183	1299	30.03466796875
2026-09-13T15:58:16+00:00	torvalds__linux	L	pipeline	38412	4820	27	69.1	23385	1299	26.83642578125
2026-09-13T15:58:31+00:00	torvalds__linux	L	pipeline	38427	4574	5	81.9	23030	1299	25.806640625
2026-09-13T15:58:46+00:00	torvalds__linux	L	pipeline	38442	4819	9	82.5	23655	1299	27.06884765625
2026-09-13T15:59:01+00:00	torvalds__linux	L	pipeline	38457	5097	56	83.0	23089	1299	28.46435546875
2026-09-13T15:59:16+00:00	torvalds__linux	L	pipeline	38472	4901	35	88.1	23220	1299	25.9404296875
2026-09-13T15:59:31+00:00	torvalds__linux	L	pipeline	38487	5016	50	86.4	23272	1299	27.93408203125
2026-09-13T15:59:46+00:00	torvalds__linux	L	pipeline	38502	4794	31	92.9	23060	1298	28.00341796875
2026-09-13T16:00:01+00:00	torvalds__linux	L	pipeline	38517	5369	78	90.2	23312	1298	28.03076171875
2026-09-13T16:00:16+00:00	torvalds__linux	L	pipeline	38532	4906	38	90.4	23100	1298	28.966796875
2026-09-13T16:00:31+00:00	torvalds__linux	L	pipeline	38547	5196	71	89.7	23263	1298	25.228515625
2026-09-13T16:00:46+00:00	torvalds__linux	L	pipeline	38562	4661	15	93.5	23560	1298	27.4560546875
2026-09-13T16:01:01+00:00	torvalds__linux	L	pipeline	38577	4863	32	93.0	23147	1298	28.70703125
2026-09-13T16:01:16+00:00	torvalds__linux	L	pipeline	38592	5055	55	92.3	23095	1298	27.8916015625
2026-09-13T16:01:31+00:00	torvalds__linux	L	pipeline	38607	4969	46	91.9	23221	1298	28.97412109375
2026-09-13T16:01:46+00:00	torvalds__linux	L	pipeline	38622	4867	36	90.1	23015	1298	30.390625
2026-09-13T16:02:01+00:00	torvalds__linux	L	pipeline	38637	4983	47	82.7	23106	1297	28.30126953125
2026-09-13T16:02:16+00:00	torvalds__linux	L	pipeline	38653	4797	30	91.3	23214	1297	29.3115234375
2026-09-13T16:02:31+00:00	torvalds__linux	L	pipeline	38668	4761	27	94.2	23214	1297	30.1171875
2026-09-13T16:02:46+00:00	torvalds__linux	L	pipeline	38683	4684	16	93.6	23389	1297	29.49951171875
2026-09-13T16:03:02+00:00	torvalds__linux	L	pipeline	38698	5021	51	84.8	23145	1297	28.609375
2026-09-13T16:03:17+00:00	torvalds__linux	L	pipeline	38713	4846	33	88.0	23061	1297	29.328125
2026-09-13T16:03:32+00:00	torvalds__linux	L	pipeline	38728	4723	21	91.4	23101	1297	30.0703125
2026-09-13T16:03:47+00:00	torvalds__linux	L	pipeline	38743	4908	42	94.6	23561	1297	30.2333984375
2026-09-13T16:04:02+00:00	torvalds__linux	L	pipeline	38758	5101	59	91.0	23195	1296	30.7158203125
2026-09-13T16:04:17+00:00	torvalds__linux	L	pipeline	38773	5245	70	96.0	23429	1296	29.96484375
2026-09-13T16:04:32+00:00	torvalds__linux	L	pipeline	38788	4937	44	92.2	23176	1296	29.28857421875
2026-09-13T16:04:47+00:00	torvalds__linux	L	pipeline	38803	5025	50	93.8	23154	1296	32.55615234375
2026-09-13T16:05:02+00:00	torvalds__linux	L	pipeline	38818	4621	9	92.3	23132	1296	32.0380859375
2026-09-13T16:05:17+00:00	torvalds__linux	L	pipeline	38833	5194	71	93.6	23244	1296	31.2666015625
2026-09-13T16:05:32+00:00	torvalds__linux	L	pipeline	38848	4680	16	83.9	23098	1296	29.96240234375
2026-09-13T16:05:47+00:00	torvalds__linux	L	pipeline	38863	5207	70	90.9	23241	1296	29.76171875
2026-09-13T16:06:02+00:00	torvalds__linux	L	pipeline	38878	4787	26	88.5	23148	1295	28.50927734375
2026-09-13T16:06:17+00:00	torvalds__linux	L	pipeline	38893	5058	54	87.4	23165	1295	25.86474609375
2026-09-13T16:06:32+00:00	torvalds__linux	L	pipeline	38908	4784	29	86.5	23087	1295	26.6328125
2026-09-13T16:06:47+00:00	torvalds__linux	L	pipeline	38923	4920	42	82.1	23306	1295	26.64111328125
2026-09-13T16:07:02+00:00	torvalds__linux	L	pipeline	38939	5174	67	86.5	23186	1295	26.47216796875
2026-09-13T16:07:17+00:00	torvalds__linux	L	pipeline	38954	4563	3	86.3	23028	1295	26.62646484375
2026-09-13T16:07:32+00:00	torvalds__linux	L	pipeline	38969	5008	50	86.9	23316	1295	28.0341796875
2026-09-13T16:07:47+00:00	torvalds__linux	L	pipeline	38984	4975	45	88.5	23509	1295	27.3876953125
2026-09-13T16:08:03+00:00	torvalds__linux	L	pipeline	38999	5037	52	91.0	23287	1294	26.92919921875
2026-09-13T16:08:18+00:00	torvalds__linux	L	pipeline	39014	4742	22	93.5	23469	1294	29.1064453125
2026-09-13T16:08:33+00:00	torvalds__linux	L	pipeline	39029	5211	70	93.9	23298	1294	29.9296875
2026-09-13T16:08:48+00:00	torvalds__linux	L	pipeline	39044	4629	10	90.9	23064	1294	30.11767578125
2026-09-13T16:09:03+00:00	torvalds__linux	L	pipeline	39059	4630	9	91.7	23191	1294	32.19287109375
2026-09-13T16:09:18+00:00	torvalds__linux	L	pipeline	39074	4865	33	87.1	23249	1294	30.51806640625
2026-09-13T16:09:33+00:00	torvalds__linux	L	pipeline	39089	4909	41	92.7	23248	1294	30.41064453125
2026-09-13T16:09:48+00:00	torvalds__linux	L	pipeline	39104	5016	49	89.4	23080	1294	30.26806640625
2026-09-13T16:10:03+00:00	torvalds__linux	L	pipeline	39119	4718	9	85.4	23202	1294	29.611328125
2026-09-13T16:10:18+00:00	torvalds__linux	L	pipeline	39134	5032	55	88.0	23158	1293	29.2958984375
2026-09-13T16:10:33+00:00	torvalds__linux	L	pipeline	39149	5026	54	89.1	23249	1293	28.96630859375
2026-09-13T16:10:48+00:00	torvalds__linux	L	pipeline	39164	5041	53	87.1	23239	1293	27.46240234375
2026-09-13T16:11:03+00:00	torvalds__linux	L	pipeline	39179	5187	66	95.6	23231	1293	28.46337890625
2026-09-13T16:11:18+00:00	torvalds__linux	L	pipeline	39194	5524	85	89.7	23385	1293	28.541015625
2026-09-13T16:11:33+00:00	torvalds__linux	L	pipeline	39209	5045	55	82.5	23221	1293	26.9794921875
2026-09-13T16:11:48+00:00	torvalds__linux	L	pipeline	39224	4902	40	90.7	23599	1293	28.896484375
2026-09-13T16:12:03+00:00	torvalds__linux	L	pipeline	39239	5053	50	88.8	23214	1293	30.0634765625
2026-09-13T16:12:18+00:00	torvalds__linux	L	pipeline	39254	4915	43	92.4	23202	1293	30.5380859375
2026-09-13T16:12:33+00:00	torvalds__linux	L	pipeline	39270	4947	46	84.1	23231	1292	30.8359375
2026-09-13T16:12:48+00:00	torvalds__linux	L	pipeline	39285	5111	59	92.6	23319	1292	29.91259765625
2026-09-13T16:13:03+00:00	torvalds__linux	L	pipeline	39300	4688	16	93.1	23103	1292	29.912109375
2026-09-13T16:13:19+00:00	torvalds__linux	L	pipeline	39315	5092	57	93.6	23149	1292	29.7275390625
2026-09-13T16:13:34+00:00	torvalds__linux	L	pipeline	39330	5088	57	91.7	23281	1292	32.16015625
2026-09-13T16:13:49+00:00	torvalds__linux	L	pipeline	39345	5003	51	89.1	23266	1292	31.85498046875
2026-09-13T16:14:04+00:00	torvalds__linux	L	pipeline	39360	5258	75	92.7	23222	1292	32.0810546875
2026-09-13T16:14:19+00:00	torvalds__linux	L	pipeline	39375	4727	21	88.9	23123	1291	31.83642578125
2026-09-13T16:14:34+00:00	torvalds__linux	L	pipeline	39390	4793	31	88.6	23222	1291	31.009765625
2026-09-13T16:14:49+00:00	torvalds__linux	L	pipeline	39405	5121	58	92.6	23151	1291	30.6650390625
2026-09-13T16:15:04+00:00	torvalds__linux	L	pipeline	39420	5264	72	86.7	23221	1291	30.17333984375
2026-09-13T16:15:19+00:00	torvalds__linux	L	pipeline	39435	5039	52	89.5	23238	1291	29.22998046875
2026-09-13T16:15:34+00:00	torvalds__linux	L	pipeline	39450	5138	63	93.8	23143	1291	28.93310546875
2026-09-13T16:15:49+00:00	torvalds__linux	L	pipeline	39465	4925	37	90.2	23234	1291	27.720703125
2026-09-13T16:16:04+00:00	torvalds__linux	L	pipeline	39480	4890	36	90.3	23180	1291	28.04052734375
2026-09-13T16:16:19+00:00	torvalds__linux	L	pipeline	39495	4850	33	93.0	23185	1291	29.2822265625
2026-09-13T16:16:34+00:00	torvalds__linux	L	pipeline	39510	5293	58	91.1	23298	1290	27.29541015625
2026-09-13T16:16:49+00:00	torvalds__linux	L	pipeline	39526	4809	26	77.0	23601	1290	27.22119140625
2026-09-13T16:17:04+00:00	torvalds__linux	L	pipeline	39541	4998	48	89.2	23256	1290	27.14111328125
2026-09-13T16:17:19+00:00	torvalds__linux	L	pipeline	39556	5201	66	92.8	23312	1290	27.20849609375
2026-09-13T16:17:34+00:00	torvalds__linux	L	pipeline	39571	5156	60	91.2	23225	1290	29.21728515625
2026-09-13T16:17:50+00:00	torvalds__linux	L	pipeline	39586	5093	56	93.5	23424	1290	29.57568359375
2026-09-13T16:18:05+00:00	torvalds__linux	L	pipeline	39601	4966	46	92.4	23207	1290	29.3017578125
2026-09-13T16:18:20+00:00	torvalds__linux	L	pipeline	39616	5232	72	91.7	23233	1289	28.60595703125
2026-09-13T16:18:35+00:00	torvalds__linux	L	pipeline	39631	4950	43	51.9	23144	1289	26.03857421875
2026-09-13T16:18:50+00:00	torvalds__linux	L	pipeline	39646	4640	9	85.0	23114	1289	25.78857421875
2026-09-13T16:19:05+00:00	torvalds__linux	L	pipeline	39661	4996	47	88.1	23216	1289	27.5712890625
2026-09-13T16:19:20+00:00	torvalds__linux	L	pipeline	39676	5038	9	61.9	23499	1289	26.251953125
2026-09-13T16:19:35+00:00	torvalds__linux	L	pipeline	39691	5123	60	74.4	23143	1289	22.7177734375
2026-09-13T16:19:50+00:00	torvalds__linux	L	pipeline	39706	5034	49	89.6	23230	1289	23.66357421875
2026-09-13T16:20:05+00:00	torvalds__linux	L	pipeline	39721	4752	20	87.3	23208	1289	27.71240234375
2026-09-13T16:20:20+00:00	torvalds__linux	L	pipeline	39736	5377	83	93.3	23262	1289	28.79248046875
2026-09-13T16:20:35+00:00	torvalds__linux	L	pipeline	39751	5202	66	90.9	23253	1289	30.2265625
2026-09-13T16:20:50+00:00	torvalds__linux	L	pipeline	39766	5296	74	92.5	23234	1288	28.732421875
2026-09-13T16:21:05+00:00	torvalds__linux	L	pipeline	39781	4908	39	92.9	23168	1288	28.69921875
2026-09-13T16:21:20+00:00	torvalds__linux	L	pipeline	39796	4671	13	92.6	23119	1288	28.16357421875
2026-09-13T16:21:35+00:00	torvalds__linux	L	pipeline	39811	4967	42	93.6	23280	1288	27.90087890625
2026-09-13T16:21:50+00:00	torvalds__linux	L	pipeline	39826	4785	25	86.4	23190	1288	30.9873046875
2026-09-13T16:22:05+00:00	torvalds__linux	L	pipeline	39842	4915	41	87.3	23213	1288	31.72509765625
2026-09-13T16:22:20+00:00	torvalds__linux	L	pipeline	39857	5014	49	89.9	23186	1288	31.1953125
2026-09-13T16:22:35+00:00	torvalds__linux	L	pipeline	39872	5044	48	92.0	23298	1287	28.3740234375
2026-09-13T16:22:50+00:00	torvalds__linux	L	pipeline	39887	4942	41	90.5	23153	1287	28.7099609375
2026-09-13T16:23:06+00:00	torvalds__linux	L	pipeline	39902	4660	12	82.5	23130	1287	28.81787109375
2026-09-13T16:23:21+00:00	torvalds__linux	L	pipeline	39917	4976	45	88.8	23318	1287	25.16064453125
2026-09-13T16:23:36+00:00	torvalds__linux	L	pipeline	39932	4950	42	92.9	23195	1287	26.80712890625
2026-09-13T16:23:51+00:00	torvalds__linux	L	pipeline	39947	4880	29	89.0	23166	1287	30.2998046875
2026-09-13T16:24:06+00:00	torvalds__linux	L	pipeline	39962	4892	37	86.9	23287	1287	29.16943359375
2026-09-13T16:24:21+00:00	torvalds__linux	L	pipeline	39977	4986	49	87.6	23094	1287	26.5380859375
2026-09-13T16:24:36+00:00	torvalds__linux	L	pipeline	39992	5067	53	94.5	23292	1287	27.92919921875
2026-09-13T16:24:51+00:00	torvalds__linux	L	pipeline	40007	4697	16	88.9	23175	1286	28.65478515625
2026-09-13T16:25:06+00:00	torvalds__linux	L	pipeline	40022	4664	9	86.7	23290	1286	26.119140625
2026-09-13T16:25:21+00:00	torvalds__linux	L	pipeline	40037	5097	56	89.3	23191	1286	26.9521484375
2026-09-13T16:25:36+00:00	torvalds__linux	L	pipeline	40052	4675	14	89.6	23132	1286	26.126953125
2026-09-13T16:25:51+00:00	torvalds__linux	L	pipeline	40067	5150	62	82.9	23307	1286	26.4287109375
2026-09-13T16:26:06+00:00	torvalds__linux	L	pipeline	40082	4932	38	91.2	23268	1286	28.84326171875
2026-09-13T16:26:21+00:00	torvalds__linux	L	pipeline	40097	5028	52	93.0	23145	1286	29.03369140625
2026-09-13T16:26:36+00:00	torvalds__linux	L	pipeline	40112	4789	26	73.1	23353	1286	26.63671875
2026-09-13T16:26:51+00:00	torvalds__linux	L	pipeline	40127	5133	15	89.5	23619	1286	25.26123046875
2026-09-13T16:27:06+00:00	torvalds__linux	L	pipeline	40142	4799	27	76.1	23088	1285	22.7919921875
2026-09-13T16:27:21+00:00	torvalds__linux	L	pipeline	40158	4914	38	92.4	23157	1285	22.64013671875
2026-09-13T16:27:36+00:00	torvalds__linux	L	pipeline	40173	5063	54	91.1	23108	1285	24.3525390625
2026-09-13T16:27:51+00:00	torvalds__linux	L	pipeline	40188	5119	62	80.7	23630	1285	26.59130859375
2026-09-13T16:28:06+00:00	torvalds__linux	L	pipeline	40203	5044	50	85.7	23204	1285	26.20849609375
2026-09-13T16:28:22+00:00	torvalds__linux	L	pipeline	40218	4914	38	89.5	23251	1285	27.572265625
2026-09-13T16:28:37+00:00	torvalds__linux	L	pipeline	40233	4729	18	90.3	23250	1285	28.63720703125
2026-09-13T16:28:52+00:00	torvalds__linux	L	pipeline	40248	4835	29	92.8	23175	1284	27.96630859375
2026-09-13T16:29:07+00:00	torvalds__linux	L	pipeline	40263	4824	29	92.6	23211	1284	28.63330078125
2026-09-13T16:29:22+00:00	torvalds__linux	L	pipeline	40278	5018	46	90.1	23280	1284	30.81396484375
2026-09-13T16:29:37+00:00	torvalds__linux	L	pipeline	40293	5131	58	90.8	23279	1284	31.267578125
2026-09-13T16:29:52+00:00	torvalds__linux	L	pipeline	40308	4925	37	92.5	23181	1284	31.1181640625
2026-09-13T16:30:07+00:00	torvalds__linux	L	pipeline	40323	4989	48	90.9	23225	1284	30.7470703125
2026-09-13T16:30:22+00:00	torvalds__linux	L	pipeline	40338	5360	72	91.8	23398	1284	29.9482421875
2026-09-13T16:30:37+00:00	torvalds__linux	L	pipeline	40353	5319	75	94.3	23311	1284	29.96630859375
2026-09-13T16:30:52+00:00	torvalds__linux	L	pipeline	40368	4807	30	93.0	23606	1284	30.45947265625
2026-09-13T16:31:07+00:00	torvalds__linux	L	pipeline	40383	4810	31	93.9	23253	1283	29.1943359375
2026-09-13T16:31:22+00:00	torvalds__linux	L	pipeline	40398	5078	54	86.6	23213	1283	30.11865234375
2026-09-13T16:31:37+00:00	torvalds__linux	L	pipeline	40413	5168	65	84.0	23230	1283	28.4111328125
2026-09-13T16:31:52+00:00	torvalds__linux	L	pipeline	40429	5183	61	91.3	23230	1283	28.2705078125
2026-09-13T16:32:07+00:00	torvalds__linux	L	pipeline	40444	4985	40	87.9	23320	1283	27.748046875
2026-09-13T16:32:22+00:00	torvalds__linux	L	pipeline	40459	5249	71	88.4	23335	1283	26.42236328125
2026-09-13T16:32:37+00:00	torvalds__linux	L	pipeline	40474	4823	29	80.0	23203	1283	27.0
2026-09-13T16:32:52+00:00	torvalds__linux	L	pipeline	40489	4774	9	84.1	23151	1283	25.24462890625
2026-09-13T16:33:08+00:00	torvalds__linux	L	pipeline	40504	4866	36	89.6	23108	1283	26.8251953125
2026-09-13T16:33:23+00:00	torvalds__linux	L	pipeline	40519	4994	49	88.6	23375	1282	27.50927734375
2026-09-13T16:33:38+00:00	torvalds__linux	L	pipeline	40534	5205	67	83.3	23242	1282	28.38671875
2026-09-13T16:33:53+00:00	torvalds__linux	L	pipeline	40549	4822	29	85.1	23280	1282	30.06298828125
2026-09-13T16:34:08+00:00	torvalds__linux	L	pipeline	40564	5189	65	87.2	23403	1282	28.7802734375
2026-09-13T16:34:23+00:00	torvalds__linux	L	pipeline	40579	4635	9	92.1	23210	1282	28.908203125
2026-09-13T16:34:38+00:00	torvalds__linux	L	pipeline	40594	4961	46	85.2	23138	1282	29.49267578125
2026-09-13T16:34:53+00:00	torvalds__linux	L	pipeline	40609	5114	58	92.1	23146	1282	30.509765625
2026-09-13T16:35:08+00:00	torvalds__linux	L	pipeline	40624	4966	44	91.2	23252	1282	30.34814453125
2026-09-13T16:35:23+00:00	torvalds__linux	L	pipeline	40639	4794	25	73.8	23091	1282	26.31591796875
2026-09-13T16:35:38+00:00	torvalds__linux	L	pipeline	40654	5220	60	93.9	23349	1281	28.53662109375
2026-09-13T16:35:53+00:00	torvalds__linux	L	pipeline	40669	4951	44	85.5	23186	1281	28.609375
2026-09-13T16:36:08+00:00	torvalds__linux	L	pipeline	40684	5321	77	90.0	23582	1281	28.2646484375
2026-09-13T16:36:23+00:00	torvalds__linux	L	pipeline	40699	4821	27	88.7	23180	1281	25.97021484375
2026-09-13T16:36:38+00:00	torvalds__linux	L	pipeline	40715	5285	74	91.4	23290	1281	25.162109375
2026-09-13T16:36:53+00:00	torvalds__linux	L	pipeline	40730	4906	26	82.4	23282	1281	26.95947265625
2026-09-13T16:37:08+00:00	torvalds__linux	L	pipeline	40745	5319	75	72.1	23237	1281	26.23486328125
2026-09-13T16:37:23+00:00	torvalds__linux	L	pipeline	40760	5318	80	91.5	23304	1280	26.376953125
2026-09-13T16:37:39+00:00	torvalds__linux	L	pipeline	40775	5137	56	51.4	23352	1280	25.0126953125
2026-09-13T16:37:54+00:00	torvalds__linux	L	pipeline	40790	4816	29	93.5	23512	1280	26.81396484375
2026-09-13T16:38:09+00:00	torvalds__linux	L	pipeline	40805	5140	61	91.4	23559	1280	25.80029296875
2026-09-13T16:38:24+00:00	torvalds__linux	L	pipeline	40820	4886	35	94.4	23219	1280	25.2158203125
2026-09-13T16:38:39+00:00	torvalds__linux	L	pipeline	40835	4829	30	92.7	23183	1280	26.0224609375
2026-09-13T16:38:54+00:00	torvalds__linux	L	pipeline	40850	5011	47	88.5	23295	1280	25.47412109375
2026-09-13T16:39:09+00:00	torvalds__linux	L	pipeline	40865	5295	74	88.3	23271	1280	25.4052734375
2026-09-13T16:39:24+00:00	torvalds__linux	L	pipeline	40880	5002	48	93.1	23286	1280	26.63916015625
2026-09-13T16:39:39+00:00	torvalds__linux	L	pipeline	40895	4912	41	82.1	23285	1279	26.248046875
2026-09-13T16:39:54+00:00	torvalds__linux	L	pipeline	40910	5181	65	90.7	23669	1279	27.43505859375
2026-09-13T16:40:09+00:00	torvalds__linux	L	pipeline	40925	5164	60	89.1	23274	1279	26.83251953125
2026-09-13T16:40:24+00:00	torvalds__linux	L	pipeline	40940	4885	38	88.8	23279	1279	25.201171875
2026-09-13T16:40:39+00:00	torvalds__linux	L	pipeline	40955	4648	9	55.4	23286	1279	22.24755859375
2026-09-13T16:40:54+00:00	torvalds__linux	L	pipeline	40970	5053	49	84.2	23200	1279	25.1982421875
2026-09-13T16:41:09+00:00	torvalds__linux	L	pipeline	40985	4897	34	92.3	23587	1279	25.40576171875
2026-09-13T16:41:24+00:00	torvalds__linux	L	pipeline	41000	5416	19	88.0	23876	1279	24.9013671875
2026-09-13T16:41:39+00:00	torvalds__linux	L	pipeline	41016	5420	78	56.3	23279	1279	24.25634765625
2026-09-13T16:41:54+00:00	torvalds__linux	L	pipeline	41031	5112	53	90.7	23439	1278	25.671875
2026-09-13T16:42:09+00:00	torvalds__linux	L	pipeline	41046	4958	40	76.8	23436	1278	27.8779296875
2026-09-13T16:42:25+00:00	torvalds__linux	L	pipeline	41061	5105	57	92.0	23451	1278	25.98828125
2026-09-13T16:42:40+00:00	torvalds__linux	L	pipeline	41076	4639	9	88.4	23339	1278	26.5341796875
2026-09-13T16:42:55+00:00	torvalds__linux	L	pipeline	41091	5051	61	89.4	23074	1278	27.57666015625
2026-09-13T16:43:10+00:00	torvalds__linux	L	pipeline	41106	4622	20	82.9	23093	1278	28.8671875
2026-09-13T16:43:25+00:00	torvalds__linux	L	pipeline	41121	4464	9	81.3	22971	1278	28.03564453125
2026-09-13T16:43:40+00:00	torvalds__linux	L	pipeline	41136	5139	76	87.8	23110	1278	26.837890625
2026-09-13T16:43:55+00:00	torvalds__linux	L	pipeline	41151	4710	35	92.8	23023	1277	24.78759765625
2026-09-13T16:44:10+00:00	torvalds__linux	L	pipeline	41166	4861	50	41.8	22972	1277	21.705078125
2026-09-13T16:44:25+00:00	torvalds__linux	L	pipeline	41181	5100	74	88.3	22966	1277	23.47509765625
2026-09-13T16:44:40+00:00	torvalds__linux	L	pipeline	41196	4361	5	82.4	22809	1277	24.92431640625
2026-09-13T16:44:55+00:00	torvalds__linux	L	pipeline	41211	4575	28	81.4	22923	1277	26.56640625
2026-09-13T16:45:10+00:00	torvalds__linux	L	pipeline	41226	4717	50	93.4	23269	1277	27.18603515625
2026-09-13T16:45:25+00:00	torvalds__linux	L	pipeline	41241	4699	46	88.9	22977	1277	26.8125
2026-09-13T16:45:40+00:00	torvalds__linux	L	pipeline	41256	4834	62	79.9	22969	1277	24.76953125
2026-09-13T16:45:55+00:00	torvalds__linux	L	pipeline	41271	4566	9	87.7	23270	1277	29.08935546875
2026-09-13T16:46:10+00:00	torvalds__linux	L	pipeline	41286	4283	3	87.0	22893	1276	29.9365234375
2026-09-13T16:46:25+00:00	torvalds__linux	L	pipeline	41301	4771	58	84.3	22908	1276	32.0390625
2026-09-13T16:46:40+00:00	torvalds__linux	L	pipeline	41316	4691	46	85.6	22919	1276	32.2900390625
2026-09-13T16:46:55+00:00	torvalds__linux	L	pipeline	41332	4838	61	88.9	22992	1276	31.0791015625
2026-09-13T16:47:10+00:00	torvalds__linux	L	pipeline	41347	4702	48	90.7	23323	1276	30.79638671875
2026-09-13T16:47:25+00:00	torvalds__linux	L	pipeline	41362	4707	54	85.5	23094	1276	29.47216796875
2026-09-13T16:47:40+00:00	torvalds__linux	L	pipeline	41377	4858	65	89.5	22966	1276	30.2548828125
2026-09-13T16:47:56+00:00	torvalds__linux	L	pipeline	41392	4626	44	94.4	22917	1275	29.693359375
2026-09-13T16:48:11+00:00	torvalds__linux	L	pipeline	41407	4389	21	88.8	23218	1275	30.39111328125
2026-09-13T16:48:26+00:00	torvalds__linux	L	pipeline	41422	4582	42	89.1	23028	1275	31.86474609375
2026-09-13T16:48:41+00:00	torvalds__linux	L	pipeline	41437	4628	48	86.9	22994	1275	32.037109375
2026-09-13T16:48:56+00:00	torvalds__linux	L	pipeline	41452	4914	62	89.6	23026	1275	31.92626953125
2026-09-13T16:49:11+00:00	torvalds__linux	L	pipeline	41467	4585	41	93.4	23218	1275	33.54443359375
2026-09-13T16:49:26+00:00	torvalds__linux	L	pipeline	41482	4856	64	94.2	23021	1275	33.64306640625
2026-09-13T16:49:41+00:00	torvalds__linux	L	pipeline	41497	4464	29	92.2	22973	1275	33.81298828125
2026-09-13T16:49:56+00:00	torvalds__linux	L	pipeline	41512	4891	68	89.3	22904	1274	32.01220703125
2026-09-13T16:50:11+00:00	torvalds__linux	L	pipeline	41527	4361	9	78.7	23163	1275	32.08447265625
2026-09-13T16:50:26+00:00	torvalds__linux	L	pipeline	41542	4416	22	82.4	22906	1274	29.4296875
2026-09-13T16:50:41+00:00	torvalds__linux	L	pipeline	41557	4843	65	91.1	23005	1274	29.0107421875
2026-09-13T16:50:56+00:00	torvalds__linux	L	pipeline	41572	4844	65	87.6	23195	1274	26.6611328125
2026-09-13T16:51:11+00:00	torvalds__linux	L	pipeline	41587	4792	60	90.6	22902	1274	26.1064453125
2026-09-13T16:51:26+00:00	torvalds__linux	L	pipeline	41602	4756	62	90.1	22869	1274	27.22314453125
2026-09-13T16:51:41+00:00	torvalds__linux	L	pipeline	41618	4470	35	83.0	22776	1274	27.73046875
2026-09-13T16:51:56+00:00	torvalds__linux	L	pipeline	41633	4880	69	89.8	22889	1274	28.404296875
2026-09-13T16:52:11+00:00	torvalds__linux	L	pipeline	41648	4237	8	90.0	22759	1273	29.7314453125
2026-09-13T16:52:26+00:00	torvalds__linux	L	pipeline	41663	4743	61	55.1	22816	1273	28.0859375
2026-09-13T16:52:41+00:00	torvalds__linux	L	pipeline	41678	4684	55	93.5	22807	1273	28.65625
2026-09-13T16:52:57+00:00	torvalds__linux	L	pipeline	41693	4514	37	90.5	22944	1273	28.49755859375
2026-09-13T16:53:12+00:00	torvalds__linux	L	pipeline	41708	4376	22	79.0	23074	1273	29.0302734375
2026-09-13T16:53:27+00:00	torvalds__linux	L	pipeline	41723	4256	10	81.4	22865	1273	31.2255859375
2026-09-13T16:53:42+00:00	torvalds__linux	L	pipeline	41738	4738	61	92.0	23043	1273	31.41259765625
2026-09-13T16:53:57+00:00	torvalds__linux	L	pipeline	41753	4980	68	94.7	23057	1273	30.22119140625
2026-09-13T16:54:12+00:00	torvalds__linux	L	pipeline	41768	4305	16	74.8	23186	1273	28.85986328125
2026-09-13T16:54:27+00:00	torvalds__linux	L	pipeline	41783	4664	54	91.4	22882	1272	26.716796875
2026-09-13T16:54:42+00:00	torvalds__linux	L	pipeline	41798	4183	3	85.6	22881	1272	27.025390625
2026-09-13T16:54:57+00:00	torvalds__linux	L	pipeline	41813	4473	33	90.8	22816	1272	29.08203125
2026-09-13T16:55:12+00:00	torvalds__linux	L	pipeline	41828	4379	15	86.6	22895	1272	30.36328125
2026-09-13T16:55:27+00:00	torvalds__linux	L	pipeline	41843	4653	55	76.7	22948	1272	31.34619140625
2026-09-13T16:55:42+00:00	torvalds__linux	L	pipeline	41858	4554	47	85.5	22807	1272	30.4375
2026-09-13T16:55:57+00:00	torvalds__linux	L	pipeline	41873	4174	5	92.8	22850	1272	30.99365234375
2026-09-13T16:56:12+00:00	torvalds__linux	L	pipeline	41888	4570	45	92.8	23133	1272	30.14013671875
2026-09-13T16:56:27+00:00	torvalds__linux	L	pipeline	41903	4568	44	93.1	22907	1271	31.54345703125
2026-09-13T16:56:42+00:00	torvalds__linux	L	pipeline	41918	4521	46	85.5	22914	1271	30.5009765625
2026-09-13T16:56:57+00:00	torvalds__linux	L	pipeline	41933	4623	50	92.8	22885	1271	29.7685546875
2026-09-13T16:57:12+00:00	torvalds__linux	L	pipeline	41948	4726	60	95.0	22910	1271	29.6845703125
2026-09-13T16:57:27+00:00	torvalds__linux	L	pipeline	41963	4651	53	88.2	22823	1271	30.2724609375
2026-09-13T16:57:42+00:00	torvalds__linux	L	pipeline	41978	4211	9	86.4	22796	1271	31.64111328125
2026-09-13T16:57:57+00:00	torvalds__linux	L	pipeline	41994	4541	43	81.6	22848	1271	29.40478515625
2026-09-13T16:58:12+00:00	torvalds__linux	L	pipeline	42009	4236	13	83.4	23048	1271	28.05419921875
2026-09-13T16:58:27+00:00	torvalds__linux	L	pipeline	42024	4649	57	92.8	22915	1270	28.2275390625
2026-09-13T16:58:43+00:00	torvalds__linux	L	pipeline	42039	4466	39	90.7	22875	1270	27.998046875
2026-09-13T16:58:58+00:00	torvalds__linux	L	pipeline	42054	4687	59	86.9	22830	1270	30.84619140625
2026-09-13T16:59:13+00:00	torvalds__linux	L	pipeline	42069	4603	50	76.6	23078	1270	28.9462890625
2026-09-13T16:59:28+00:00	torvalds__linux	L	pipeline	42084	4347	24	88.2	22794	1270	29.44580078125
2026-09-13T16:59:43+00:00	torvalds__linux	L	pipeline	42099	4435	34	90.1	22816	1270	30.08447265625
2026-09-13T16:59:58+00:00	torvalds__linux	L	pipeline	42114	4220	13	80.8	22739	1270	30.58349609375
2026-09-13T17:00:13+00:00	torvalds__linux	L	pipeline	42129	4541	44	67.4	23085	1270	27.89794921875
2026-09-13T17:00:28+00:00	torvalds__linux	L	pipeline	42144	4394	32	91.2	22890	1269	28.7197265625
2026-09-13T17:00:43+00:00	torvalds__linux	L	pipeline	42159	4549	46	85.6	22807	1270	29.1669921875
2026-09-13T17:00:58+00:00	torvalds__linux	L	pipeline	42174	4562	49	92.1	22892	1269	29.529296875
2026-09-13T17:01:13+00:00	torvalds__linux	L	pipeline	42189	4737	62	92.0	23178	1269	27.62060546875
2026-09-13T17:01:28+00:00	torvalds__linux	L	pipeline	42204	4324	22	78.3	22691	1269	27.09765625
2026-09-13T17:01:43+00:00	torvalds__linux	L	pipeline	42219	4443	35	92.8	22895	1269	27.705078125
2026-09-13T17:01:58+00:00	torvalds__linux	L	pipeline	42234	4672	55	92.2	22932	1269	25.79736328125
2026-09-13T17:02:13+00:00	torvalds__linux	L	pipeline	42249	4435	35	82.5	23189	1269	24.05078125
2026-09-13T17:02:28+00:00	torvalds__linux	L	pipeline	42264	4702	60	86.0	22882	1269	26.138671875
2026-09-13T17:02:43+00:00	torvalds__linux	L	pipeline	42280	4337	26	94.7	22841	1269	25.61279296875
2026-09-13T17:02:58+00:00	torvalds__linux	L	pipeline	42295	4458	38	92.8	22766	1268	27.6787109375
2026-09-13T17:03:13+00:00	torvalds__linux	L	pipeline	42310	4814	70	90.7	22946	1268	30.9208984375
2026-09-13T17:03:29+00:00	torvalds__linux	L	pipeline	42325	4435	33	87.5	22914	1268	31.22802734375
2026-09-13T17:03:44+00:00	torvalds__linux	L	pipeline	42340	4286	16	92.8	22885	1268	30.58056640625
2026-09-13T17:03:59+00:00	torvalds__linux	L	pipeline	42355	4207	9	66.9	22714	1268	27.8759765625
2026-09-13T17:04:14+00:00	torvalds__linux	L	pipeline	42370	4508	44	74.0	22837	1268	26.7236328125
2026-09-13T17:04:29+00:00	torvalds__linux	L	pipeline	42385	4748	59	93.9	23014	1268	29.1435546875
2026-09-13T17:04:44+00:00	torvalds__linux	L	pipeline	42400	4576	50	84.0	22911	1268	28.98974609375
2026-09-13T17:04:59+00:00	torvalds__linux	L	pipeline	42415	4521	44	89.7	22921	1268	28.9111328125
2026-09-13T17:05:14+00:00	torvalds__linux	L	pipeline	42430	4152	4	78.7	23077	1268	28.85009765625
2026-09-13T17:05:29+00:00	torvalds__linux	L	pipeline	42445	4983	91	86.2	22866	1267	28.65673828125
2026-09-13T17:05:44+00:00	torvalds__linux	L	pipeline	42460	4470	37	86.6	22841	1267	28.5048828125
2026-09-13T17:05:59+00:00	torvalds__linux	L	pipeline	42475	4433	35	89.1	22929	1267	29.29931640625
2026-09-13T17:06:14+00:00	torvalds__linux	L	pipeline	42490	4719	65	91.1	22889	1267	29.56689453125
2026-09-13T17:06:29+00:00	torvalds__linux	L	pipeline	42505	4463	36	90.1	22920	1267	29.84912109375
2026-09-13T17:06:44+00:00	torvalds__linux	L	pipeline	42520	4596	51	88.4	23000	1267	29.46435546875
2026-09-13T17:06:59+00:00	torvalds__linux	L	pipeline	42535	4753	65	87.0	22926	1267	26.587890625
2026-09-13T17:07:14+00:00	torvalds__linux	L	pipeline	42550	4665	53	95.3	23012	1267	26.5
2026-09-13T17:07:29+00:00	torvalds__linux	L	pipeline	42565	4414	32	93.1	22889	1266	27.3525390625
2026-09-13T17:07:44+00:00	torvalds__linux	L	pipeline	42580	4403	33	81.5	22989	1266	27.60498046875
2026-09-13T17:07:59+00:00	torvalds__linux	L	pipeline	42596	4282	18	91.5	22878	1266	25.857421875
2026-09-13T17:08:14+00:00	torvalds__linux	L	pipeline	42611	4212	11	91.1	22720	1266	26.6103515625
2026-09-13T17:08:29+00:00	torvalds__linux	L	pipeline	42626	4484	38	80.7	22936	1266	25.501953125
2026-09-13T17:08:45+00:00	torvalds__linux	L	pipeline	42641	4548	44	85.7	22944	1266	27.11376953125
2026-09-13T17:09:00+00:00	torvalds__linux	L	pipeline	42656	4235	12	81.5	22888	1266	25.013671875
2026-09-13T17:09:15+00:00	torvalds__linux	L	pipeline	42671	4697	56	82.6	22924	1266	25.76220703125
2026-09-13T17:09:30+00:00	torvalds__linux	L	pipeline	42686	4619	49	74.3	22970	1266	25.5849609375
2026-09-13T17:09:45+00:00	torvalds__linux	L	pipeline	42701	4801	65	81.4	23009	1265	26.46826171875
2026-09-13T17:10:00+00:00	torvalds__linux	L	pipeline	42716	4827	72	89.1	22984	1265	26.97900390625
2026-09-13T17:10:15+00:00	torvalds__linux	L	pipeline	42731	4378	27	89.7	22812	1265	27.32177734375
2026-09-13T17:10:30+00:00	torvalds__linux	L	pipeline	42746	4515	43	78.4	22875	1265	26.3388671875
2026-09-13T17:10:45+00:00	torvalds__linux	L	pipeline	42761	4679	59	89.2	22884	1265	23.73046875
2026-09-13T17:11:00+00:00	torvalds__linux	L	pipeline	42776	4442	40	86.8	22816	1265	27.80126953125
2026-09-13T17:11:15+00:00	torvalds__linux	L	pipeline	42791	4461	36	87.8	22995	1265	29.53955078125
2026-09-13T17:11:30+00:00	torvalds__linux	L	pipeline	42806	4403	32	87.2	22869	1265	29.01416015625
2026-09-13T17:11:45+00:00	torvalds__linux	L	pipeline	42821	4520	44	79.0	23199	1264	27.3095703125
2026-09-13T17:12:00+00:00	torvalds__linux	L	pipeline	42836	4459	36	94.5	22845	1264	28.2705078125
2026-09-13T17:12:15+00:00	torvalds__linux	L	pipeline	42852	4613	54	88.7	23166	1264	28.216796875
2026-09-13T17:12:30+00:00	torvalds__linux	L	pipeline	42867	4729	60	85.4	23015	1264	25.654296875
2026-09-13T17:12:45+00:00	torvalds__linux	L	pipeline	42882	4495	40	87.1	23205	1264	24.32470703125
2026-09-13T17:13:00+00:00	torvalds__linux	L	pipeline	42897	4347	26	84.0	22986	1264	24.68359375
2026-09-13T17:13:15+00:00	torvalds__linux	L	pipeline	42912	4334	23	90.8	22771	1264	23.99462890625
2026-09-13T17:13:31+00:00	torvalds__linux	L	pipeline	42927	4392	31	81.0	22917	1264	23.8642578125
2026-09-13T17:13:46+00:00	torvalds__linux	L	pipeline	42942	4544	46	92.4	22899	1263	24.4677734375
2026-09-13T17:14:01+00:00	torvalds__linux	L	pipeline	42957	4266	18	82.0	22933	1263	27.48583984375
2026-09-13T17:14:16+00:00	torvalds__linux	L	pipeline	42972	4462	36	83.4	23023	1263	26.06884765625
2026-09-13T17:14:31+00:00	torvalds__linux	L	pipeline	42987	4151	4	90.3	22801	1263	27.6611328125
2026-09-13T17:14:46+00:00	torvalds__linux	L	pipeline	43002	4725	62	88.2	22976	1263	27.1953125
2026-09-13T17:15:01+00:00	torvalds__linux	L	pipeline	43017	4596	48	86.1	22854	1263	27.68798828125
2026-09-13T17:15:16+00:00	torvalds__linux	L	pipeline	43032	4437	34	89.6	23142	1263	26.76318359375
2026-09-13T17:15:31+00:00	torvalds__linux	L	pipeline	43047	4722	63	90.8	22958	1263	25.2197265625
2026-09-13T17:15:46+00:00	torvalds__linux	L	pipeline	43062	4645	57	87.9	22841	1263	27.20361328125
2026-09-13T17:16:01+00:00	torvalds__linux	L	pipeline	43077	4610	53	93.1	22900	1262	29.56103515625
2026-09-13T17:16:16+00:00	torvalds__linux	L	pipeline	43092	4561	45	93.9	22891	1263	30.86328125
2026-09-13T17:16:31+00:00	torvalds__linux	L	pipeline	43107	4610	49	92.4	22867	1262	30.96435546875
2026-09-13T17:16:46+00:00	torvalds__linux	L	pipeline	43122	4468	37	91.0	22950	1262	30.5546875
2026-09-13T17:17:01+00:00	torvalds__linux	L	pipeline	43138	5030	81	80.3	23096	1262	27.6337890625
2026-09-13T17:17:16+00:00	torvalds__linux	L	pipeline	43153	4387	27	87.2	22851	1262	29.12451171875
2026-09-13T17:17:31+00:00	torvalds__linux	L	pipeline	43168	4823	67	88.4	23052	1262	28.955078125
2026-09-13T17:17:46+00:00	torvalds__linux	L	pipeline	43183	4426	33	84.2	23228	1262	28.2568359375
2026-09-13T17:18:02+00:00	torvalds__linux	L	pipeline	43198	4547	47	87.2	22970	1261	27.77685546875
2026-09-13T17:18:17+00:00	torvalds__linux	L	pipeline	43213	4585	44	91.2	23006	1261	27.60400390625
2026-09-13T17:18:32+00:00	torvalds__linux	L	pipeline	43228	4924	78	87.7	22988	1261	25.19140625
2026-09-13T17:18:47+00:00	torvalds__linux	L	pipeline	43243	4246	14	84.5	23270	1261	27.3955078125
2026-09-13T17:19:02+00:00	torvalds__linux	L	pipeline	43258	4663	57	84.7	22976	1261	26.23974609375
2026-09-13T17:19:17+00:00	torvalds__linux	L	pipeline	43273	4515	43	87.2	22861	1261	28.4677734375
2026-09-13T17:19:32+00:00	torvalds__linux	L	pipeline	43288	4422	34	92.7	22929	1261	28.15380859375
2026-09-13T17:19:47+00:00	torvalds__linux	L	pipeline	43303	4743	66	89.7	23208	1261	26.623046875
2026-09-13T17:20:02+00:00	torvalds__linux	L	pipeline	43318	4633	52	91.8	23005	1261	27.62841796875
2026-09-13T17:20:17+00:00	torvalds__linux	L	pipeline	43333	4482	42	93.6	23036	1261	27.7158203125
2026-09-13T17:20:32+00:00	torvalds__linux	L	pipeline	43348	4457	39	88.8	22991	1260	26.5029296875
2026-09-13T17:20:47+00:00	torvalds__linux	L	pipeline	43363	4378	30	89.3	22828	1260	27.4150390625
2026-09-13T17:21:02+00:00	torvalds__linux	L	pipeline	43378	4206	9	48.9	22787	1260	25.505859375
2026-09-13T17:21:17+00:00	torvalds__linux	L	pipeline	43393	4212	10	72.0	23095	1260	23.98876953125
2026-09-13T17:21:32+00:00	torvalds__linux	L	pipeline	43408	4738	62	50.1	22952	1260	24.52099609375
2026-09-13T17:21:47+00:00	torvalds__linux	L	pipeline	43423	4769	67	90.2	22975	1260	25.8505859375
2026-09-13T17:22:02+00:00	torvalds__linux	L	pipeline	43439	4573	48	88.5	23142	1260	26.46435546875
2026-09-13T17:22:17+00:00	torvalds__linux	L	pipeline	43454	4721	64	92.1	22903	1260	29.1015625
2026-09-13T17:22:32+00:00	torvalds__linux	L	pipeline	43469	4667	58	76.6	23032	1260	27.3857421875
2026-09-13T17:22:47+00:00	torvalds__linux	L	pipeline	43484	4436	37	93.7	23033	1259	26.51953125
2026-09-13T17:23:03+00:00	torvalds__linux	L	pipeline	43499	4738	67	83.8	22969	1259	27.34521484375
2026-09-13T17:23:18+00:00	torvalds__linux	L	pipeline	43514	4633	53	93.4	22960	1259	27.98779296875
2026-09-13T17:23:33+00:00	torvalds__linux	L	pipeline	43529	4665	57	91.8	23028	1259	28.943359375
2026-09-13T17:23:48+00:00	torvalds__linux	L	pipeline	43544	4359	25	88.6	22957	1259	25.0869140625
2026-09-13T17:24:03+00:00	torvalds__linux	L	pipeline	43559	4691	58	78.9	23035	1259	25.1162109375
2026-09-13T17:24:18+00:00	torvalds__linux	L	pipeline	43574	4701	60	93.1	22949	1259	26.4658203125
2026-09-13T17:24:33+00:00	torvalds__linux	L	pipeline	43589	4640	53	92.5	22951	1259	27.0205078125
2026-09-13T17:24:48+00:00	torvalds__linux	L	pipeline	43604	4598	49	84.6	23223	1258	26.486328125
2026-09-13T17:25:03+00:00	torvalds__linux	L	pipeline	43619	4810	71	79.8	22950	1258	27.80126953125
2026-09-13T17:25:18+00:00	torvalds__linux	L	pipeline	43634	4440	35	84.9	22990	1258	24.056640625
2026-09-13T17:25:33+00:00	torvalds__linux	L	pipeline	43649	4273	17	85.2	22860	1258	25.1640625
2026-09-13T17:25:48+00:00	torvalds__linux	L	pipeline	43664	4485	40	78.3	23182	1258	23.490234375
2026-09-13T17:26:03+00:00	torvalds__linux	L	pipeline	43679	4544	44	92.0	22975	1258	25.59130859375
2026-09-13T17:26:18+00:00	torvalds__linux	L	pipeline	43694	4494	41	86.2	22935	1258	24.521484375
2026-09-13T17:26:33+00:00	torvalds__linux	L	pipeline	43710	4736	66	88.6	23005	1258	25.99267578125
2026-09-13T17:26:48+00:00	torvalds__linux	L	pipeline	43725	4474	39	89.6	22925	1258	27.8408203125
2026-09-13T17:27:03+00:00	torvalds__linux	L	pipeline	43740	4499	41	80.5	22950	1257	26.201171875
2026-09-13T17:27:18+00:00	torvalds__linux	L	pipeline	43755	4600	53	91.7	22930	1257	26.7158203125
2026-09-13T17:27:33+00:00	torvalds__linux	L	pipeline	43770	4518	43	86.4	23065	1257	26.21142578125
2026-09-13T17:27:49+00:00	torvalds__linux	L	pipeline	43785	4214	11	91.6	23112	1257	24.9873046875
2026-09-13T17:28:04+00:00	torvalds__linux	L	pipeline	43800	4485	42	84.3	23062	1257	25.9873046875
2026-09-13T17:28:19+00:00	torvalds__linux	L	pipeline	43815	4330	25	84.9	22967	1257	28.18505859375
2026-09-13T17:28:34+00:00	torvalds__linux	L	pipeline	43830	4180	8	87.1	22953	1257	26.10986328125
2026-09-13T17:28:49+00:00	torvalds__linux	L	pipeline	43845	4446	40	86.7	23098	1257	26.62109375
2026-09-13T17:29:04+00:00	torvalds__linux	L	pipeline	43860	4543	48	89.5	22858	1257	25.470703125
2026-09-13T17:29:19+00:00	torvalds__linux	L	pipeline	43875	4765	74	90.4	23027	1257	26.11767578125
2026-09-13T17:29:34+00:00	torvalds__linux	L	pipeline	43890	4750	63	91.6	22988	1256	27.0205078125
2026-09-13T17:29:49+00:00	torvalds__linux	L	pipeline	43905	4813	27	85.5	23344	1256	25.2666015625
2026-09-13T17:30:04+00:00	torvalds__linux	L	pipeline	43920	4737	55	76.2	23011	1256	26.0107421875
2026-09-13T17:30:19+00:00	torvalds__linux	L	pipeline	43935	4596	52	94.9	23245	1256	26.6806640625
2026-09-13T17:30:34+00:00	torvalds__linux	L	pipeline	43950	5080	62	92.7	23232	1256	26.19140625
2026-09-13T17:30:49+00:00	torvalds__linux	L	pipeline	43965	4678	58	92.3	23092	1256	25.45947265625
2026-09-13T17:31:04+00:00	torvalds__linux	L	pipeline	43980	4792	70	88.8	22933	1256	27.0556640625
2026-09-13T17:31:19+00:00	torvalds__linux	L	pipeline	43995	4863	71	93.9	23238	1256	27.14501953125
2026-09-13T17:31:34+00:00	torvalds__linux	L	pipeline	44011	4451	37	84.0	22896	1255	28.123046875
2026-09-13T17:31:49+00:00	torvalds__linux	L	pipeline	44026	4640	55	87.3	22823	1255	28.93994140625
2026-09-13T17:32:04+00:00	torvalds__linux	L	pipeline	44041	4558	49	92.2	22996	1255	29.4404296875
2026-09-13T17:32:19+00:00	torvalds__linux	L	pipeline	44056	4834	74	95.0	23046	1255	29.0654296875
2026-09-13T17:32:35+00:00	torvalds__linux	L	pipeline	44071	4210	9	68.5	23025	1255	26.53125
2026-09-13T17:32:50+00:00	torvalds__linux	L	pipeline	44086	4465	39	63.7	22952	1255	25.24755859375
2026-09-13T17:33:05+00:00	torvalds__linux	L	pipeline	44101	4468	36	54.7	22861	1255	21.810546875
2026-09-13T17:33:20+00:00	torvalds__linux	L	pipeline	44116	4265	17	85.5	23095	1255	21.84912109375
2026-09-13T17:33:35+00:00	torvalds__linux	L	pipeline	44131	4505	45	88.3	22877	1255	23.93798828125
2026-09-13T17:33:50+00:00	torvalds__linux	L	pipeline	44146	4644	57	86.4	23219	1254	23.41796875
2026-09-13T17:34:05+00:00	torvalds__linux	L	pipeline	44161	4544	44	87.2	22887	1254	23.80322265625
2026-09-13T17:34:20+00:00	torvalds__linux	L	pipeline	44176	4548	47	90.6	22818	1254	26.7119140625
2026-09-13T17:34:35+00:00	torvalds__linux	L	pipeline	44191	4570	47	79.2	22876	1254	28.9345703125
2026-09-13T17:34:50+00:00	torvalds__linux	L	pipeline	44206	4528	44	90.0	22868	1254	30.9345703125
2026-09-13T17:35:05+00:00	torvalds__linux	L	pipeline	44221	4580	55	88.2	22947	1254	32.552734375
2026-09-13T17:35:20+00:00	torvalds__linux	L	pipeline	44236	4822	62	86.4	23015	1254	31.76318359375
2026-09-13T17:35:35+00:00	torvalds__linux	L	pipeline	44251	4528	43	89.6	22963	1254	31.1845703125
2026-09-13T17:35:50+00:00	torvalds__linux	L	pipeline	44266	4840	75	91.3	22939	1254	31.390625
2026-09-13T17:36:05+00:00	torvalds__linux	L	pipeline	44281	4678	60	90.0	22921	1253	27.2021484375
2026-09-13T17:36:20+00:00	torvalds__linux	L	pipeline	44297	4611	50	92.9	22904	1253	27.69970703125
2026-09-13T17:36:35+00:00	torvalds__linux	L	pipeline	44312	5016	88	92.4	23046	1253	30.93505859375
2026-09-13T17:36:50+00:00	torvalds__linux	L	pipeline	44327	4280	19	90.7	22861	1253	31.4853515625
2026-09-13T17:37:05+00:00	torvalds__linux	L	pipeline	44342	4401	31	85.5	22919	1253	31.2119140625
2026-09-13T17:37:21+00:00	torvalds__linux	L	pipeline	44357	4649	56	91.8	22998	1253	30.12353515625
2026-09-13T17:37:36+00:00	torvalds__linux	L	pipeline	44372	4632	55	95.2	23034	1253	29.68896484375
2026-09-13T17:37:51+00:00	torvalds__linux	L	pipeline	44387	4487	37	86.8	22854	1253	28.5732421875
2026-09-13T17:38:06+00:00	torvalds__linux	L	pipeline	44402	4427	34	93.9	22975	1252	29.48095703125
2026-09-13T17:38:21+00:00	torvalds__linux	L	pipeline	44417	4307	17	93.3	22934	1252	27.884765625
2026-09-13T17:38:36+00:00	torvalds__linux	L	pipeline	44432	4473	39	83.9	22920	1252	26.6640625
2026-09-13T17:38:51+00:00	torvalds__linux	L	pipeline	44447	4529	43	92.2	22903	1252	27.35302734375
2026-09-13T17:39:06+00:00	torvalds__linux	L	pipeline	44462	4458	37	88.9	22906	1252	27.35595703125
2026-09-13T17:39:21+00:00	torvalds__linux	L	pipeline	44477	4462	37	93.6	22983	1252	30.16455078125
2026-09-13T17:39:36+00:00	torvalds__linux	L	pipeline	44492	4285	19	84.2	22939	1252	29.7900390625
2026-09-13T17:39:51+00:00	torvalds__linux	L	pipeline	44507	4403	33	91.1	23111	1252	29.50341796875
2026-09-13T17:40:06+00:00	torvalds__linux	L	pipeline	44522	4651	56	79.7	23067	1252	28.330078125
2026-09-13T17:40:21+00:00	torvalds__linux	L	pipeline	44537	4226	12	82.3	22853	1252	26.74267578125
2026-09-13T17:40:36+00:00	torvalds__linux	L	pipeline	44552	4940	83	89.4	23044	1251	25.580078125
2026-09-13T17:40:51+00:00	torvalds__linux	L	pipeline	44567	4320	15	91.6	22975	1251	26.712890625
2026-09-13T17:41:06+00:00	torvalds__linux	L	pipeline	44582	4532	46	88.6	22921	1251	27.22607421875
2026-09-13T17:41:21+00:00	torvalds__linux	L	pipeline	44597	4703	60	91.5	22938	1251	27.74267578125
2026-09-13T17:41:36+00:00	torvalds__linux	L	pipeline	44612	4419	34	92.5	23003	1251	28.61279296875
2026-09-13T17:41:51+00:00	torvalds__linux	L	pipeline	44628	4672	55	83.3	23001	1251	28.02294921875
2026-09-13T17:42:06+00:00	torvalds__linux	L	pipeline	44643	4400	9	81.6	23094	1251	26.28662109375
2026-09-13T17:42:21+00:00	torvalds__linux	L	pipeline	44658	4689	59	83.6	22945	1251	27.57861328125
2026-09-13T17:42:37+00:00	torvalds__linux	L	pipeline	44673	4520	43	65.2	22962	1250	22.2626953125
2026-09-13T17:42:52+00:00	torvalds__linux	L	pipeline	44688	4464	38	89.6	22921	1250	24.13671875
2026-09-13T17:43:07+00:00	torvalds__linux	L	pipeline	44703	4491	42	90.8	22944	1250	24.76416015625
2026-09-13T17:43:22+00:00	torvalds__linux	L	pipeline	44718	4363	26	84.4	22971	1250	23.73193359375
2026-09-13T17:43:37+00:00	torvalds__linux	L	pipeline	44733	4497	40	92.6	22977	1250	25.8896484375
2026-09-13T17:43:52+00:00	torvalds__linux	L	pipeline	44748	4460	40	85.0	22865	1250	25.2548828125
2026-09-13T17:44:07+00:00	torvalds__linux	L	pipeline	44763	4520	46	91.7	22938	1250	26.701171875
2026-09-13T17:44:22+00:00	torvalds__linux	L	pipeline	44778	4791	70	82.7	22981	1250	27.35693359375
2026-09-13T17:44:37+00:00	torvalds__linux	L	pipeline	44793	4757	27	89.5	23541	1249	26.48974609375
2026-09-13T17:44:52+00:00	torvalds__linux	L	pipeline	44808	4481	42	71.1	22757	1249	26.3291015625
2026-09-13T17:45:07+00:00	torvalds__linux	L	pipeline	44823	4597	49	92.6	22866	1249	27.1005859375
2026-09-13T17:45:22+00:00	torvalds__linux	L	pipeline	44838	4597	49	91.5	22975	1249	27.50830078125
2026-09-13T17:45:37+00:00	torvalds__linux	L	pipeline	44853	4528	43	93.3	22945	1249	30.84423828125
2026-09-13T17:45:52+00:00	torvalds__linux	L	pipeline	44868	4301	9	75.2	23011	1249	27.21923828125
2026-09-13T17:46:07+00:00	torvalds__linux	L	pipeline	44883	4458	35	80.2	22790	1249	26.07958984375
2026-09-13T17:46:22+00:00	torvalds__linux	L	pipeline	44899	4451	37	87.9	23031	1249	26.64111328125
2026-09-13T17:46:37+00:00	torvalds__linux	L	pipeline	44914	4584	48	86.5	23026	1249	28.04248046875
2026-09-13T17:46:52+00:00	torvalds__linux	L	pipeline	44929	4702	56	89.2	23025	1248	31.326171875
2026-09-13T17:47:08+00:00	torvalds__linux	L	pipeline	44944	4804	70	89.9	22969	1248	30.533203125
2026-09-13T17:47:23+00:00	torvalds__linux	L	pipeline	44959	4584	46	89.8	22967	1248	31.4521484375
2026-09-13T17:47:38+00:00	torvalds__linux	L	pipeline	44974	4732	62	92.4	22994	1248	29.8994140625
2026-09-13T17:47:53+00:00	torvalds__linux	L	pipeline	44989	4600	51	91.3	23015	1248	29.73388671875
2026-09-13T17:48:08+00:00	torvalds__linux	L	pipeline	45004	4572	48	86.7	22916	1248	30.42626953125
2026-09-13T17:48:23+00:00	torvalds__linux	L	pipeline	45019	4771	67	91.8	22966	1248	30.04248046875
2026-09-13T17:48:38+00:00	torvalds__linux	L	pipeline	45034	4679	57	90.7	22977	1248	29.87890625
2026-09-13T17:48:53+00:00	torvalds__linux	L	pipeline	45049	4276	16	91.7	22890	1248	29.3818359375
2026-09-13T17:49:08+00:00	torvalds__linux	L	pipeline	45064	4673	57	76.0	23079	1247	26.0244140625
2026-09-13T17:49:23+00:00	torvalds__linux	L	pipeline	45079	4475	40	93.4	22899	1247	26.57763671875
2026-09-13T17:49:38+00:00	torvalds__linux	L	pipeline	45094	4453	36	95.0	22965	1247	27.4404296875
2026-09-13T17:49:53+00:00	torvalds__linux	L	pipeline	45109	4670	59	95.0	22861	1247	28.30029296875
2026-09-13T17:50:08+00:00	torvalds__linux	L	pipeline	45124	4536	45	94.8	23168	1247	30.0
2026-09-13T17:50:23+00:00	torvalds__linux	L	pipeline	45139	4603	52	94.7	22993	1247	30.94091796875
2026-09-13T17:50:38+00:00	torvalds__linux	L	pipeline	45154	4500	42	94.9	22987	1247	30.21630859375
2026-09-13T17:50:53+00:00	torvalds__linux	L	pipeline	45170	4535	46	95.2	23095	1247	30.42236328125
2026-09-13T17:51:08+00:00	torvalds__linux	L	pipeline	45185	4566	48	95.1	23184	1247	31.23388671875
2026-09-13T17:51:23+00:00	torvalds__linux	L	pipeline	45200	4738	65	94.9	22914	1247	30.375
2026-09-13T17:51:38+00:00	torvalds__linux	L	pipeline	45215	4634	53	93.3	22967	1246	30.9501953125
2026-09-13T17:51:54+00:00	torvalds__linux	L	pipeline	45230	4455	40	91.8	22911	1246	30.912109375
2026-09-13T17:52:09+00:00	torvalds__linux	L	pipeline	45245	4683	59	93.6	23097	1246	31.63232421875
2026-09-13T17:52:24+00:00	torvalds__linux	L	pipeline	45260	4705	61	94.7	22909	1246	31.609375
2026-09-13T17:52:39+00:00	torvalds__linux	L	pipeline	45275	4303	20	90.2	22923	1246	31.30859375
2026-09-13T17:52:54+00:00	torvalds__linux	L	pipeline	45290	4714	57	93.5	22922	1246	29.109375
2026-09-13T17:53:09+00:00	torvalds__linux	L	pipeline	45305	4240	14	85.2	23093	1246	28.50732421875
2026-09-13T17:53:24+00:00	torvalds__linux	L	pipeline	45320	4526	43	88.1	23033	1246	26.34912109375
2026-09-13T17:53:39+00:00	torvalds__linux	L	pipeline	45335	4752	64	91.6	23017	1246	28.4072265625
2026-09-13T17:53:54+00:00	torvalds__linux	L	pipeline	45350	4444	36	89.1	22941	1246	26.4951171875
2026-09-13T17:54:09+00:00	torvalds__linux	L	pipeline	45365	4652	50	91.7	23224	1245	27.2705078125
2026-09-13T17:54:24+00:00	torvalds__linux	L	pipeline	45380	4498	39	86.3	22805	1245	28.77197265625
2026-09-13T17:54:39+00:00	torvalds__linux	L	pipeline	45395	4469	42	76.1	22966	1245	26.5732421875
2026-09-13T17:54:54+00:00	torvalds__linux	L	pipeline	45410	4403	33	90.4	22932	1245	28.2197265625
2026-09-13T17:55:09+00:00	torvalds__linux	L	pipeline	45425	4317	15	93.2	23008	1245	29.55322265625
2026-09-13T17:55:24+00:00	torvalds__linux	L	pipeline	45440	4607	52	87.5	22959	1245	26.5908203125
2026-09-13T17:55:39+00:00	torvalds__linux	L	pipeline	45455	4192	9	83.8	22884	1245	28.09619140625
2026-09-13T17:55:54+00:00	torvalds__linux	L	pipeline	45470	4567	48	85.3	22938	1244	26.44873046875
2026-09-13T17:56:09+00:00	torvalds__linux	L	pipeline	45486	4377	31	81.5	22978	1244	26.64501953125
2026-09-13T17:56:24+00:00	torvalds__linux	L	pipeline	45501	4197	10	86.2	23000	1244	25.83154296875
2026-09-13T17:56:39+00:00	torvalds__linux	L	pipeline	45516	4539	45	88.6	22994	1244	26.45947265625
2026-09-13T17:56:54+00:00	torvalds__linux	L	pipeline	45531	4690	55	88.5	22940	1244	26.87744140625
2026-09-13T17:57:10+00:00	torvalds__linux	L	pipeline	45546	4557	47	81.4	22863	1244	28.28173828125
2026-09-13T17:57:25+00:00	torvalds__linux	L	pipeline	45561	4216	11	77.5	22987	1244	27.2021484375
2026-09-13T17:57:40+00:00	torvalds__linux	L	pipeline	45576	4289	18	86.7	22984	1244	27.92041015625
2026-09-13T17:57:55+00:00	torvalds__linux	L	pipeline	45591	4553	47	84.6	23024	1244	28.8369140625
2026-09-13T17:58:10+00:00	torvalds__linux	L	pipeline	45606	4571	50	93.5	23078	1243	28.94091796875
2026-09-13T17:58:25+00:00	torvalds__linux	L	pipeline	45621	4351	23	87.8	22968	1243	27.66748046875
2026-09-13T17:58:40+00:00	torvalds__linux	L	pipeline	45636	4285	18	88.6	22868	1243	26.75390625
2026-09-13T17:58:55+00:00	torvalds__linux	L	pipeline	45651	4542	41	94.0	23018	1243	27.6416015625
2026-09-13T17:59:10+00:00	torvalds__linux	L	pipeline	45666	4355	27	92.6	23120	1243	28.18359375
2026-09-13T17:59:25+00:00	torvalds__linux	L	pipeline	45681	4662	21	91.8	23143	1243	28.64697265625
2026-09-13T17:59:40+00:00	torvalds__linux	L	pipeline	45696	4428	36	86.7	22853	1243	25.89501953125
2026-09-13T17:59:55+00:00	torvalds__linux	L	pipeline	45711	4524	42	94.9	22963	1243	27.71533203125
2026-09-13T18:00:10+00:00	torvalds__linux	L	pipeline	45726	4572	47	88.3	22926	1243	28.58203125
2026-09-13T18:00:25+00:00	torvalds__linux	L	pipeline	45741	4776	62	94.1	23084	1243	31.01513671875
2026-09-13T18:00:40+00:00	torvalds__linux	L	pipeline	45756	4519	43	89.5	23063	1242	31.0810546875
2026-09-13T18:00:55+00:00	torvalds__linux	L	pipeline	45771	4646	56	90.9	23045	1242	31.3525390625
2026-09-13T18:01:10+00:00	torvalds__linux	L	pipeline	45786	4317	22	86.9	23227	1242	29.625
2026-09-13T18:01:25+00:00	torvalds__linux	L	pipeline	45802	4321	22	91.6	22920	1242	29.4990234375
2026-09-13T18:01:40+00:00	torvalds__linux	L	pipeline	45817	4307	20	89.7	23016	1242	28.787109375
2026-09-13T18:01:55+00:00	torvalds__linux	L	pipeline	45832	4630	50	74.9	23004	1242	27.66259765625
2026-09-13T18:02:11+00:00	torvalds__linux	L	pipeline	45847	4593	53	86.7	22911	1242	26.48095703125
2026-09-13T18:02:26+00:00	torvalds__linux	L	pipeline	45862	4539	47	93.9	23113	1242	27.5390625
2026-09-13T18:02:41+00:00	torvalds__linux	L	pipeline	45877	4594	49	83.7	22982	1241	24.6708984375
2026-09-13T18:02:56+00:00	torvalds__linux	L	pipeline	45892	4605	49	88.3	23023	1241	24.0966796875
2026-09-13T18:03:11+00:00	torvalds__linux	L	pipeline	45907	4254	12	88.1	23161	1241	25.5224609375
2026-09-13T18:03:26+00:00	torvalds__linux	L	pipeline	45922	4580	49	83.6	22926	1241	26.57080078125
2026-09-13T18:03:41+00:00	torvalds__linux	L	pipeline	45937	4714	61	80.6	22954	1241	26.548828125
2026-09-13T18:03:56+00:00	torvalds__linux	L	pipeline	45952	4387	32	85.8	23051	1241	27.31396484375
2026-09-13T18:04:11+00:00	torvalds__linux	L	pipeline	45967	4606	49	89.7	23158	1241	28.1376953125
2026-09-13T18:04:26+00:00	torvalds__linux	L	pipeline	45982	4368	26	78.0	22911	1241	28.5078125
2026-09-13T18:04:41+00:00	torvalds__linux	L	pipeline	45997	4293	17	87.0	22880	1241	27.9228515625
2026-09-13T18:04:56+00:00	torvalds__linux	L	pipeline	46012	4642	57	90.1	22981	1240	28.8388671875
2026-09-13T18:05:11+00:00	torvalds__linux	L	pipeline	46027	4520	44	92.2	23066	1240	27.76513671875
2026-09-13T18:05:26+00:00	torvalds__linux	L	pipeline	46042	4145	3	89.4	22797	1240	30.08837890625
2026-09-13T18:05:41+00:00	torvalds__linux	L	pipeline	46057	4879	79	93.2	22960	1240	31.12158203125
2026-09-13T18:05:56+00:00	torvalds__linux	L	pipeline	46072	4975	83	89.5	22999	1240	31.9140625
2026-09-13T18:06:11+00:00	torvalds__linux	L	pipeline	46088	4355	28	89.9	23229	1240	30.75634765625
2026-09-13T18:06:26+00:00	torvalds__linux	L	pipeline	46103	4480	37	85.8	22887	1240	28.77099609375
2026-09-13T18:06:41+00:00	torvalds__linux	L	pipeline	46118	4419	34	91.5	22961	1239	29.4736328125
2026-09-13T18:06:56+00:00	torvalds__linux	L	pipeline	46133	4499	35	87.2	22971	1239	30.3935546875
2026-09-13T18:07:11+00:00	torvalds__linux	L	pipeline	46148	4307	19	87.9	23157	1239	30.041015625
2026-09-13T18:07:27+00:00	torvalds__linux	L	pipeline	46163	4191	8	90.4	22819	1239	31.23681640625
2026-09-13T18:07:42+00:00	torvalds__linux	L	pipeline	46178	4571	46	55.6	22877	1239	28.548828125
2026-09-13T18:07:57+00:00	torvalds__linux	L	pipeline	46193	4463	37	86.9	22856	1239	27.49853515625
2026-09-13T18:08:12+00:00	torvalds__linux	L	pipeline	46208	4696	58	90.8	22934	1239	29.11669921875
2026-09-13T18:08:27+00:00	torvalds__linux	L	pipeline	46223	4388	28	81.1	22919	1239	28.1826171875
2026-09-13T18:08:42+00:00	torvalds__linux	L	pipeline	46238	4656	54	90.0	22937	1239	27.18701171875
2026-09-13T18:08:57+00:00	torvalds__linux	L	pipeline	46253	4401	30	91.1	22933	1239	26.53466796875
2026-09-13T18:09:12+00:00	torvalds__linux	L	pipeline	46268	4727	63	87.3	22943	1238	25.28955078125
2026-09-13T18:09:27+00:00	torvalds__linux	L	pipeline	46283	4669	57	91.5	22906	1238	26.18505859375
2026-09-13T18:09:42+00:00	torvalds__linux	L	pipeline	46298	4308	20	93.0	22902	1238	26.888671875
2026-09-13T18:09:57+00:00	torvalds__linux	L	pipeline	46313	4776	65	81.7	22954	1238	27.1533203125
2026-09-13T18:10:12+00:00	torvalds__linux	L	pipeline	46328	4550	44	92.8	23131	1238	25.74462890625
2026-09-13T18:10:27+00:00	torvalds__linux	L	pipeline	46343	4609	52	90.4	22844	1238	28.9169921875
2026-09-13T18:10:42+00:00	torvalds__linux	L	pipeline	46358	4740	57	92.1	22997	1238	29.6376953125
2026-09-13T18:10:57+00:00	torvalds__linux	L	pipeline	46373	4262	15	85.9	22757	1237	27.98095703125
2026-09-13T18:11:12+00:00	torvalds__linux	L	pipeline	46388	4699	60	83.2	22954	1237	26.97314453125
2026-09-13T18:11:27+00:00	torvalds__linux	L	pipeline	46403	4641	55	84.6	22921	1237	27.9033203125
2026-09-13T18:11:42+00:00	torvalds__linux	L	pipeline	46419	4465	38	92.3	22891	1237	28.759765625
2026-09-13T18:11:57+00:00	torvalds__linux	L	pipeline	46434	4218	10	52.6	22885	1237	26.28173828125
2026-09-13T18:12:12+00:00	torvalds__linux	L	pipeline	46449	4318	20	79.9	23158	1237	26.552734375
2026-09-13T18:12:28+00:00	torvalds__linux	L	pipeline	46464	4702	62	89.5	22949	1237	28.4482421875
2026-09-13T18:12:43+00:00	torvalds__linux	L	pipeline	46479	4749	65	58.7	22879	1237	27.6533203125
2026-09-13T18:12:58+00:00	torvalds__linux	L	pipeline	46494	4450	37	87.1	22800	1237	30.08984375
2026-09-13T18:13:13+00:00	torvalds__linux	L	pipeline	46509	4899	81	85.0	23191	1236	27.08740234375
2026-09-13T18:13:28+00:00	torvalds__linux	L	pipeline	46524	4753	68	92.1	22992	1236	28.52099609375
2026-09-13T18:13:43+00:00	torvalds__linux	L	pipeline	46539	4227	9	60.3	23038	1236	26.87255859375
2026-09-13T18:13:58+00:00	torvalds__linux	L	pipeline	46554	4941	74	86.7	23082	1236	28.287109375
2026-09-13T18:14:13+00:00	torvalds__linux	L	pipeline	46569	4423	40	88.6	22530	1236	28.724609375
2026-09-13T18:14:28+00:00	torvalds__linux	L	pipeline	46584	4412	43	91.7	22494	1236	28.64990234375
2026-09-13T18:14:43+00:00	torvalds__linux	L	pipeline	46599	4283	40	92.8	22416	1236	29.26025390625
2026-09-13T18:14:58+00:00	torvalds__linux	L	pipeline	46614	4364	49	67.5	22471	1236	25.47021484375
2026-09-13T18:15:13+00:00	torvalds__linux	L	pipeline	46629	4490	62	85.3	22462	1235	24.029296875
2026-09-13T18:15:28+00:00	torvalds__linux	L	pipeline	46644	4324	51	90.2	22439	1235	27.0458984375
2026-09-13T18:15:43+00:00	torvalds__linux	L	pipeline	46659	4354	59	89.4	22432	1235	27.3564453125
2026-09-13T18:15:58+00:00	torvalds__linux	L	pipeline	46674	4046	29	85.7	22318	1235	24.79248046875
2026-09-13T18:16:13+00:00	torvalds__linux	L	pipeline	46690	4227	47	92.8	22516	1235	25.29248046875
2026-09-13T18:16:28+00:00	torvalds__linux	L	pipeline	46705	4843	47	83.7	23051	1235	25.75390625
2026-09-13T18:16:43+00:00	torvalds__linux	L	pipeline	46720	4371	56	55.2	22399	1235	21.908203125
2026-09-13T18:16:59+00:00	torvalds__linux	L	pipeline	46735	4302	52	87.7	22337	1235	22.837890625
2026-09-13T18:17:14+00:00	torvalds__linux	L	pipeline	46750	4364	60	88.3	22358	1234	24.16064453125
2026-09-13T18:17:29+00:00	torvalds__linux	L	pipeline	46765	4348	61	88.9	22320	1234	23.3779296875
2026-09-13T18:17:44+00:00	torvalds__linux	L	pipeline	46780	4244	53	91.7	22374	1234	24.53857421875
2026-09-13T18:17:59+00:00	torvalds__linux	L	pipeline	46795	4205	51	90.9	22280	1234	26.64306640625
2026-09-13T18:18:14+00:00	torvalds__linux	L	pipeline	46810	3931	26	88.4	22311	1234	29.25048828125
2026-09-13T18:18:29+00:00	torvalds__linux	L	pipeline	46825	4460	72	91.4	22556	1234	29.55078125
2026-09-13T18:18:44+00:00	torvalds__linux	L	pipeline	46840	4018	35	91.5	22491	1234	29.57470703125
2026-09-13T18:18:59+00:00	torvalds__linux	L	pipeline	46855	4058	40	91.8	22286	1234	30.27197265625
2026-09-13T18:19:14+00:00	torvalds__linux	L	pipeline	46870	4506	77	87.5	22396	1233	31.4453125
2026-09-13T18:19:29+00:00	torvalds__linux	L	pipeline	46885	4144	50	87.4	22401	1233	28.05712890625
2026-09-13T18:19:44+00:00	torvalds__linux	L	pipeline	46900	4183	56	91.9	22506	1233	28.48828125
2026-09-13T18:19:59+00:00	torvalds__linux	L	pipeline	46915	3689	3	86.0	22181	1233	29.208984375
2026-09-13T18:20:14+00:00	torvalds__linux	L	pipeline	46930	4267	60	84.3	22328	1233	28.83642578125
2026-09-13T18:20:29+00:00	torvalds__linux	L	pipeline	46945	3819	16	91.7	22340	1233	30.32080078125
2026-09-13T18:20:44+00:00	torvalds__linux	L	pipeline	46961	3954	33	83.9	22320	1233	29.3994140625
2026-09-13T18:20:59+00:00	torvalds__linux	L	pipeline	46976	4048	40	88.4	22351	1233	28.19677734375
2026-09-13T18:21:14+00:00	torvalds__linux	L	pipeline	46991	4127	52	84.8	22748	1233	29.58740234375
2026-09-13T18:21:30+00:00	torvalds__linux	L	pipeline	47006	3908	31	89.9	22413	1232	29.8701171875
2026-09-13T18:21:45+00:00	torvalds__linux	L	pipeline	47021	4271	67	89.5	22457	1232	32.0068359375
2026-09-13T18:22:00+00:00	torvalds__linux	L	pipeline	47036	4044	41	91.2	22299	1232	30.90185546875
2026-09-13T18:22:15+00:00	torvalds__linux	L	pipeline	47051	4006	40	88.3	22237	1232	33.65185546875
2026-09-13T18:22:30+00:00	torvalds__linux	L	pipeline	47066	3920	31	91.0	22459	1232	32.1171875
2026-09-13T18:22:45+00:00	torvalds__linux	L	pipeline	47081	4204	53	89.1	22442	1232	33.31396484375
2026-09-13T18:23:00+00:00	torvalds__linux	L	pipeline	47096	3960	35	86.7	22199	1232	34.30224609375
2026-09-13T18:23:15+00:00	torvalds__linux	L	pipeline	47111	4010	40	91.6	22289	1232	32.47900390625
2026-09-13T18:23:30+00:00	torvalds__linux	L	pipeline	47126	4283	60	92.9	22416	1232	36.32763671875
2026-09-13T18:23:45+00:00	torvalds__linux	L	pipeline	47141	4083	48	82.3	22700	1231	33.7431640625
2026-09-13T18:24:00+00:00	torvalds__linux	L	pipeline	47156	4003	40	84.4	22386	1231	32.884765625
2026-09-13T18:24:15+00:00	torvalds__linux	L	pipeline	47171	3803	15	85.1	22284	1231	31.4423828125
2026-09-13T18:24:30+00:00	torvalds__linux	L	pipeline	47186	3669	4	87.7	22359	1231	29.8349609375
2026-09-13T18:24:45+00:00	torvalds__linux	L	pipeline	47201	3736	6	67.8	22294	1231	27.8662109375
2026-09-13T18:25:00+00:00	torvalds__linux	L	pipeline	47216	4121	53	86.1	22275	1231	24.46044921875
2026-09-13T18:25:15+00:00	torvalds__linux	L	pipeline	47232	4192	58	83.1	22383	1231	25.75439453125
2026-09-13T18:25:30+00:00	torvalds__linux	L	pipeline	47247	3950	37	89.4	22477	1231	27.30322265625
2026-09-13T18:25:45+00:00	torvalds__linux	L	pipeline	47262	3728	9	72.5	22739	1230	26.89208984375
2026-09-13T18:26:00+00:00	torvalds__linux	L	pipeline	47277	3829	22	64.7	22681	1230	27.044921875
2026-09-13T18:26:16+00:00	torvalds__linux	L	pipeline	47292	4023	39	84.4	22292	1230	27.2177734375
2026-09-13T18:26:31+00:00	torvalds__linux	L	pipeline	47307	3893	25	86.8	22420	1230	25.38671875
2026-09-13T18:26:46+00:00	torvalds__linux	L	pipeline	47322	3801	17	88.6	22690	1230	24.9189453125
2026-09-13T18:27:01+00:00	torvalds__linux	L	pipeline	47337	4083	50	94.2	22499	1230	25.8974609375
2026-09-13T18:27:16+00:00	torvalds__linux	L	pipeline	47352	3823	23	90.6	22354	1230	25.9970703125
2026-09-13T18:27:31+00:00	torvalds__linux	L	pipeline	47367	4155	52	90.0	22546	1230	26.38330078125
2026-09-13T18:27:46+00:00	torvalds__linux	L	pipeline	47382	3741	12	86.0	22655	1230	24.2509765625
2026-09-13T18:28:01+00:00	torvalds__linux	L	pipeline	47397	3663	3	77.8	22592	1229	22.728515625
2026-09-13T18:28:16+00:00	torvalds__linux	L	pipeline	47412	3926	32	90.5	22525	1229	22.27099609375
2026-09-13T18:28:31+00:00	torvalds__linux	L	pipeline	47427	3891	28	89.8	22603	1229	24.31591796875
2026-09-13T18:28:46+00:00	torvalds__linux	L	pipeline	47442	3722	9	87.0	22673	1229	25.2802734375
2026-09-13T18:29:01+00:00	torvalds__linux	L	pipeline	47457	4045	42	82.7	22479	1229	25.98046875
2026-09-13T18:29:16+00:00	torvalds__linux	L	pipeline	47472	3730	9	86.4	22485	1229	23.7470703125
2026-09-13T18:29:31+00:00	torvalds__linux	L	pipeline	47487	4345	71	55.9	22543	1229	21.4404296875
2026-09-13T18:29:46+00:00	torvalds__linux	L	pipeline	47502	4016	40	83.3	22772	1229	19.29638671875
2026-09-13T18:30:01+00:00	torvalds__linux	L	pipeline	47517	4116	52	92.8	22481	1228	22.54443359375
2026-09-13T18:30:16+00:00	torvalds__linux	L	pipeline	47532	4032	41	89.4	22458	1228	21.66796875
2026-09-13T18:30:31+00:00	torvalds__linux	L	pipeline	47548	3984	36	91.0	22445	1228	23.32568359375
2026-09-13T18:30:46+00:00	torvalds__linux	L	pipeline	47563	4523	87	84.5	22473	1228	19.92431640625
2026-09-13T18:31:01+00:00	torvalds__linux	L	pipeline	47578	4158	56	88.5	22468	1228	20.54248046875
2026-09-13T18:31:16+00:00	torvalds__linux	L	pipeline	47593	4211	60	86.4	22508	1228	21.3984375
2026-09-13T18:31:32+00:00	torvalds__linux	L	pipeline	47608	4171	56	88.1	22519	1228	24.65869140625
2026-09-13T18:31:47+00:00	torvalds__linux	L	pipeline	47623	4125	51	85.8	22677	1228	25.50146484375
2026-09-13T18:32:02+00:00	torvalds__linux	L	pipeline	47638	3735	9	94.4	22566	1228	27.0224609375
2026-09-13T18:32:17+00:00	torvalds__linux	L	pipeline	47653	4067	45	86.6	22555	1227	29.33447265625
2026-09-13T18:32:32+00:00	torvalds__linux	L	pipeline	47668	3987	37	87.4	22420	1227	32.0986328125
2026-09-13T18:32:47+00:00	torvalds__linux	L	pipeline	47683	3936	36	83.5	22815	1227	28.5517578125
2026-09-13T18:33:02+00:00	torvalds__linux	L	pipeline	47698	4320	65	92.0	22518	1227	29.26025390625
2026-09-13T18:33:17+00:00	torvalds__linux	L	pipeline	47713	4015	40	90.9	22604	1227	29.12158203125
2026-09-13T18:33:32+00:00	torvalds__linux	L	pipeline	47728	3795	15	56.0	22388	1227	24.6103515625
2026-09-13T18:33:47+00:00	torvalds__linux	L	pipeline	47743	4047	43	84.1	22748	1227	27.05810546875
2026-09-13T18:34:02+00:00	torvalds__linux	L	pipeline	47758	4008	36	86.5	22425	1227	27.58837890625
2026-09-13T18:34:17+00:00	torvalds__linux	L	pipeline	47773	3941	32	92.0	22448	1227	28.486328125
2026-09-13T18:34:32+00:00	torvalds__linux	L	pipeline	47788	4144	50	91.4	22576	1226	26.13671875
2026-09-13T18:34:47+00:00	torvalds__linux	L	pipeline	47803	3962	33	92.2	22651	1226	27.46728515625
2026-09-13T18:35:02+00:00	torvalds__linux	L	pipeline	47818	3664	3	91.3	22421	1226	28.69970703125
2026-09-13T18:35:17+00:00	torvalds__linux	L	pipeline	47833	3974	36	86.0	22672	1226	29.2958984375
2026-09-13T18:35:32+00:00	torvalds__linux	L	pipeline	47849	3730	9	62.7	22449	1226	25.75634765625
2026-09-13T18:35:47+00:00	torvalds__linux	L	pipeline	47864	4350	68	79.8	22580	1226	26.64208984375
2026-09-13T18:36:02+00:00	torvalds__linux	L	pipeline	47879	3970	37	94.5	22485	1226	29.84033203125
2026-09-13T18:36:17+00:00	torvalds__linux	L	pipeline	47894	3863	25	84.4	22630	1226	28.23095703125
2026-09-13T18:36:33+00:00	torvalds__linux	L	pipeline	47909	3847	24	86.6	22452	1225	27.033203125
2026-09-13T18:36:48+00:00	torvalds__linux	L	pipeline	47924	4254	64	88.2	22439	1225	26.5107421875
2026-09-13T18:37:03+00:00	torvalds__linux	L	pipeline	47939	3874	24	93.1	22393	1225	29.44287109375
2026-09-13T18:37:18+00:00	torvalds__linux	L	pipeline	47954	3977	37	91.7	22508	1225	30.15771484375
2026-09-13T18:37:33+00:00	torvalds__linux	L	pipeline	47969	4011	41	84.0	22554	1225	30.6162109375
2026-09-13T18:37:48+00:00	torvalds__linux	L	pipeline	47984	3835	21	86.7	22691	1225	28.26904296875
2026-09-13T18:38:03+00:00	torvalds__linux	L	pipeline	47999	4045	43	94.2	22466	1225	27.396484375
2026-09-13T18:38:18+00:00	torvalds__linux	L	pipeline	48014	4046	44	91.3	22568	1225	26.62939453125
2026-09-13T18:38:33+00:00	torvalds__linux	L	pipeline	48029	4132	53	90.1	22578	1225	29.1259765625
2026-09-13T18:38:48+00:00	torvalds__linux	L	pipeline	48044	4171	59	92.1	22423	1224	29.4736328125
2026-09-13T18:39:03+00:00	torvalds__linux	L	pipeline	48059	3860	23	89.9	22512	1224	31.2265625
2026-09-13T18:39:18+00:00	torvalds__linux	L	pipeline	48074	4146	54	89.6	22510	1224	31.01171875
2026-09-13T18:39:33+00:00	torvalds__linux	L	pipeline	48089	3997	37	81.0	22410	1224	31.892578125
2026-09-13T18:39:48+00:00	torvalds__linux	L	pipeline	48104	4190	54	81.8	22565	1224	32.0927734375
2026-09-13T18:40:03+00:00	torvalds__linux	L	pipeline	48119	3932	32	85.7	22441	1224	30.35107421875
2026-09-13T18:40:18+00:00	torvalds__linux	L	pipeline	48134	4158	53	87.8	22486	1224	28.25048828125
2026-09-13T18:40:33+00:00	torvalds__linux	L	pipeline	48150	4034	40	82.5	22514	1224	27.8994140625
2026-09-13T18:40:48+00:00	torvalds__linux	L	pipeline	48165	4023	43	93.5	22383	1224	28.05322265625
2026-09-13T18:41:03+00:00	torvalds__linux	L	pipeline	48180	3958	36	90.0	22449	1223	28.33642578125
2026-09-13T18:41:19+00:00	torvalds__linux	L	pipeline	48195	4155	51	86.4	22477	1223	27.55224609375
2026-09-13T18:41:34+00:00	torvalds__linux	L	pipeline	48210	4158	54	90.1	22575	1223	27.0224609375
2026-09-13T18:41:49+00:00	torvalds__linux	L	pipeline	48225	4313	69	91.6	22457	1223	28.08251953125
2026-09-13T18:42:04+00:00	torvalds__linux	L	pipeline	48240	4073	44	60.6	22627	1223	24.4609375
2026-09-13T18:42:19+00:00	torvalds__linux	L	pipeline	48255	4092	49	92.0	22511	1223	24.28173828125
2026-09-13T18:42:34+00:00	torvalds__linux	L	pipeline	48270	4200	55	89.0	22545	1223	25.15771484375
2026-09-13T18:42:49+00:00	torvalds__linux	L	pipeline	48285	4110	50	89.6	22456	1223	26.50927734375
2026-09-13T18:43:04+00:00	torvalds__linux	L	pipeline	48300	3898	29	93.4	22423	1223	27.78125
2026-09-13T18:43:19+00:00	torvalds__linux	L	pipeline	48315	4082	45	88.9	22504	1222	24.888671875
2026-09-13T18:43:34+00:00	torvalds__linux	L	pipeline	48330	3979	31	91.4	22494	1222	23.3173828125
2026-09-13T18:43:49+00:00	torvalds__linux	L	pipeline	48345	4041	43	86.8	22543	1222	22.8154296875
2026-09-13T18:44:04+00:00	torvalds__linux	L	pipeline	48360	3886	21	87.8	22625	1222	22.81298828125
2026-09-13T18:44:19+00:00	torvalds__linux	L	pipeline	48375	4403	72	85.8	22551	1222	21.5732421875
2026-09-13T18:44:34+00:00	torvalds__linux	L	pipeline	48390	4395	69	93.8	22684	1222	24.4814453125
2026-09-13T18:44:49+00:00	torvalds__linux	L	pipeline	48405	4225	59	76.4	22706	1222	23.78955078125
2026-09-13T18:45:04+00:00	torvalds__linux	L	pipeline	48420	4413	75	91.2	22573	1222	24.84716796875
2026-09-13T18:45:19+00:00	torvalds__linux	L	pipeline	48435	4810	99	87.9	22771	1221	24.3740234375
2026-09-13T18:45:34+00:00	torvalds__linux	L	pipeline	48451	4140	51	88.2	22595	1221	24.14794921875
2026-09-13T18:45:49+00:00	torvalds__linux	L	pipeline	48466	4138	52	93.6	22660	1221	25.75439453125
2026-09-13T18:46:04+00:00	torvalds__linux	L	pipeline	48481	4192	55	91.2	22624	1221	25.29736328125
2026-09-13T18:46:19+00:00	torvalds__linux	L	pipeline	48496	3945	27	86.6	22664	1221	25.4140625
2026-09-13T18:46:35+00:00	torvalds__linux	L	pipeline	48511	4215	57	83.3	22673	1221	25.9453125
2026-09-13T18:46:50+00:00	torvalds__linux	L	pipeline	48526	4019	41	92.9	22562	1221	26.56591796875
2026-09-13T18:47:05+00:00	torvalds__linux	L	pipeline	48541	4108	48	91.1	22593	1221	27.02587890625
2026-09-13T18:47:20+00:00	torvalds__linux	L	pipeline	48556	3834	21	74.0	22521	1221	24.69140625
2026-09-13T18:47:35+00:00	torvalds__linux	L	pipeline	48571	3731	9	92.8	22469	1220	27.244140625
2026-09-13T18:47:50+00:00	torvalds__linux	L	pipeline	48586	4369	69	90.2	22775	1220	27.4189453125
2026-09-13T18:48:05+00:00	torvalds__linux	L	pipeline	48601	4054	45	93.0	22579	1220	27.37548828125
2026-09-13T18:48:20+00:00	torvalds__linux	L	pipeline	48616	3998	41	93.3	22512	1220	27.8037109375
2026-09-13T18:48:35+00:00	torvalds__linux	L	pipeline	48631	3994	40	93.0	22684	1220	27.919921875
2026-09-13T18:48:50+00:00	torvalds__linux	L	pipeline	48646	3969	32	83.8	22491	1220	28.61572265625
2026-09-13T18:49:05+00:00	torvalds__linux	L	pipeline	48661	4034	33	87.1	22572	1220	29.0654296875
2026-09-13T18:49:20+00:00	torvalds__linux	L	pipeline	48676	3736	9	80.7	22498	1220	27.0849609375
2026-09-13T18:49:35+00:00	torvalds__linux	L	pipeline	48691	4095	44	87.3	22631	1219	27.39892578125
2026-09-13T18:49:50+00:00	torvalds__linux	L	pipeline	48706	3754	9	83.6	22424	1219	28.11669921875
2026-09-13T18:50:05+00:00	torvalds__linux	L	pipeline	48721	4060	45	90.2	22563	1219	27.150390625
2026-09-13T18:50:20+00:00	torvalds__linux	L	pipeline	48736	4121	47	91.1	22593	1219	29.0224609375
2026-09-13T18:50:35+00:00	torvalds__linux	L	pipeline	48752	4431	81	92.2	22819	1219	28.8154296875
2026-09-13T18:50:50+00:00	torvalds__linux	L	pipeline	48767	4129	51	60.8	22408	1219	25.8974609375
2026-09-13T18:51:05+00:00	torvalds__linux	L	pipeline	48782	4036	43	89.7	22445	1219	26.16845703125
2026-09-13T18:51:21+00:00	torvalds__linux	L	pipeline	48797	4342	72	88.2	22525	1219	27.34716796875
2026-09-13T18:51:36+00:00	torvalds__linux	L	pipeline	48812	4345	69	88.8	22513	1219	25.4814453125
2026-09-13T18:51:51+00:00	torvalds__linux	L	pipeline	48827	4183	55	88.9	22426	1218	26.7294921875
2026-09-13T18:52:06+00:00	torvalds__linux	L	pipeline	48842	3674	3	81.3	22384	1218	27.59765625
2026-09-13T18:52:21+00:00	torvalds__linux	L	pipeline	48857	4372	74	91.8	22628	1218	28.38134765625
2026-09-13T18:52:36+00:00	torvalds__linux	L	pipeline	48872	3842	20	86.5	22479	1218	29.65283203125
2026-09-13T18:52:51+00:00	torvalds__linux	L	pipeline	48887	4324	64	89.1	22600	1218	30.5400390625
2026-09-13T18:53:06+00:00	torvalds__linux	L	pipeline	48902	4358	77	89.2	22549	1218	28.23876953125
2026-09-13T18:53:21+00:00	torvalds__linux	L	pipeline	48917	4455	82	93.6	22596	1218	29.01025390625
2026-09-13T18:53:36+00:00	torvalds__linux	L	pipeline	48932	3939	31	86.8	22609	1218	28.6748046875
2026-09-13T18:53:51+00:00	torvalds__linux	L	pipeline	48947	4442	81	93.3	22820	1217	27.466796875
2026-09-13T18:54:06+00:00	torvalds__linux	L	pipeline	48962	3880	9	86.8	22661	1217	25.14501953125
2026-09-13T18:54:21+00:00	torvalds__linux	L	pipeline	48977	4129	53	85.9	22470	1217	25.37744140625
2026-09-13T18:54:36+00:00	torvalds__linux	L	pipeline	48992	3943	31	87.0	22602	1217	26.3408203125
2026-09-13T18:54:51+00:00	torvalds__linux	L	pipeline	49007	4188	55	53.7	22803	1217	23.0498046875
2026-09-13T18:55:06+00:00	torvalds__linux	L	pipeline	49022	4237	57	90.9	22584	1217	24.34765625
2026-09-13T18:55:21+00:00	torvalds__linux	L	pipeline	49037	3837	28	90.9	22654	1217	22.49267578125
2026-09-13T18:55:36+00:00	torvalds__linux	L	pipeline	49052	4428	81	86.4	22581	1217	23.09619140625
2026-09-13T18:55:51+00:00	torvalds__linux	L	pipeline	49068	3924	27	89.4	22529	1216	24.30078125
2026-09-13T18:56:06+00:00	torvalds__linux	L	pipeline	49083	3932	30	85.2	22581	1216	27.953125
2026-09-13T18:56:21+00:00	torvalds__linux	L	pipeline	49098	4432	77	93.2	22594	1216	28.24560546875
2026-09-13T18:56:36+00:00	torvalds__linux	L	pipeline	49113	4247	64	84.8	22549	1216	26.35595703125
2026-09-13T18:56:52+00:00	torvalds__linux	L	pipeline	49128	3858	21	90.7	22432	1216	26.16650390625
2026-09-13T18:57:07+00:00	torvalds__linux	L	pipeline	49143	3816	19	89.6	22569	1216	29.1748046875
2026-09-13T18:57:22+00:00	torvalds__linux	L	pipeline	49158	3903	25	92.4	22571	1216	29.43603515625
2026-09-13T18:57:37+00:00	torvalds__linux	L	pipeline	49173	4007	43	53.6	22643	1216	25.69921875
2026-09-13T18:57:52+00:00	torvalds__linux	L	pipeline	49188	3944	33	88.7	23158	1216	24.17529296875
2026-09-13T18:58:07+00:00	torvalds__linux	L	pipeline	49203	4110	49	92.0	23159	1216	26.1064453125
2026-09-13T18:58:22+00:00	torvalds__linux	L	pipeline	49218	4191	59	87.9	23671	1215	26.55712890625
2026-09-13T18:58:37+00:00	torvalds__linux	L	pipeline	49233	4150	55	82.5	23682	1215	24.20849609375
2026-09-13T18:58:52+00:00	torvalds__linux	L	pipeline	49248	4264	61	82.7	23658	1215	24.96337890625
2026-09-13T18:59:07+00:00	torvalds__linux	L	pipeline	49263	4296	59	88.5	23670	1215	26.24951171875
2026-09-13T18:59:22+00:00	torvalds__linux	L	pipeline	49278	3724	10	83.7	23570	1215	25.91552734375
2026-09-13T18:59:37+00:00	torvalds__linux	L	pipeline	49293	4278	63	86.9	23596	1215	24.92919921875
2026-09-13T18:59:52+00:00	torvalds__linux	L	pipeline	49308	3795	13	91.4	23463	1215	24.92333984375
2026-09-13T19:00:07+00:00	torvalds__linux	L	pipeline	49323	4386	72	92.1	24652	1215	28.53173828125
2026-09-13T19:00:22+00:00	torvalds__linux	L	pipeline	49338	3920	30	87.8	24478	1214	29.0908203125
2026-09-13T19:00:37+00:00	torvalds__linux	L	pipeline	49354	4364	75	89.1	24610	1214	29.42626953125
2026-09-13T19:00:52+00:00	torvalds__linux	L	pipeline	49369	3778	14	82.6	24351	1214	29.70751953125
2026-09-13T19:01:07+00:00	torvalds__linux	L	pipeline	49384	4128	50	90.0	24444	1214	29.11279296875
2026-09-13T19:01:23+00:00	torvalds__linux	L	pipeline	49399	4184	53	51.2	24580	1214	25.8076171875
2026-09-13T19:01:38+00:00	torvalds__linux	L	pipeline	49414	4249	64	88.2	24595	1214	25.89306640625
2026-09-13T19:01:53+00:00	torvalds__linux	L	pipeline	49429	3919	35	84.6	24741	1214	24.58203125
2026-09-13T19:02:08+00:00	torvalds__linux	L	pipeline	49444	3992	33	83.7	24436	1214	24.44677734375
2026-09-13T19:02:23+00:00	torvalds__linux	L	pipeline	49459	4047	42	87.7	24472	1214	25.73095703125
2026-09-13T19:02:38+00:00	torvalds__linux	L	pipeline	49474	3873	27	85.5	24406	1213	24.873046875
2026-09-13T19:02:53+00:00	torvalds__linux	L	pipeline	49489	3994	36	90.0	24362	1213	26.30322265625
2026-09-13T19:03:08+00:00	torvalds__linux	L	pipeline	49504	4445	79	88.7	24423	1213	28.27880859375
2026-09-13T19:03:23+00:00	torvalds__linux	L	pipeline	49519	3885	28	87.6	24266	1213	29.71240234375
2026-09-13T19:03:38+00:00	torvalds__linux	L	pipeline	49534	3965	35	88.4	24367	1213	29.388671875
2026-09-13T19:03:53+00:00	torvalds__linux	L	pipeline	49549	3989	38	90.2	24318	1213	30.412109375
2026-09-13T19:04:08+00:00	torvalds__linux	L	pipeline	49564	3898	28	86.1	24608	1213	29.22314453125
2026-09-13T19:04:23+00:00	torvalds__linux	L	pipeline	49579	3786	14	88.8	24268	1213	29.89111328125
2026-09-13T19:04:38+00:00	torvalds__linux	L	pipeline	49594	4203	55	46.7	24408	1213	25.88134765625
2026-09-13T19:04:53+00:00	torvalds__linux	L	pipeline	49609	3854	24	83.6	24449	1212	25.31640625
2026-09-13T19:05:08+00:00	torvalds__linux	L	pipeline	49624	4481	79	83.9	24745	1212	24.54443359375
2026-09-13T19:05:23+00:00	torvalds__linux	L	pipeline	49640	3792	16	85.0	24290	1212	26.923828125
2026-09-13T19:05:38+00:00	torvalds__linux	L	pipeline	49655	4196	57	84.4	24503	1212	27.458984375
2026-09-13T19:05:53+00:00	torvalds__linux	L	pipeline	49670	3672	3	89.6	24302	1212	27.61865234375
2026-09-13T19:06:09+00:00	torvalds__linux	L	pipeline	49685	3996	38	87.2	24791	1212	26.63623046875
2026-09-13T19:06:24+00:00	torvalds__linux	L	pipeline	49700	3990	40	87.2	24445	1212	25.404296875
2026-09-13T19:06:39+00:00	torvalds__linux	L	pipeline	49715	4221	58	91.8	24507	1212	27.80419921875
2026-09-13T19:06:54+00:00	torvalds__linux	L	pipeline	49730	4158	53	90.5	24376	1212	27.1962890625
2026-09-13T19:07:09+00:00	torvalds__linux	L	pipeline	49745	3798	16	83.8	24396	1212	27.3779296875
2026-09-13T19:07:24+00:00	torvalds__linux	L	pipeline	49760	3996	39	83.6	24360	1211	27.57666015625
2026-09-13T19:07:39+00:00	torvalds__linux	L	pipeline	49775	3993	40	78.1	24321	1211	25.71435546875
2026-09-13T19:07:54+00:00	torvalds__linux	L	pipeline	49790	4197	58	90.1	24552	1211	24.80419921875
2026-09-13T19:08:09+00:00	torvalds__linux	L	pipeline	49805	4432	81	76.4	24780	1211	24.583984375
2026-09-13T19:08:24+00:00	torvalds__linux	L	pipeline	49820	4560	88	91.0	24534	1211	26.455078125
2026-09-13T19:08:39+00:00	torvalds__linux	L	pipeline	49835	4033	40	88.3	24511	1211	27.14697265625
2026-09-13T19:08:54+00:00	torvalds__linux	L	pipeline	49850	3890	29	92.7	24385	1211	28.8759765625
2026-09-13T19:09:09+00:00	torvalds__linux	L	pipeline	49865	3976	36	88.5	24341	1211	28.87939453125
2026-09-13T19:09:24+00:00	torvalds__linux	L	pipeline	49881	4213	62	90.7	24351	1211	27.7275390625
2026-09-13T19:09:39+00:00	torvalds__linux	L	pipeline	49896	3889	25	82.5	24414	1210	25.5576171875
2026-09-13T19:09:54+00:00	torvalds__linux	L	pipeline	49911	4211	57	94.5	24371	1210	26.98095703125
2026-09-13T19:10:09+00:00	torvalds__linux	L	pipeline	49926	3857	27	83.3	23625	1210	24.81201171875
2026-09-13T19:10:25+00:00	torvalds__linux	L	pipeline	49941	4197	60	82.6	23598	1210	25.91943359375
2026-09-13T19:10:40+00:00	torvalds__linux	L	pipeline	49956	4031	38	59.7	23611	1210	24.3642578125
2026-09-13T19:10:55+00:00	torvalds__linux	L	pipeline	49971	4059	47	89.8	23635	1210	25.7314453125
2026-09-13T19:11:10+00:00	torvalds__linux	L	pipeline	49986	4004	37	92.8	23642	1210	28.08154296875
2026-09-13T19:11:25+00:00	torvalds__linux	L	pipeline	50001	4359	71	83.2	23796	1210	26.15478515625
2026-09-13T19:11:40+00:00	torvalds__linux	L	pipeline	50016	4074	44	90.3	23747	1210	24.7705078125
2026-09-13T19:11:55+00:00	torvalds__linux	L	pipeline	50031	3963	33	85.3	23446	1209	25.39501953125
2026-09-13T19:12:10+00:00	torvalds__linux	L	pipeline	50046	3984	36	88.0	23390	1209	26.5830078125
2026-09-13T19:12:25+00:00	torvalds__linux	L	pipeline	50061	4082	48	84.8	23576	1209	25.82373046875
2026-09-13T19:12:40+00:00	torvalds__linux	L	pipeline	50076	3981	36	92.9	23514	1209	26.69482421875
2026-09-13T19:12:55+00:00	torvalds__linux	L	pipeline	50091	4019	36	92.2	23524	1209	26.85546875
2026-09-13T19:13:10+00:00	torvalds__linux	L	pipeline	50106	3844	20	80.7	23369	1209	26.09765625
2026-09-13T19:13:25+00:00	torvalds__linux	L	pipeline	50121	4274	65	84.7	23529	1209	25.45361328125
2026-09-13T19:13:40+00:00	torvalds__linux	L	pipeline	50136	4500	71	85.0	23646	1208	25.6259765625
2026-09-13T19:13:55+00:00	torvalds__linux	L	pipeline	50152	4389	71	92.9	23527	1208	26.47705078125
2026-09-13T19:14:10+00:00	torvalds__linux	L	pipeline	50167	3747	10	82.7	23293	1208	26.125
2026-09-13T19:14:25+00:00	torvalds__linux	L	pipeline	50182	4232	59	84.7	23600	1208	25.96142578125
2026-09-13T19:14:40+00:00	torvalds__linux	L	pipeline	50197	4146	52	84.9	23484	1208	26.43798828125
2026-09-13T19:14:55+00:00	torvalds__linux	L	pipeline	50212	3879	27	82.3	23347	1208	24.21484375
2026-09-13T19:15:11+00:00	torvalds__linux	L	pipeline	50227	3865	25	90.5	23963	1208	25.14111328125
2026-09-13T19:15:26+00:00	torvalds__linux	L	pipeline	50242	3836	18	90.8	23719	1208	27.83740234375
2026-09-13T19:15:41+00:00	torvalds__linux	L	pipeline	50257	3854	19	88.7	23498	1208	28.00244140625
2026-09-13T19:15:56+00:00	torvalds__linux	L	pipeline	50272	4047	41	88.1	23501	1207	26.60302734375
2026-09-13T19:16:11+00:00	torvalds__linux	L	pipeline	50287	4125	47	86.6	23927	1207	26.29736328125
2026-09-13T19:16:26+00:00	torvalds__linux	L	pipeline	50302	4216	56	82.2	23618	1207	28.7060546875
2026-09-13T19:16:41+00:00	torvalds__linux	L	pipeline	50317	4086	49	89.2	23647	1207	28.10400390625
2026-09-13T19:16:56+00:00	torvalds__linux	L	pipeline	50332	3863	22	89.6	23529	1207	26.0361328125
2026-09-13T19:17:11+00:00	torvalds__linux	L	pipeline	50347	4083	47	89.7	24010	1207	26.3984375
2026-09-13T19:17:26+00:00	torvalds__linux	L	pipeline	50362	3882	27	87.3	23646	1207	29.16552734375
2026-09-13T19:17:41+00:00	torvalds__linux	L	pipeline	50377	3725	9	79.5	23534	1207	29.13916015625
2026-09-13T19:17:56+00:00	torvalds__linux	L	pipeline	50392	3938	31	89.8	23465	1207	32.45263671875
2026-09-13T19:18:11+00:00	torvalds__linux	L	pipeline	50407	4118	54	81.7	23816	1206	29.58740234375
2026-09-13T19:18:26+00:00	torvalds__linux	L	pipeline	50422	4418	77	79.4	23654	1206	30.24560546875
2026-09-13T19:18:41+00:00	torvalds__linux	L	pipeline	50437	4193	55	88.9	23585	1206	28.501953125
2026-09-13T19:18:56+00:00	torvalds__linux	L	pipeline	50452	3957	32	85.2	23515	1206	30.05029296875
2026-09-13T19:19:11+00:00	torvalds__linux	L	pipeline	50468	3957	31	71.5	23537	1206	27.0712890625
2026-09-13T19:19:26+00:00	torvalds__linux	L	pipeline	50483	3787	15	75.2	23503	1206	24.11572265625
2026-09-13T19:19:41+00:00	torvalds__linux	L	pipeline	50498	3861	26	88.0	23567	1206	25.16796875
2026-09-13T19:19:57+00:00	torvalds__linux	L	pipeline	50513	4209	56	91.8	23748	1206	25.6044921875
2026-09-13T19:20:12+00:00	torvalds__linux	L	pipeline	50528	3923	29	79.5	23665	1205	26.77587890625
2026-09-13T19:20:27+00:00	torvalds__linux	L	pipeline	50543	4804	99	85.8	23770	1205	28.7724609375
2026-09-13T19:20:42+00:00	torvalds__linux	L	pipeline	50558	3881	22	76.4	23482	1205	28.544921875
2026-09-13T19:20:57+00:00	torvalds__linux	L	pipeline	50573	3761	12	90.5	23307	1205	27.27880859375
2026-09-13T19:21:12+00:00	torvalds__linux	L	pipeline	50588	3708	6	80.4	23336	1205	25.87939453125
2026-09-13T19:21:27+00:00	torvalds__linux	L	pipeline	50603	4526	82	84.4	23666	1205	25.16796875
2026-09-13T19:21:42+00:00	torvalds__linux	L	pipeline	50618	4027	41	92.4	23663	1205	26.3447265625
2026-09-13T19:21:57+00:00	torvalds__linux	L	pipeline	50633	3916	25	86.8	23632	1205	26.69873046875
2026-09-13T19:22:12+00:00	torvalds__linux	L	pipeline	50648	4081	49	86.8	23426	1205	23.826171875
2026-09-13T19:22:27+00:00	torvalds__linux	L	pipeline	50663	3794	15	82.2	23618	1204	24.60888671875
2026-09-13T19:22:42+00:00	torvalds__linux	L	pipeline	50678	3901	21	84.7	23553	1204	23.125
2026-09-13T19:22:57+00:00	torvalds__linux	L	pipeline	50693	3939	31	88.4	23512	1204	21.90869140625
2026-09-13T19:23:12+00:00	torvalds__linux	L	pipeline	50708	4029	41	87.1	23839	1204	24.62060546875
2026-09-13T19:23:27+00:00	torvalds__linux	L	pipeline	50723	3802	15	89.2	23712	1204	25.5869140625
2026-09-13T19:23:42+00:00	torvalds__linux	L	pipeline	50738	3772	9	80.4	23657	1204	24.26611328125
2026-09-13T19:23:57+00:00	torvalds__linux	L	pipeline	50753	4006	44	76.0	23517	1204	21.11376953125
2026-09-13T19:24:12+00:00	torvalds__linux	L	pipeline	50768	3688	4	77.3	23418	1204	20.31494140625
2026-09-13T19:24:27+00:00	torvalds__linux	L	pipeline	50784	4337	69	83.3	23639	1204	22.484375
2026-09-13T19:24:42+00:00	torvalds__linux	L	pipeline	50799	3681	3	88.0	23552	1203	24.29736328125
2026-09-13T19:24:57+00:00	torvalds__linux	L	pipeline	50814	3691	4	81.0	23522	1203	25.0
2026-09-13T19:25:12+00:00	torvalds__linux	L	pipeline	50829	3681	3	93.1	23521	1203	27.07568359375
2026-09-13T19:25:27+00:00	torvalds__linux	L	pipeline	50844	4178	57	88.7	23643	1203	24.9638671875
2026-09-13T19:25:43+00:00	torvalds__linux	L	pipeline	50859	3692	4	87.2	23505	1203	27.10400390625
2026-09-13T19:25:58+00:00	torvalds__linux	L	pipeline	50874	3941	31	56.7	23556	1203	21.60986328125
2026-09-13T19:26:13+00:00	torvalds__linux	L	pipeline	50889	4197	56	92.8	23985	1203	22.66259765625
2026-09-13T19:26:28+00:00	torvalds__linux	L	pipeline	50904	3681	3	83.9	23553	1203	24.92041015625
2026-09-13T19:26:43+00:00	torvalds__linux	L	pipeline	50919	3829	18	83.5	23581	1203	22.12744140625
2026-09-13T19:26:58+00:00	torvalds__linux	L	pipeline	50934	4316	69	84.0	23540	1202	21.88818359375
2026-09-13T19:27:13+00:00	torvalds__linux	L	pipeline	50949	4184	52	87.5	23951	1202	22.150390625
2026-09-13T19:27:28+00:00	torvalds__linux	L	pipeline	50964	4408	78	70.8	23950	1202	22.8505859375
2026-09-13T19:27:43+00:00	torvalds__linux	L	pipeline	50979	3993	36	77.7	23502	1202	23.56005859375
2026-09-13T19:27:58+00:00	torvalds__linux	L	pipeline	50994	3860	17	88.5	23530	1202	23.287109375
2026-09-13T19:28:13+00:00	torvalds__linux	L	pipeline	51009	4341	71	86.8	23582	1202	25.1162109375
2026-09-13T19:28:28+00:00	torvalds__linux	L	pipeline	51024	3776	13	90.7	23578	1202	24.966796875
2026-09-13T19:28:43+00:00	torvalds__linux	L	pipeline	51039	3867	21	91.8	23500	1202	26.4228515625
2026-09-13T19:28:58+00:00	torvalds__linux	L	pipeline	51054	3927	30	83.0	23513	1201	27.017578125
2026-09-13T19:29:13+00:00	torvalds__linux	L	pipeline	51069	4083	32	92.4	23603	1201	25.8681640625
2026-09-13T19:29:28+00:00	torvalds__linux	L	pipeline	51084	3932	28	87.1	23756	1201	28.5068359375
2026-09-13T19:29:43+00:00	torvalds__linux	L	pipeline	51099	3799	14	82.8	23664	1201	24.58837890625
2026-09-13T19:29:58+00:00	torvalds__linux	L	pipeline	51114	3843	19	81.1	23503	1201	21.04541015625
2026-09-13T19:30:13+00:00	torvalds__linux	L	pipeline	51130	3746	9	50.0	23677	1201	17.76220703125
2026-09-13T19:30:28+00:00	torvalds__linux	L	pipeline	51145	3928	32	81.5	23733	1201	19.47802734375
2026-09-13T19:30:43+00:00	torvalds__linux	L	pipeline	51160	3681	3	88.0	23735	1201	23.4580078125
2026-09-13T19:30:58+00:00	torvalds__linux	L	pipeline	51175	4483	79	86.4	23778	1201	25.0751953125
2026-09-13T19:31:14+00:00	torvalds__linux	L	pipeline	51190	3922	32	89.4	23544	1200	23.12939453125
2026-09-13T19:31:29+00:00	torvalds__linux	L	pipeline	51205	4070	46	84.9	23687	1200	23.4873046875
2026-09-13T19:31:44+00:00	torvalds__linux	L	pipeline	51220	4248	59	89.1	23720	1200	25.20166015625
2026-09-13T19:31:59+00:00	torvalds__linux	L	pipeline	51235	4238	56	85.2	23597	1200	24.47119140625
2026-09-13T19:32:14+00:00	torvalds__linux	L	pipeline	51250	4189	56	90.6	23621	1200	26.904296875
2026-09-13T19:32:29+00:00	torvalds__linux	L	pipeline	51265	4134	50	89.4	23682	1200	27.7880859375
2026-09-13T19:32:44+00:00	torvalds__linux	L	pipeline	51280	3774	13	82.7	23564	1200	27.1884765625
2026-09-13T19:32:59+00:00	torvalds__linux	L	pipeline	51295	4002	37	77.3	23507	1200	27.6611328125
2026-09-13T19:33:14+00:00	torvalds__linux	L	pipeline	51310	4477	79	78.0	23742	1200	26.322265625
2026-09-13T19:33:29+00:00	torvalds__linux	L	pipeline	51325	4177	53	89.8	23854	1199	27.19287109375
2026-09-13T19:33:44+00:00	torvalds__linux	L	pipeline	51340	3961	33	89.6	23730	1199	28.041015625
2026-09-13T19:33:59+00:00	torvalds__linux	L	pipeline	51355	3989	36	88.2	23637	1199	28.15576171875
2026-09-13T19:34:14+00:00	torvalds__linux	L	pipeline	51370	4006	39	85.1	23694	1199	27.33837890625
2026-09-13T19:34:29+00:00	torvalds__linux	L	pipeline	51385	4608	84	88.4	23800	1199	27.56494140625
2026-09-13T19:34:44+00:00	torvalds__linux	L	pipeline	51400	4267	60	92.1	23694	1199	27.908203125
2026-09-13T19:34:59+00:00	torvalds__linux	L	pipeline	51416	4142	54	92.0	23526	1199	27.927734375
2026-09-13T19:35:14+00:00	torvalds__linux	L	pipeline	51431	4210	54	88.2	23622	1199	27.71337890625
2026-09-13T19:35:29+00:00	torvalds__linux	L	pipeline	51446	4121	49	90.4	23779	1199	24.85546875
2026-09-13T19:35:44+00:00	torvalds__linux	L	pipeline	51461	4052	43	92.1	23703	1198	26.57275390625
2026-09-13T19:36:00+00:00	torvalds__linux	L	pipeline	51476	4137	45	86.3	23707	1198	26.84033203125
2026-09-13T19:36:15+00:00	torvalds__linux	L	pipeline	51491	4116	50	84.8	23580	1198	25.94677734375
2026-09-13T19:36:30+00:00	torvalds__linux	L	pipeline	51506	4114	49	87.2	23630	1198	28.64501953125
2026-09-13T19:36:45+00:00	torvalds__linux	L	pipeline	51521	4028	40	85.3	23725	1198	24.70751953125
2026-09-13T19:37:00+00:00	torvalds__linux	L	pipeline	51536	4136	51	86.8	23681	1198	25.234375
2026-09-13T19:37:15+00:00	torvalds__linux	L	pipeline	51551	4165	55	90.6	23567	1198	24.3671875
2026-09-13T19:37:30+00:00	torvalds__linux	L	pipeline	51566	3839	19	80.4	23545	1197	21.7470703125
2026-09-13T19:37:45+00:00	torvalds__linux	L	pipeline	51581	4291	62	77.1	23661	1197	23.7158203125
2026-09-13T19:38:00+00:00	torvalds__linux	L	pipeline	51596	4000	38	69.0	23649	1197	22.7978515625
2026-09-13T19:38:15+00:00	torvalds__linux	L	pipeline	51611	3878	9	82.0	23725	1197	23.54931640625
2026-09-13T19:38:30+00:00	torvalds__linux	L	pipeline	51626	3755	11	81.6	23611	1197	24.30029296875
2026-09-13T19:38:45+00:00	torvalds__linux	L	pipeline	51641	3823	17	85.1	23932	1197	25.478515625
2026-09-13T19:39:00+00:00	torvalds__linux	L	pipeline	51656	4063	45	88.5	23540	1197	25.890625
2026-09-13T19:39:15+00:00	torvalds__linux	L	pipeline	51671	4082	47	88.5	23721	1197	26.646484375
2026-09-13T19:39:30+00:00	torvalds__linux	L	pipeline	51686	3964	30	86.4	23630	1197	28.29248046875
2026-09-13T19:39:45+00:00	torvalds__linux	L	pipeline	51701	4030	42	83.0	23984	1196	26.810546875
2026-09-13T19:40:00+00:00	torvalds__linux	L	pipeline	51716	3979	32	91.1	23622	1196	27.99658203125
2026-09-13T19:40:15+00:00	torvalds__linux	L	pipeline	51732	4143	51	79.0	23647	1196	27.8056640625
2026-09-13T19:40:30+00:00	torvalds__linux	L	pipeline	51747	4256	60	87.3	23685	1196	28.64208984375
2026-09-13T19:40:45+00:00	torvalds__linux	L	pipeline	51762	4169	57	83.9	23949	1196	25.54248046875
2026-09-13T19:41:00+00:00	torvalds__linux	L	pipeline	51777	3951	32	86.0	23644	1196	26.32763671875
2026-09-13T19:41:16+00:00	torvalds__linux	L	pipeline	51792	3992	37	86.6	23560	1196	26.23779296875
2026-09-13T19:41:31+00:00	torvalds__linux	L	pipeline	51807	4498	78	84.2	23815	1196	26.37744140625
2026-09-13T19:41:46+00:00	torvalds__linux	L	pipeline	51822	4131	53	86.4	23964	1196	27.64794921875
2026-09-13T19:42:01+00:00	torvalds__linux	L	pipeline	51837	3833	18	87.9	23711	1195	26.72802734375
2026-09-13T19:42:16+00:00	torvalds__linux	L	pipeline	51852	4149	52	82.1	23585	1195	26.13818359375
2026-09-13T19:42:31+00:00	torvalds__linux	L	pipeline	51867	3695	9	82.2	23385	1195	26.18017578125
2026-09-13T19:42:46+00:00	torvalds__linux	L	pipeline	51882	4255	61	84.6	23739	1195	26.78125
2026-09-13T19:43:01+00:00	torvalds__linux	L	pipeline	51897	4414	74	93.2	23775	1195	25.73193359375
2026-09-13T19:43:16+00:00	torvalds__linux	L	pipeline	51912	3698	5	82.2	23619	1195	23.24853515625
2026-09-13T19:43:31+00:00	torvalds__linux	L	pipeline	51927	4014	36	90.8	23587	1195	24.58349609375
2026-09-13T19:43:46+00:00	torvalds__linux	L	pipeline	51942	3927	26	91.6	23986	1194	26.27685546875
2026-09-13T19:44:01+00:00	torvalds__linux	L	pipeline	51957	4208	54	78.9	23694	1194	24.93798828125
2026-09-13T19:44:16+00:00	torvalds__linux	L	pipeline	51972	4115	48	90.9	23635	1194	26.244140625
2026-09-13T19:44:31+00:00	torvalds__linux	L	pipeline	51987	4257	64	83.1	23693	1194	26.41796875
2026-09-13T19:44:46+00:00	torvalds__linux	L	pipeline	52002	4063	48	75.2	23629	1194	24.6005859375
2026-09-13T19:45:01+00:00	torvalds__linux	L	pipeline	52018	4281	64	95.5	23650	1194	25.95166015625
2026-09-13T19:45:16+00:00	torvalds__linux	L	pipeline	52033	4229	61	94.9	23592	1194	29.5068359375
2026-09-13T19:45:31+00:00	torvalds__linux	L	pipeline	52048	4073	47	94.3	23660	1194	28.50830078125
2026-09-13T19:45:47+00:00	torvalds__linux	L	pipeline	52063	4127	49	94.6	23630	1194	30.50830078125
2026-09-13T19:46:02+00:00	torvalds__linux	L	pipeline	52078	4083	47	94.9	23775	1194	30.84228515625
2026-09-13T19:46:17+00:00	torvalds__linux	L	pipeline	52093	4079	46	94.6	23597	1194	31.85498046875
2026-09-13T19:46:32+00:00	torvalds__linux	L	pipeline	52108	4256	64	94.6	23719	1193	32.21875
2026-09-13T19:46:47+00:00	torvalds__linux	L	pipeline	52123	3906	32	94.8	23581	1193	32.30078125
2026-09-13T19:47:02+00:00	torvalds__linux	L	pipeline	52138	4104	44	94.8	23694	1193	32.08056640625
2026-09-13T19:47:17+00:00	torvalds__linux	L	pipeline	52153	4164	51	95.3	23715	1193	34.0546875
2026-09-13T19:47:32+00:00	torvalds__linux	L	pipeline	52168	4061	45	95.3	23756	1193	33.7431640625
2026-09-13T19:47:47+00:00	torvalds__linux	L	pipeline	52183	3998	36	95.1	24022	1193	33.54150390625
2026-09-13T19:48:02+00:00	torvalds__linux	L	pipeline	52198	4101	47	95.0	23613	1193	33.46826171875
2026-09-13T19:48:17+00:00	torvalds__linux	L	pipeline	52213	4145	53	94.9	23951	1193	34.103515625
2026-09-13T19:48:32+00:00	torvalds__linux	L	pipeline	52228	4065	42	94.9	23666	1193	33.53564453125
2026-09-13T19:48:47+00:00	torvalds__linux	L	pipeline	52243	4285	65	95.1	23636	1193	33.23974609375
2026-09-13T19:49:02+00:00	torvalds__linux	L	pipeline	52258	4314	65	95.1	23731	1193	31.69873046875
2026-09-13T19:49:17+00:00	torvalds__linux	L	pipeline	52273	4343	68	57.3	24082	1192	28.662109375
2026-09-13T19:49:32+00:00	torvalds__linux	L	pipeline	52288	3958	9	89.0	23809	1192	26.75732421875
2026-09-13T19:49:47+00:00	torvalds__linux	L	pipeline	52304	4304	66	76.9	24060	1192	27.49853515625
2026-09-13T19:50:02+00:00	torvalds__linux	L	pipeline	52319	4134	49	92.5	23695	1192	27.43017578125
2026-09-13T19:50:17+00:00	torvalds__linux	L	pipeline	52334	3773	9	83.9	23560	1192	25.8984375
2026-09-13T19:50:33+00:00	torvalds__linux	L	pipeline	52349	4540	75	85.5	23831	1192	27.49658203125
2026-09-13T19:50:48+00:00	torvalds__linux	L	pipeline	52364	3762	10	77.3	23724	1192	28.39892578125
2026-09-13T19:51:03+00:00	torvalds__linux	L	pipeline	52379	3856	20	88.6	23527	1191	27.8193359375
2026-09-13T19:51:18+00:00	torvalds__linux	L	pipeline	52394	3987	32	86.0	23715	1191	28.09423828125
2026-09-13T19:51:33+00:00	torvalds__linux	L	pipeline	52409	4111	51	70.9	23622	1191	29.39013671875
2026-09-13T19:51:48+00:00	torvalds__linux	L	pipeline	52424	4038	40	89.4	23569	1191	27.90478515625
2026-09-13T19:52:03+00:00	torvalds__linux	L	pipeline	52439	4106	43	85.7	23632	1191	28.0595703125
2026-09-13T19:52:18+00:00	torvalds__linux	L	pipeline	52454	4164	51	75.8	23934	1191	26.8603515625
2026-09-13T19:52:33+00:00	torvalds__linux	L	pipeline	52469	4531	77	82.7	23837	1191	26.37646484375
2026-09-13T19:52:48+00:00	torvalds__linux	L	pipeline	52484	4137	47	84.8	23613	1191	27.13232421875
2026-09-13T19:53:03+00:00	torvalds__linux	L	pipeline	52499	4306	66	86.9	23649	1190	26.7626953125
2026-09-13T19:53:18+00:00	torvalds__linux	L	pipeline	52514	4194	58	87.8	23683	1190	26.56640625
2026-09-13T19:53:33+00:00	torvalds__linux	L	pipeline	52529	3740	7	48.3	23451	1190	21.671875
2026-09-13T19:53:48+00:00	torvalds__linux	L	pipeline	52544	3830	15	84.2	23891	1190	23.05322265625
2026-09-13T19:54:03+00:00	torvalds__linux	L	pipeline	52559	4188	57	83.6	23655	1190	25.54638671875
2026-09-13T19:54:18+00:00	torvalds__linux	L	pipeline	52575	4577	75	80.2	23812	1190	25.65185546875
2026-09-13T19:54:33+00:00	torvalds__linux	L	pipeline	52590	3820	16	72.9	23586	1190	25.78515625
2026-09-13T19:54:48+00:00	torvalds__linux	L	pipeline	52605	4049	39	78.4	23615	1190	26.93212890625
2026-09-13T19:55:03+00:00	torvalds__linux	L	pipeline	52620	4003	33	89.4	23749	1190	27.9990234375
2026-09-13T19:55:19+00:00	torvalds__linux	L	pipeline	52635	4192	53	89.4	23661	1190	28.5673828125
2026-09-13T19:55:34+00:00	torvalds__linux	L	pipeline	52650	3735	7	80.0	23635	1189	25.94580078125
2026-09-13T19:55:49+00:00	torvalds__linux	L	pipeline	52665	3944	31	90.9	24055	1189	27.3388671875
2026-09-13T19:56:04+00:00	torvalds__linux	L	pipeline	52680	3951	31	87.0	23610	1189	28.51953125
2026-09-13T19:56:19+00:00	torvalds__linux	L	pipeline	52695	4750	66	93.0	24030	1189	29.208984375
2026-09-13T19:56:34+00:00	torvalds__linux	L	pipeline	52710	3768	9	87.4	23493	1189	27.61474609375
2026-09-13T19:56:49+00:00	torvalds__linux	L	pipeline	52725	4164	49	83.0	24118	1189	27.82177734375
2026-09-13T19:57:04+00:00	torvalds__linux	L	pipeline	52740	4115	49	93.6	23721	1189	28.38525390625
2026-09-13T19:57:19+00:00	torvalds__linux	L	pipeline	52755	4222	54	91.0	23719	1189	29.615234375
2026-09-13T19:57:34+00:00	torvalds__linux	L	pipeline	52770	3768	10	84.2	23818	1188	29.38671875
2026-09-13T19:57:49+00:00	torvalds__linux	L	pipeline	52785	4059	39	83.2	24070	1188	27.8310546875
2026-09-13T19:58:04+00:00	torvalds__linux	L	pipeline	52800	3703	3	82.0	23447	1188	25.9267578125
2026-09-13T19:58:19+00:00	torvalds__linux	L	pipeline	52815	4358	73	82.6	23681	1188	29.90625
2026-09-13T19:58:34+00:00	torvalds__linux	L	pipeline	52830	4119	46	86.6	23606	1188	30.1015625
2026-09-13T19:58:49+00:00	torvalds__linux	L	pipeline	52845	4038	43	90.5	24069	1188	28.5703125
2026-09-13T19:59:04+00:00	torvalds__linux	L	pipeline	52860	3811	15	88.9	23706	1188	28.73291015625
2026-09-13T19:59:19+00:00	torvalds__linux	L	pipeline	52875	4240	59	74.9	23536	1188	25.28125
2026-09-13T19:59:34+00:00	torvalds__linux	L	pipeline	52891	4543	78	76.9	23801	1187	23.59130859375
2026-09-13T19:59:49+00:00	torvalds__linux	L	pipeline	52906	4327	65	87.6	23605	1187	25.43359375
2026-09-13T20:00:04+00:00	torvalds__linux	L	pipeline	52921	4154	51	83.2	23712	1187	25.958984375
2026-09-13T20:00:19+00:00	torvalds__linux	L	pipeline	52936	4065	42	93.0	23615	1187	27.4208984375
2026-09-13T20:00:35+00:00	torvalds__linux	L	pipeline	52951	4075	42	92.4	23722	1187	27.73291015625
2026-09-13T20:00:50+00:00	torvalds__linux	L	pipeline	52966	4296	64	89.8	24066	1187	27.3740234375
2026-09-13T20:01:05+00:00	torvalds__linux	L	pipeline	52981	3731	6	88.0	23593	1187	28.2607421875
2026-09-13T20:01:20+00:00	torvalds__linux	L	pipeline	52996	4049	42	89.3	23895	1187	28.005859375
2026-09-13T20:01:35+00:00	torvalds__linux	L	pipeline	53011	6367	90	90.2	25225	1186	28.3125
2026-09-13T20:01:50+00:00	torvalds__linux	L	pipeline	53026	4287	62	46.0	23737	1186	24.41796875
2026-09-13T20:02:05+00:00	torvalds__linux	L	pipeline	53041	4002	31	91.7	23703	1186	25.662109375
2026-09-13T20:02:20+00:00	torvalds__linux	L	pipeline	53056	3819	12	83.8	23695	1186	24.947265625
2026-09-13T20:02:35+00:00	torvalds__linux	L	pipeline	53071	4424	73	85.6	23843	1186	25.72998046875
2026-09-13T20:02:50+00:00	torvalds__linux	L	pipeline	53086	4086	44	89.8	23770	1186	25.2119140625
2026-09-13T20:03:05+00:00	torvalds__linux	L	pipeline	53101	4212	57	92.3	23812	1186	28.07080078125
2026-09-13T20:03:20+00:00	torvalds__linux	L	pipeline	53116	4227	53	89.4	23853	1186	27.5693359375
2026-09-13T20:03:35+00:00	torvalds__linux	L	pipeline	53131	4001	34	83.9	23964	1185	27.34521484375
2026-09-13T20:03:50+00:00	torvalds__linux	L	pipeline	53146	3992	32	90.8	23956	1185	28.3974609375
2026-09-13T20:04:05+00:00	torvalds__linux	L	pipeline	53161	3852	17	91.5	23529	1185	28.5625
2026-09-13T20:04:20+00:00	torvalds__linux	L	pipeline	53176	3790	10	87.8	23914	1185	27.51953125
2026-09-13T20:04:35+00:00	torvalds__linux	L	pipeline	53191	4062	41	82.0	23652	1185	27.45947265625
2026-09-13T20:04:50+00:00	torvalds__linux	L	pipeline	53207	3977	30	84.1	23462	1185	28.7275390625
2026-09-13T20:05:05+00:00	torvalds__linux	L	pipeline	53222	3813	9	87.2	23662	1185	27.14794921875
2026-09-13T20:05:20+00:00	torvalds__linux	L	pipeline	53237	4188	51	86.7	23489	1185	26.380859375
2026-09-13T20:05:36+00:00	torvalds__linux	L	pipeline	53252	4305	49	93.4	23750	1185	26.37158203125
2026-09-13T20:05:51+00:00	torvalds__linux	L	pipeline	53267	4016	32	92.6	23858	1184	29.56103515625
2026-09-13T20:06:06+00:00	torvalds__linux	L	pipeline	53282	4030	36	85.6	23453	1184	28.61279296875
2026-09-13T20:06:21+00:00	torvalds__linux	L	pipeline	53297	4320	60	76.9	23555	1184	25.61767578125
2026-09-13T20:06:36+00:00	torvalds__linux	L	pipeline	53312	3946	27	88.2	23627	1184	25.45263671875
2026-09-13T20:06:51+00:00	torvalds__linux	L	pipeline	53327	4157	50	89.1	23533	1184	26.82470703125
2026-09-13T20:07:06+00:00	torvalds__linux	L	pipeline	53342	4371	68	89.8	23562	1184	27.07861328125
2026-09-13T20:07:21+00:00	torvalds__linux	L	pipeline	53357	4110	47	84.5	23618	1184	28.71337890625
2026-09-13T20:07:36+00:00	torvalds__linux	L	pipeline	53372	3879	16	89.9	23385	1184	28.4814453125
2026-09-13T20:07:51+00:00	torvalds__linux	L	pipeline	53387	3865	15	89.3	23395	1183	28.8115234375
2026-09-13T20:08:06+00:00	torvalds__linux	L	pipeline	53402	3925	22	89.1	23488	1183	28.80908203125
2026-09-13T20:08:21+00:00	torvalds__linux	L	pipeline	53417	3751	6	83.2	23552	1183	30.8740234375
2026-09-13T20:08:36+00:00	torvalds__linux	L	pipeline	53432	4072	37	88.9	23502	1183	29.28173828125
2026-09-13T20:08:51+00:00	torvalds__linux	L	pipeline	53447	3851	15	56.1	23483	1183	28.779296875
2026-09-13T20:09:06+00:00	torvalds__linux	L	pipeline	53462	3724	3	88.3	23401	1183	28.9150390625
2026-09-13T20:09:21+00:00	torvalds__linux	L	pipeline	53477	4261	55	92.7	23548	1183	29.30419921875
2026-09-13T20:09:36+00:00	torvalds__linux	L	pipeline	53492	3754	6	79.2	23388	1183	24.85009765625
2026-09-13T20:09:51+00:00	torvalds__linux	L	pipeline	53507	3888	20	86.1	23535	1183	26.9072265625
2026-09-13T20:10:06+00:00	torvalds__linux	L	pipeline	53523	4114	42	93.2	23710	1183	27.95751953125
2026-09-13T20:10:21+00:00	torvalds__linux	L	pipeline	53538	4070	41	86.6	23501	1182	27.322265625
2026-09-13T20:10:36+00:00	torvalds__linux	L	pipeline	53553	3939	28	91.8	23642	1182	27.2080078125
2026-09-13T20:10:51+00:00	torvalds__linux	L	pipeline	53568	3725	3	92.5	23759	1182	28.66943359375
2026-09-13T20:11:07+00:00	torvalds__linux	L	pipeline	53583	4412	61	75.2	23753	1182	27.9296875
2026-09-13T20:11:22+00:00	torvalds__linux	L	pipeline	53598	4165	47	87.8	23934	1182	28.296875
2026-09-13T20:11:37+00:00	torvalds__linux	L	pipeline	53613	4172	48	79.5	23674	1182	29.62939453125
2026-09-13T20:11:52+00:00	torvalds__linux	L	pipeline	53628	4066	40	89.0	23495	1182	28.60302734375
2026-09-13T20:12:07+00:00	torvalds__linux	L	pipeline	53643	4559	64	87.7	23832	1182	28.90673828125
2026-09-13T20:12:22+00:00	torvalds__linux	L	pipeline	53658	4127	41	72.6	23589	1181	26.1171875
2026-09-13T20:12:37+00:00	torvalds__linux	L	pipeline	53673	4396	62	90.0	23792	1181	28.82568359375
2026-09-13T20:12:52+00:00	torvalds__linux	L	pipeline	53688	3937	27	82.4	23511	1181	28.88818359375
2026-09-13T20:13:07+00:00	torvalds__linux	L	pipeline	53703	3997	28	69.2	23670	1181	26.68896484375
2026-09-13T20:13:22+00:00	torvalds__linux	L	pipeline	53718	3746	6	82.5	23926	1181	25.22021484375
2026-09-13T20:13:37+00:00	torvalds__linux	L	pipeline	53733	4166	47	89.2	23687	1181	23.537109375
2026-09-13T20:13:52+00:00	torvalds__linux	L	pipeline	53748	4194	51	84.5	23640	1181	24.14453125
2026-09-13T20:14:07+00:00	torvalds__linux	L	pipeline	53763	4463	66	90.3	23801	1181	23.2109375
2026-09-13T20:14:22+00:00	torvalds__linux	L	pipeline	53778	4120	48	83.6	23600	1180	26.4765625
2026-09-13T20:14:37+00:00	torvalds__linux	L	pipeline	53793	4107	45	90.8	23619	1180	27.97265625
2026-09-13T20:14:52+00:00	torvalds__linux	L	pipeline	53809	4100	41	87.8	23549	1180	32.28515625
2026-09-13T20:15:07+00:00	torvalds__linux	L	pipeline	53824	4114	46	89.1	23617	1180	31.4814453125
2026-09-13T20:15:22+00:00	torvalds__linux	L	pipeline	53839	4230	55	85.7	23514	1180	28.06494140625
2026-09-13T20:15:37+00:00	torvalds__linux	L	pipeline	53854	3855	15	61.3	23574	1180	24.39208984375
2026-09-13T20:15:53+00:00	torvalds__linux	L	pipeline	53869	3809	12	74.2	23741	1180	20.2060546875
2026-09-13T20:16:08+00:00	torvalds__linux	L	pipeline	53884	3984	30	90.7	23540	1180	19.6708984375
2026-09-13T20:16:23+00:00	torvalds__linux	L	pipeline	53899	4025	35	86.2	23586	1179	19.75439453125
2026-09-13T20:16:38+00:00	torvalds__linux	L	pipeline	53914	4189	52	87.9	23680	1179	20.87255859375
2026-09-13T20:16:53+00:00	torvalds__linux	L	pipeline	53929	3859	15	90.0	23583	1179	20.71240234375
2026-09-13T20:17:08+00:00	torvalds__linux	L	pipeline	53944	4023	36	82.0	23686	1179	20.40673828125
2026-09-13T20:17:23+00:00	torvalds__linux	L	pipeline	53959	4540	80	90.1	23774	1179	22.51171875
2026-09-13T20:17:38+00:00	torvalds__linux	L	pipeline	53974	3892	20	87.3	23515	1179	24.18359375
2026-09-13T20:17:53+00:00	torvalds__linux	L	pipeline	53989	4165	47	91.0	23565	1179	26.0595703125
2026-09-13T20:18:08+00:00	torvalds__linux	L	pipeline	54004	4061	36	91.6	23850	1179	27.48193359375
2026-09-13T20:18:23+00:00	torvalds__linux	L	pipeline	54019	4178	51	87.2	24663	1179	30.5146484375
2026-09-13T20:18:38+00:00	torvalds__linux	L	pipeline	54034	3885	15	89.6	24551	1178	30.4541015625
2026-09-13T20:18:53+00:00	torvalds__linux	L	pipeline	54049	4160	45	89.5	24577	1178	28.60400390625
2026-09-13T20:19:08+00:00	torvalds__linux	L	pipeline	54064	4222	44	92.5	25061	1178	28.228515625
2026-09-13T20:19:23+00:00	torvalds__linux	L	pipeline	54079	4099	42	90.0	24542	1178	28.6533203125
2026-09-13T20:19:38+00:00	torvalds__linux	L	pipeline	54095	4216	53	82.5	24597	1178	27.35595703125
2026-09-13T20:19:53+00:00	torvalds__linux	L	pipeline	54110	3724	3	86.0	24356	1178	27.96533203125
2026-09-13T20:20:08+00:00	torvalds__linux	L	pipeline	54125	4199	51	85.6	24930	1178	27.21337890625
2026-09-13T20:20:23+00:00	torvalds__linux	L	pipeline	54140	3724	3	82.4	24427	1178	28.58447265625
2026-09-13T20:20:39+00:00	torvalds__linux	L	pipeline	54155	4151	45	87.6	24532	1177	28.91015625
2026-09-13T20:20:54+00:00	torvalds__linux	L	pipeline	54170	3977	25	83.3	24396	1177	29.595703125
2026-09-13T20:21:09+00:00	torvalds__linux	L	pipeline	54185	16	4	62.9	20994	1177	27.25
2026-09-13T20:21:24+00:00	torvalds__linux	L	pipeline	54200	30	5	2.0	21016	1177	21.4345703125
2026-09-13T20:21:39+00:00	torvalds__linux	L	pipeline	54215	37	5	3.3	21066	1177	16.90771484375
2026-09-13T20:21:54+00:00	torvalds__linux	L	pipeline	54230	46	5	2.3	21121	1177	13.3837890625
2026-09-13T20:22:09+00:00	torvalds__linux	L	pipeline	54245	51	5	4.7	20833	1177	10.78759765625
2026-09-13T20:22:24+00:00	torvalds__linux	L	pipeline	54260	57	5	1.9	20945	1177	8.76611328125
2026-09-13T20:22:39+00:00	torvalds__linux	L	pipeline	54275	63	5	2.7	21020	1177	7.11328125
2026-09-13T20:22:54+00:00	torvalds__linux	L	pipeline	54290	72	5	2.4	21115	1177	5.75830078125
2026-09-13T20:23:09+00:00	torvalds__linux	L	pipeline	54305	78	5	3.0	21412	1177	4.86376953125
2026-09-13T20:23:24+00:00	torvalds__linux	L	pipeline	54320	84	5	2.1	21593	1177	4.00732421875
2026-09-13T20:23:39+00:00	torvalds__linux	L	pipeline	54335	93	5	2.4	21688	1177	3.4140625
2026-09-13T20:23:54+00:00	torvalds__linux	L	pipeline	54350	98	5	2.9	21759	1177	2.87890625
2026-09-13T20:24:09+00:00	torvalds__linux	L	pipeline	54365	104	5	2.8	21867	1177	2.53564453125
2026-09-13T20:24:24+00:00	torvalds__linux	L	pipeline	54380	110	5	2.8	21939	1177	2.19482421875
2026-09-13T20:24:39+00:00	torvalds__linux	L	pipeline	54395	123	5	2.0	22016	1177	1.9296875
2026-09-13T20:24:54+00:00	torvalds__linux	L	pipeline	54410	129	5	4.1	22081	1177	1.796875
2026-09-13T20:25:09+00:00	torvalds__linux	L	pipeline	54425	134	5	2.4	21792	1177	1.7685546875
2026-09-13T20:25:24+00:00	torvalds__linux	L	pipeline	54440	140	5	2.8	22239	1177	1.826171875
2026-09-13T20:25:39+00:00	torvalds__linux	L	pipeline	54455	146	5	1.7	22358	1177	1.642578125
2026-09-13T20:25:54+00:00	torvalds__linux	L	pipeline	54470	152	5	3.0	22360	1177	1.80810546875
2026-09-13T20:26:09+00:00	torvalds__linux	L	pipeline	54485	158	5	3.0	22514	1177	1.62841796875
2026-09-13T20:26:24+00:00	torvalds__linux	L	pipeline	54501	163	5	2.4	22540	1177	1.48828125
2026-09-13T20:26:39+00:00	torvalds__linux	L	pipeline	54516	169	5	1.9	22676	1177	1.37939453125
2026-09-13T20:26:54+00:00	torvalds__linux	L	pipeline	54531	175	5	2.6	22653	1177	1.36865234375
2026-09-13T20:27:09+00:00	torvalds__linux	L	pipeline	54546	180	5	2.8	22722	1177	1.49658203125
2026-09-13T20:27:24+00:00	torvalds__linux	L	pipeline	54561	186	5	1.7	22637	1177	1.52783203125
2026-09-13T20:27:39+00:00	torvalds__linux	L	pipeline	54576	192	5	2.7	22565	1177	1.41015625
2026-09-13T20:27:55+00:00	torvalds__linux	L	pipeline	54591	197	5	2.2	22711	1177	1.47314453125
2026-09-13T20:28:10+00:00	torvalds__linux	L	pipeline	54606	220	5	4.1	23042	1177	1.44189453125
2026-09-13T20:28:25+00:00	torvalds__linux	L	pipeline	54621	225	5	2.3	22028	1177	1.34326171875
2026-09-13T20:28:40+00:00	torvalds__linux	L	pipeline	54636	230	5	3.1	21873	1177	1.3408203125
2026-09-13T20:28:55+00:00	torvalds__linux	L	pipeline	54651	236	5	2.3	22222	1177	1.3388671875
2026-09-13T20:29:10+00:00	torvalds__linux	L	pipeline	54666	242	5	3.0	22297	1177	1.423828125
2026-09-13T20:29:25+00:00	torvalds__linux	L	pipeline	54681	247	5	2.1	22338	1177	1.484375
2026-09-13T20:29:40+00:00	torvalds__linux	L	pipeline	54696	253	5	2.7	22426	1177	1.3759765625
2026-09-13T20:29:55+00:00	torvalds__linux	L	pipeline	54711	259	5	2.1	22527	1177	1.2919921875
2026-09-13T20:30:10+00:00	torvalds__linux	L	pipeline	54726	264	5	3.0	22666	1177	1.49853515625
2026-09-13T20:30:25+00:00	torvalds__linux	L	pipeline	54741	270	5	2.8	22620	1177	1.5361328125
2026-09-13T20:30:40+00:00	torvalds__linux	L	pipeline	54756	276	5	2.0	22452	1177	1.4169921875
2026-09-13T20:30:55+00:00	torvalds__linux	L	pipeline	54771	282	5	3.0	22518	1177	1.32421875
2026-09-13T20:31:10+00:00	torvalds__linux	L	pipeline	54786	287	5	2.4	22612	1177	1.251953125
2026-09-13T20:31:25+00:00	torvalds__linux	L	pipeline	54801	308	5	2.7	22693	1177	1.26318359375
2026-09-13T20:31:40+00:00	torvalds__linux	L	pipeline	54816	310	5	2.6	22689	1177	1.2041015625
2026-09-13T20:31:55+00:00	torvalds__linux	L	pipeline	54831	316	5	3.8	22804	1177	1.31884765625
2026-09-13T20:32:10+00:00	torvalds__linux	L	pipeline	54846	321	5	2.7	22875	1177	1.59326171875
2026-09-13T20:32:25+00:00	torvalds__linux	L	pipeline	54861	326	5	2.4	22953	1177	1.4609375
2026-09-13T20:32:40+00:00	torvalds__linux	L	pipeline	54876	332	5	1.6	23067	1177	1.3583984375
2026-09-13T20:32:55+00:00	torvalds__linux	L	pipeline	54891	338	5	2.7	23081	1177	1.2783203125
2026-09-13T20:33:10+00:00	torvalds__linux	L	pipeline	54906	343	5	2.7	23327	1177	1.2841796875
2026-09-13T20:33:25+00:00	torvalds__linux	L	pipeline	54921	349	5	2.0	23560	1177	1.220703125
2026-09-13T20:33:40+00:00	torvalds__linux	L	pipeline	54936	355	5	1.7	23385	1177	1.1708984375
2026-09-13T20:33:55+00:00	torvalds__linux	L	pipeline	54951	360	5	2.4	23668	1177	1.20654296875
2026-09-13T20:34:10+00:00	torvalds__linux	L	pipeline	54966	366	5	2.7	23523	1177	1.30908203125
2026-09-13T20:34:25+00:00	torvalds__linux	L	pipeline	54982	372	5	1.7	23513	1177	1.39453125
2026-09-13T20:34:40+00:00	torvalds__linux	L	pipeline	54997	378	5	1.7	23568	1177	1.5224609375
2026-09-13T20:34:55+00:00	torvalds__linux	L	pipeline	55012	390	5	2.0	23615	1177	1.40625
2026-09-13T20:35:10+00:00	torvalds__linux	L	pipeline	55027	424	5	2.6	23609	1177	1.47021484375
2026-09-13T20:35:25+00:00	torvalds__linux	L	pipeline	55042	427	5	1.8	23549	1177	1.365234375
2026-09-13T20:35:41+00:00	torvalds__linux	L	pipeline	55057	432	5	1.9	23581	1177	1.48779296875
2026-09-13T20:35:56+00:00	torvalds__linux	L	pipeline	55072	438	5	2.9	23596	1177	1.37939453125
2026-09-13T20:36:11+00:00	torvalds__linux	L	pipeline	55087	444	5	2.3	23553	1177	1.36279296875
2026-09-13T20:36:26+00:00	torvalds__linux	L	pipeline	55102	449	5	1.5	23513	1177	1.28173828125
2026-09-13T20:36:41+00:00	torvalds__linux	L	pipeline	55117	455	5	1.8	23556	1177	1.21875
2026-09-13T20:36:56+00:00	torvalds__linux	L	pipeline	55132	460	5	2.3	23655	1177	1.244140625
2026-09-13T20:37:11+00:00	torvalds__linux	L	pipeline	55147	466	5	2.2	23619	1177	1.26318359375
2026-09-13T20:37:26+00:00	torvalds__linux	L	pipeline	55162	472	5	1.6	23665	1177	1.2041015625
2026-09-13T20:37:41+00:00	torvalds__linux	L	pipeline	55177	478	5	1.7	23575	1177	1.158203125
2026-09-13T20:37:56+00:00	torvalds__linux	L	pipeline	55192	483	5	2.9	23563	1177	1.123046875
2026-09-13T20:38:11+00:00	torvalds__linux	L	pipeline	55207	489	5	2.2	23562	1177	1.31103515625
2026-09-13T20:38:26+00:00	torvalds__linux	L	pipeline	55222	495	5	1.7	23586	1177	1.2412109375
2026-09-13T20:38:41+00:00	torvalds__linux	L	pipeline	55237	500	5	1.9	23622	1177	1.18701171875
2026-09-13T20:38:56+00:00	torvalds__linux	L	pipeline	55252	506	5	2.5	23664	1177	1.287109375
2026-09-13T20:39:11+00:00	torvalds__linux	L	pipeline	55267	512	5	2.2	23558	1177	1.22265625
2026-09-13T20:39:26+00:00	torvalds__linux	L	pipeline	55282	517	5	1.8	23610	1177	1.1728515625
2026-09-13T20:39:41+00:00	torvalds__linux	L	pipeline	55297	523	5	2.2	23613	1177	1.21435546875
2026-09-13T20:39:56+00:00	torvalds__linux	L	pipeline	55312	529	5	3.8	23575	1177	1.166015625
2026-09-13T20:40:11+00:00	torvalds__linux	L	pipeline	55327	535	5	2.6	23693	1177	1.12890625
2026-09-13T20:40:26+00:00	torvalds__linux	L	pipeline	55342	540	5	1.7	23649	1177	1.16796875
2026-09-13T20:40:41+00:00	torvalds__linux	L	pipeline	55357	558	5	1.8	23692	1177	1.29052734375
2026-09-13T20:40:56+00:00	torvalds__linux	L	pipeline	55372	566	5	2.5	23630	1177	1.29345703125
2026-09-13T20:41:11+00:00	torvalds__linux	L	pipeline	55387	570	5	2.3	23624	1177	1.38818359375
2026-09-13T20:41:26+00:00	torvalds__linux	L	pipeline	55402	574	5	2.2	23566	1177	1.3017578125
2026-09-13T20:41:41+00:00	torvalds__linux	L	pipeline	55417	578	5	2.7	23558	1177	1.31494140625
2026-09-13T20:41:56+00:00	torvalds__linux	L	pipeline	55432	584	5	3.3	23505	1177	1.24462890625
2026-09-13T20:42:11+00:00	torvalds__linux	L	pipeline	55448	588	5	2.2	23421	1177	1.18994140625
2026-09-13T20:42:26+00:00	torvalds__linux	L	pipeline	55463	592	5	1.6	23286	1177	1.14697265625
2026-09-13T20:42:41+00:00	torvalds__linux	L	pipeline	55478	597	5	1.8	23282	1177	1.1875
2026-09-13T20:42:56+00:00	torvalds__linux	L	pipeline	55493	602	5	2.3	23187	1177	1.1455078125
2026-09-13T20:43:11+00:00	torvalds__linux	L	pipeline	55508	605	5	2.8	23211	1177	1.2607421875
2026-09-13T20:43:26+00:00	torvalds__linux	L	pipeline	55523	609	5	2.2	23099	1177	1.28271484375
2026-09-13T20:43:42+00:00	torvalds__linux	L	pipeline	55538	613	5	1.9	23068	1177	1.21923828125
2026-09-13T20:43:57+00:00	torvalds__linux	L	pipeline	55553	618	5	3.0	23085	1177	1.169921875
2026-09-13T20:44:12+00:00	torvalds__linux	L	pipeline	55568	622	5	2.1	23015	1177	1.1318359375
2026-09-13T20:44:27+00:00	torvalds__linux	L	pipeline	55583	625	5	2.0	23001	1177	1.10205078125
2026-09-13T20:44:42+00:00	torvalds__linux	L	pipeline	55598	630	5	1.8	23015	1177	1.07861328125
2026-09-13T20:44:57+00:00	torvalds__linux	L	pipeline	55613	634	5	2.7	22943	1177	1.06103515625
2026-09-13T20:45:12+00:00	torvalds__linux	L	pipeline	55628	639	5	2.8	22975	1177	1.04638671875
2026-09-13T20:45:27+00:00	torvalds__linux	L	pipeline	55643	646	5	2.0	23035	1177	1.103515625
2026-09-13T20:45:42+00:00	torvalds__linux	L	pipeline	55658	651	5	1.8	23013	1177	1.080078125
2026-09-13T20:45:57+00:00	torvalds__linux	L	pipeline	55673	655	5	2.6	23027	1177	1.12939453125
2026-09-13T20:46:12+00:00	torvalds__linux	L	pipeline	55688	660	5	2.4	22924	1177	1.10009765625
2026-09-13T20:46:27+00:00	torvalds__linux	L	pipeline	55703	663	5	1.8	22998	1177	1.0771484375
2026-09-13T20:46:42+00:00	torvalds__linux	L	pipeline	55718	668	5	2.0	22977	1177	1.35595703125
2026-09-13T20:46:57+00:00	torvalds__linux	L	pipeline	55733	671	5	2.8	22939	1177	1.2763671875
2026-09-13T20:47:12+00:00	torvalds__linux	L	pipeline	55748	675	5	3.0	22887	1177	1.28857421875
2026-09-13T20:47:27+00:00	torvalds__linux	L	pipeline	55763	679	5	3.0	22673	1177	1.43994140625
2026-09-13T20:47:42+00:00	torvalds__linux	L	pipeline	55778	683	5	1.9	22724	1177	1.41552734375
2026-09-13T20:47:57+00:00	torvalds__linux	L	pipeline	55793	687	5	2.8	22745	1177	1.32275390625
2026-09-13T20:48:12+00:00	torvalds__linux	L	pipeline	55808	691	5	2.3	22752	1177	1.3193359375
2026-09-13T20:48:27+00:00	torvalds__linux	L	pipeline	55823	695	5	2.1	22631	1177	1.32177734375
2026-09-13T20:48:42+00:00	torvalds__linux	L	pipeline	55838	699	5	1.9	22658	1177	1.25
2026-09-13T20:48:57+00:00	torvalds__linux	L	pipeline	55853	704	5	2.3	22694	1177	1.27490234375
2026-09-13T20:49:12+00:00	torvalds__linux	L	pipeline	55868	709	5	2.5	22637	1177	1.212890625
2026-09-13T20:49:27+00:00	torvalds__linux	L	pipeline	55883	712	5	1.9	22661	1177	1.1650390625
2026-09-13T20:49:42+00:00	torvalds__linux	L	pipeline	55898	716	5	2.1	22635	1177	1.1279296875
2026-09-13T20:49:57+00:00	torvalds__linux	L	pipeline	55913	720	5	3.4	22639	1177	1.09912109375
2026-09-13T20:50:12+00:00	torvalds__linux	L	pipeline	55929	724	5	2.7	22594	1177	1.07666015625
2026-09-13T20:50:27+00:00	torvalds__linux	L	pipeline	55944	729	5	1.7	22610	1177	1.05908203125
2026-09-13T20:50:42+00:00	torvalds__linux	L	pipeline	55959	733	5	1.7	22596	1177	1.04541015625
2026-09-13T20:50:57+00:00	torvalds__linux	L	pipeline	55974	736	5	2.5	22458	1177	1.115234375
2026-09-13T20:51:12+00:00	torvalds__linux	L	pipeline	55989	740	5	2.6	22499	1177	1.25
2026-09-13T20:51:27+00:00	torvalds__linux	L	pipeline	56004	808	5	2.0	22568	1177	1.83544921875
2026-09-13T20:51:43+00:00	torvalds__linux	L	pipeline	56019	814	5	3.0	22593	1177	1.80419921875
2026-09-13T20:51:58+00:00	torvalds__linux	L	pipeline	56034	818	5	3.1	22599	1177	1.69384765625
2026-09-13T20:52:13+00:00	torvalds__linux	L	pipeline	56049	823	5	3.1	22951	1177	1.8427734375
2026-09-13T20:52:28+00:00	torvalds__linux	L	pipeline	56064	827	5	2.3	22998	1177	2.0927734375
2026-09-13T20:52:43+00:00	torvalds__linux	L	pipeline	56079	831	5	2.3	23204	1177	2.22021484375
2026-09-13T20:52:58+00:00	torvalds__linux	L	pipeline	56094	899	5	3.3	23381	1177	2.24462890625
2026-09-13T20:53:13+00:00	torvalds__linux	L	pipeline	56109	901	5	3.0	23544	1177	2.7451171875
2026-09-13T20:53:28+00:00	torvalds__linux	L	pipeline	56124	904	5	2.6	23722	1177	2.6474609375
2026-09-13T20:53:43+00:00	torvalds__linux	L	pipeline	56139	904	5	2.4	23903	1177	2.50341796875
2026-09-13T20:53:58+00:00	torvalds__linux	L	pipeline	56154	907	5	3.0	24170	1177	2.3916015625
2026-09-13T20:54:13+00:00	torvalds__linux	L	pipeline	56169	909	5	3.2	24416	1177	2.38427734375
2026-09-13T20:54:28+00:00	torvalds__linux	L	pipeline	56184	911	5	2.8	24624	1177	2.29833984375
2026-09-13T20:54:43+00:00	torvalds__linux	L	pipeline	56199	914	5	4.0	25075	1177	2.39208984375
2026-09-13T20:54:58+00:00	torvalds__linux	L	pipeline	56214	918	5	4.0	25313	1177	2.30419921875
2026-09-13T20:55:13+00:00	torvalds__linux	L	pipeline	56229	921	5	4.5	25265	1177	2.31689453125
2026-09-13T20:55:28+00:00	torvalds__linux	L	pipeline	56244	924	5	4.1	25471	1177	2.39453125
2026-09-13T20:55:43+00:00	torvalds__linux	L	pipeline	56259	924	5	5.1	25725	1177	2.375
2026-09-13T20:55:58+00:00	torvalds__linux	L	pipeline	56274	928	5	7.7	25802	1177	2.6123046875
2026-09-13T20:56:13+00:00	torvalds__linux	L	pipeline	56289	931	5	9.4	25822	1177	2.47607421875
2026-09-13T20:56:28+00:00	torvalds__linux	L	pipeline	56304	937	5	9.0	25952	1177	2.43798828125
2026-09-13T20:56:43+00:00	torvalds__linux	L	pipeline	56319	941	5	9.8	26306	1177	2.4208984375
2026-09-13T20:56:58+00:00	torvalds__linux	L	pipeline	56334	944	5	10.5	26275	1177	2.4755859375
2026-09-13T20:57:13+00:00	torvalds__linux	L	pipeline	56349	948	5	10.9	26014	1177	2.81396484375
2026-09-13T20:57:28+00:00	torvalds__linux	L	pipeline	56364	952	5	10.1	26002	1177	2.63330078125
2026-09-13T20:57:43+00:00	torvalds__linux	L	pipeline	56379	955	5	6.9	26094	1177	2.64111328125
2026-09-13T20:57:58+00:00	torvalds__linux	L	pipeline	56394	961	5	3.4	25996	1177	2.41845703125
2026-09-13T20:58:13+00:00	torvalds__linux	L	pipeline	56410	965	5	3.7	25863	1177	2.25146484375
2026-09-13T20:58:28+00:00	torvalds__linux	L	pipeline	56425	971	5	3.2	25810	1177	1.9736328125
2026-09-13T20:58:43+00:00	torvalds__linux	L	pipeline	56440	975	5	2.5	25640	1177	1.75732421875
2026-09-13T20:58:58+00:00	torvalds__linux	L	pipeline	56455	983	5	3.0	25484	1177	1.74951171875
2026-09-13T20:59:13+00:00	torvalds__linux	L	pipeline	56470	987	5	2.7	25236	1177	1.5830078125
2026-09-13T20:59:29+00:00	torvalds__linux	L	pipeline	56485	992	5	2.4	24947	1177	1.45361328125
2026-09-13T20:59:44+00:00	torvalds__linux	L	pipeline	56500	997	5	2.1	24590	1177	1.3525390625
2026-09-13T20:59:59+00:00	torvalds__linux	L	pipeline	56515	1001	5	2.3	24291	1177	1.27392578125
2026-09-13T21:00:14+00:00	torvalds__linux	L	pipeline	56530	1005	5	3.4	23898	1177	1.212890625
2026-09-13T21:00:29+00:00	torvalds__linux	L	pipeline	56545	1009	5	1.9	23535	1177	1.1650390625
2026-09-13T21:00:44+00:00	torvalds__linux	L	pipeline	56560	1013	5	2.2	23326	1177	1.20849609375
2026-09-13T21:00:59+00:00	torvalds__linux	L	pipeline	56575	1018	5	2.3	23252	1177	1.2421875
2026-09-13T21:01:14+00:00	torvalds__linux	L	pipeline	56590	1023	5	3.2	23063	1177	1.2685546875
2026-09-13T21:01:29+00:00	torvalds__linux	L	pipeline	56605	1027	5	2.6	22958	1177	1.28857421875
2026-09-13T21:01:44+00:00	torvalds__linux	L	pipeline	56620	1031	5	2.0	22827	1177	1.22412109375
2026-09-13T21:01:59+00:00	torvalds__linux	L	pipeline	56635	1035	5	3.0	22662	1177	1.39013671875
2026-09-13T21:02:14+00:00	torvalds__linux	L	pipeline	56650	1039	5	2.2	22487	1177	1.30322265625
2026-09-13T21:02:29+00:00	torvalds__linux	L	pipeline	56665	1043	5	2.1	22404	1177	1.2353515625
2026-09-13T21:02:44+00:00	torvalds__linux	L	pipeline	56680	1047	5	1.9	22293	1177	1.1826171875
2026-09-13T21:02:59+00:00	torvalds__linux	L	pipeline	56695	1051	5	2.4	22178	1177	1.2099609375
2026-09-13T21:03:14+00:00	torvalds__linux	L	pipeline	56710	1055	5	2.5	22034	1177	1.16259765625
2026-09-13T21:03:29+00:00	torvalds__linux	L	pipeline	56725	1060	5	2.1	21960	1177	1.1259765625
2026-09-13T21:03:44+00:00	torvalds__linux	L	pipeline	56740	1063	5	2.0	21879	1177	1.09765625
2026-09-13T21:03:59+00:00	torvalds__linux	L	pipeline	56755	1067	5	2.1	21776	1177	1.1435546875
2026-09-13T21:04:14+00:00	torvalds__linux	L	pipeline	56770	1076	5	2.4	21737	1177	1.111328125
2026-09-13T21:04:29+00:00	torvalds__linux	L	pipeline	56785	1080	5	2.9	21630	1177	1.0859375
2026-09-13T21:04:44+00:00	torvalds__linux	L	pipeline	56800	1084	5	3.3	21518	1178	1.20166015625
2026-09-13T21:04:59+00:00	torvalds__linux	L	pipeline	56815	1087	5	2.4	21469	1178	1.15625
2026-09-13T21:05:14+00:00	torvalds__linux	L	pipeline	56830	1092	5	2.6	21427	1178	1.12109375
2026-09-13T21:05:29+00:00	torvalds__linux	L	pipeline	56845	1096	5	1.7	21368	1178	1.17431640625
2026-09-13T21:05:44+00:00	torvalds__linux	L	pipeline	56860	1100	5	1.9	21300	1178	1.21533203125
2026-09-13T21:05:59+00:00	torvalds__linux	L	pipeline	56876	1104	5	2.3	21254	1178	1.1669921875
2026-09-13T21:06:14+00:00	torvalds__linux	L	pipeline	56891	1110	5	2.4	21215	1178	1.12890625
2026-09-13T21:06:29+00:00	torvalds__linux	L	pipeline	56906	1113	5	1.8	21144	1178	1.099609375
2026-09-13T21:06:44+00:00	torvalds__linux	L	pipeline	56921	1118	5	1.9	21066	1178	1.0771484375
2026-09-13T21:06:59+00:00	torvalds__linux	L	pipeline	56936	1122	5	2.4	21021	1178	1.0595703125
2026-09-13T21:07:15+00:00	torvalds__linux	L	pipeline	56951	1126	5	2.9	20989	1178	1.0458984375
2026-09-13T21:07:30+00:00	torvalds__linux	L	pipeline	56966	1131	5	2.1	20984	1178	1.109375
2026-09-13T21:07:45+00:00	torvalds__linux	L	pipeline	56981	1136	5	1.6	20973	1178	1.08447265625
2026-09-13T21:08:00+00:00	torvalds__linux	L	pipeline	56996	1139	5	2.4	20955	1178	1.1337890625
2026-09-13T21:08:15+00:00	torvalds__linux	L	pipeline	57011	1143	5	2.6	20966	1178	1.103515625
2026-09-13T21:08:30+00:00	torvalds__linux	L	pipeline	57026	1148	5	1.9	20989	1178	1.16064453125
2026-09-13T21:08:45+00:00	torvalds__linux	L	pipeline	57041	1152	5	1.9	20992	1178	1.1923828125
2026-09-13T21:09:00+00:00	torvalds__linux	L	pipeline	57056	1155	5	2.5	20906	1178	1.35888671875
2026-09-13T21:09:15+00:00	torvalds__linux	L	pipeline	57071	1160	5	3.3	20953	1178	1.27880859375
2026-09-13T21:09:30+00:00	torvalds__linux	L	pipeline	57086	1164	5	2.2	20957	1178	1.28466796875
2026-09-13T21:09:45+00:00	torvalds__linux	L	pipeline	57101	1168	5	3.1	20990	1178	1.36962890625
2026-09-13T21:10:00+00:00	torvalds__linux	L	pipeline	57116	1171	5	2.4	20922	1178	1.35546875
2026-09-13T21:10:15+00:00	torvalds__linux	L	pipeline	57131	1176	5	2.7	21003	1178	1.27587890625
2026-09-13T21:10:30+00:00	torvalds__linux	L	pipeline	57146	1180	5	1.9	20976	1178	1.36865234375
2026-09-13T21:10:45+00:00	torvalds__linux	L	pipeline	57161	1183	5	2.3	21025	1178	1.4287109375
2026-09-13T21:11:00+00:00	torvalds__linux	L	pipeline	57176	1187	5	3.4	21108	1178	1.48779296875
2026-09-13T21:11:15+00:00	torvalds__linux	L	pipeline	57191	1193	5	2.3	21034	1178	1.52685546875
2026-09-13T21:11:30+00:00	torvalds__linux	L	pipeline	57206	1196	5	2.0	21069	1178	2.1982421875
2026-09-13T21:11:45+00:00	torvalds__linux	L	pipeline	57221	1200	5	2.0	21075	1178	2.0
2026-09-13T21:12:00+00:00	torvalds__linux	L	pipeline	57236	1204	5	2.1	21048	1178	1.7783203125
2026-09-13T21:12:15+00:00	torvalds__linux	L	pipeline	57251	1208	5	2.8	21030	1178	1.759765625
2026-09-13T21:12:30+00:00	torvalds__linux	L	pipeline	57266	1212	5	2.2	21077	1178	1.5908203125
2026-09-13T21:12:45+00:00	torvalds__linux	L	pipeline	57281	1217	5	2.0	21024	1178	1.45947265625
2026-09-13T21:13:00+00:00	torvalds__linux	L	pipeline	57296	1222	5	2.2	21028	1178	1.35693359375
2026-09-13T21:13:15+00:00	torvalds__linux	L	pipeline	57311	1225	5	2.9	21014	1178	1.3515625
2026-09-13T21:13:30+00:00	torvalds__linux	L	pipeline	57326	1229	5	1.8	21047	1178	1.27294921875
2026-09-13T21:13:45+00:00	torvalds__linux	L	pipeline	57342	1238	5	1.7	21066	1178	1.2119140625
2026-09-13T21:14:00+00:00	torvalds__linux	L	pipeline	57357	1242	5	1.9	21089	1178	1.3125
2026-09-13T21:14:15+00:00	torvalds__linux	L	pipeline	57372	1246	5	2.5	21094	1178	1.2421875
2026-09-13T21:14:30+00:00	torvalds__linux	L	pipeline	57387	1250	5	2.1	21131	1178	1.18798828125
2026-09-13T21:14:45+00:00	torvalds__linux	L	pipeline	57402	1254	5	2.3	21057	1178	1.1455078125
2026-09-13T21:15:00+00:00	torvalds__linux	L	pipeline	57417	1258	5	2.3	21076	1178	1.11279296875
2026-09-13T21:15:16+00:00	torvalds__linux	L	pipeline	57432	1263	5	2.3	21121	1178	1.08740234375
2026-09-13T21:15:31+00:00	torvalds__linux	L	pipeline	57447	1268	5	2.1	21100	1178	1.06689453125
2026-09-13T21:15:46+00:00	torvalds__linux	L	pipeline	57462	1272	5	2.2	21063	1178	1.05126953125
2026-09-13T21:16:01+00:00	torvalds__linux	L	pipeline	57477	1276	5	2.3	21043	1178	1.0390625
2026-09-13T21:16:16+00:00	torvalds__linux	L	pipeline	57492	1280	5	2.3	21089	1178	1.10400390625
2026-09-13T21:16:31+00:00	torvalds__linux	L	pipeline	57507	1284	5	1.7	21081	1178	1.080078125
2026-09-13T21:16:46+00:00	torvalds__linux	L	pipeline	57522	1288	5	2.2	21057	1178	1.2158203125
2026-09-13T21:17:01+00:00	torvalds__linux	L	pipeline	57537	1293	5	2.3	21040	1178	1.248046875
2026-09-13T21:17:16+00:00	torvalds__linux	L	pipeline	57552	1297	5	2.8	21013	1178	1.32861328125
2026-09-13T21:17:31+00:00	torvalds__linux	L	pipeline	57567	1301	5	2.0	21037	1178	1.25537109375
2026-09-13T21:17:46+00:00	torvalds__linux	L	pipeline	57582	1307	5	1.9	21051	1178	1.1982421875
2026-09-13T21:18:01+00:00	torvalds__linux	L	pipeline	57597	1311	5	2.1	21101	1178	1.38232421875
2026-09-13T21:18:16+00:00	torvalds__linux	L	pipeline	57612	1316	5	2.3	21077	1178	1.296875
2026-09-13T21:18:31+00:00	torvalds__linux	L	pipeline	57627	1320	5	2.0	21077	1178	1.23046875
2026-09-13T21:18:46+00:00	torvalds__linux	L	pipeline	57642	1324	5	2.4	21033	1178	1.17919921875
2026-09-13T21:19:01+00:00	torvalds__linux	L	pipeline	57657	1328	5	2.2	21011	1178	1.37353515625
2026-09-13T21:19:16+00:00	torvalds__linux	L	pipeline	57672	1333	5	2.4	21002	1178	1.37060546875
2026-09-13T21:19:31+00:00	torvalds__linux	L	pipeline	57687	1336	5	2.0	20979	1178	1.3623046875
2026-09-13T21:19:46+00:00	torvalds__linux	L	pipeline	57702	1341	5	2.2	20940	1178	1.28125
2026-09-13T21:20:01+00:00	torvalds__linux	L	pipeline	57717	1345	5	2.2	20972	1178	1.21826171875
2026-09-13T21:20:16+00:00	torvalds__linux	L	pipeline	57732	1349	5	2.5	20969	1178	1.25
2026-09-13T21:20:31+00:00	torvalds__linux	L	pipeline	57747	1353	5	2.0	20912	1178	1.27490234375
2026-09-13T21:20:46+00:00	torvalds__linux	L	pipeline	57762	1356	5	2.8	20981	1178	1.212890625
2026-09-13T21:21:01+00:00	torvalds__linux	L	pipeline	57777	1361	5	2.9	20936	1178	1.24560546875
2026-09-13T21:21:16+00:00	torvalds__linux	L	pipeline	57792	1367	5	2.2	20910	1178	1.1904296875
2026-09-13T21:21:31+00:00	torvalds__linux	L	pipeline	57807	1372	5	3.4	21079	1178	1.22802734375
2026-09-13T21:21:46+00:00	torvalds__linux	L	pipeline	57823	1376	5	8.7	21152	1178	1.47998046875
2026-09-13T21:22:01+00:00	torvalds__linux	L	pipeline	57838	1380	5	8.7	21072	1177	1.59619140625
2026-09-13T21:22:16+00:00	torvalds__linux	L	pipeline	57853	1384	5	7.3	21137	1177	1.68603515625
2026-09-13T21:22:31+00:00	torvalds__linux	L	pipeline	57868	1388	5	2.0	20975	1177	1.533203125
2026-09-13T21:22:46+00:00	torvalds__linux	L	pipeline	57883	1393	5	1.9	20945	1177	1.56884765625
2026-09-13T21:23:02+00:00	torvalds__linux	L	pipeline	57898	1398	5	2.2	20974	1177	1.58447265625
2026-09-13T21:23:17+00:00	torvalds__linux	L	pipeline	57913	1402	5	2.3	20941	1177	1.4541015625
2026-09-13T21:23:32+00:00	torvalds__linux	L	pipeline	57928	1406	5	2.0	20968	1177	1.4208984375
2026-09-13T21:23:47+00:00	torvalds__linux	L	pipeline	57943	1411	5	2.2	20961	1177	1.39501953125
2026-09-13T21:24:02+00:00	torvalds__linux	L	pipeline	57958	1415	5	2.6	20925	1177	1.44287109375
2026-09-13T21:24:17+00:00	torvalds__linux	L	pipeline	57973	1419	5	3.1	20854	1177	1.48681640625
2026-09-13T21:24:32+00:00	torvalds__linux	L	pipeline	57988	1424	5	1.9	20878	1177	1.37841796875
2026-09-13T21:24:47+00:00	torvalds__linux	L	pipeline	58003	1429	5	3.4	20851	1177	1.5341796875
2026-09-13T21:25:02+00:00	torvalds__linux	L	pipeline	58018	1433	5	2.3	20865	1177	1.4150390625
2026-09-13T21:25:17+00:00	torvalds__linux	L	pipeline	58033	1436	5	2.2	20884	1177	1.5390625
2026-09-13T21:25:32+00:00	torvalds__linux	L	pipeline	58048	1441	5	2.0	20960	1177	1.49951171875
2026-09-13T21:25:47+00:00	torvalds__linux	L	pipeline	58063	1447	5	2.1	20891	1177	1.46875
2026-09-13T21:26:02+00:00	torvalds__linux	L	pipeline	58078	1451	5	2.2	20959	1177	1.3642578125
2026-09-13T21:26:17+00:00	torvalds__linux	L	pipeline	58093	1455	5	2.1	20930	1177	1.35107421875
2026-09-13T21:26:32+00:00	torvalds__linux	L	pipeline	58108	1460	5	2.2	20988	1177	1.4150390625
2026-09-13T21:26:47+00:00	torvalds__linux	L	pipeline	58123	1464	5	2.2	20915	1177	1.390625
2026-09-13T21:27:02+00:00	torvalds__linux	L	pipeline	58138	1468	5	2.3	20904	1177	1.37109375
2026-09-13T21:27:17+00:00	torvalds__linux	L	pipeline	58153	1472	5	2.3	20944	1177	1.3564453125
2026-09-13T21:27:32+00:00	torvalds__linux	L	pipeline	58168	1476	5	2.0	20948	1177	1.48046875
2026-09-13T21:27:47+00:00	torvalds__linux	L	pipeline	58183	1480	5	2.1	20894	1177	1.64501953125
2026-09-13T21:28:02+00:00	torvalds__linux	L	pipeline	58198	1484	5	2.6	20922	1177	1.56982421875
2026-09-13T21:28:17+00:00	torvalds__linux	L	pipeline	58213	1488	5	2.4	20952	1177	1.65283203125
2026-09-13T21:28:32+00:00	torvalds__linux	L	pipeline	58228	1492	5	3.0	20957	1177	1.72412109375
2026-09-13T21:28:47+00:00	torvalds__linux	L	pipeline	58243	1497	5	2.6	20893	1177	1.63134765625
2026-09-13T21:29:02+00:00	torvalds__linux	L	pipeline	58258	1501	5	2.5	20889	1177	1.626953125
2026-09-13T21:29:17+00:00	torvalds__linux	L	pipeline	58274	1505	5	2.1	20873	1177	1.5556640625
2026-09-13T21:29:32+00:00	torvalds__linux	L	pipeline	58289	1509	5	2.1	20890	1177	1.5
2026-09-13T21:29:47+00:00	torvalds__linux	L	pipeline	58304	1514	5	2.2	20912	1177	1.45654296875
2026-09-13T21:30:02+00:00	torvalds__linux	L	pipeline	58319	1519	5	2.4	20924	1177	1.4970703125
2026-09-13T21:30:17+00:00	torvalds__linux	L	pipeline	58334	1651	5	2.6	21172	1177	1.8232421875
2026-09-13T21:30:32+00:00	torvalds__linux	L	pipeline	58349	1655	5	2.2	21016	1177	1.7080078125
2026-09-13T21:30:48+00:00	torvalds__linux	L	pipeline	58364	1662	5	2.6	21165	1177	1.7109375
2026-09-13T21:31:03+00:00	torvalds__linux	L	pipeline	58379	1666	5	2.6	21186	1177	1.552734375
2026-09-13T21:31:18+00:00	torvalds__linux	L	pipeline	58394	1671	5	2.3	21174	1177	1.50390625
2026-09-13T21:31:33+00:00	torvalds__linux	L	pipeline	58409	1675	5	1.9	21161	1177	1.4658203125
2026-09-13T21:31:48+00:00	torvalds__linux	L	pipeline	58424	1679	5	2.4	21153	1177	1.43603515625
2026-09-13T21:32:03+00:00	torvalds__linux	L	pipeline	58439	1683	5	2.2	21161	1177	1.3388671875
2026-09-13T21:32:18+00:00	torvalds__linux	L	pipeline	58454	1687	5	2.1	21162	1177	1.26318359375
2026-09-13T21:32:33+00:00	torvalds__linux	L	pipeline	58469	1692	5	2.1	21215	1177	1.2041015625
2026-09-13T21:32:48+00:00	torvalds__linux	L	pipeline	58484	1697	5	2.1	21182	1177	1.158203125
2026-09-13T21:33:03+00:00	torvalds__linux	L	pipeline	58499	1701	5	2.3	21150	1177	1.34423828125
2026-09-13T21:33:18+00:00	torvalds__linux	L	pipeline	58514	1705	5	2.3	21221	1177	1.341796875
2026-09-13T21:33:33+00:00	torvalds__linux	L	pipeline	58529	1710	5	1.7	21280	1177	1.26513671875
2026-09-13T21:33:48+00:00	torvalds__linux	L	pipeline	58544	1714	5	2.1	21201	1177	1.2060546875
2026-09-13T21:34:03+00:00	torvalds__linux	L	pipeline	58559	1717	5	2.1	21274	1177	1.22802734375
2026-09-13T21:34:18+00:00	torvalds__linux	L	pipeline	58574	1722	5	2.3	21146	1177	1.39794921875
2026-09-13T21:34:33+00:00	torvalds__linux	L	pipeline	58589	1726	5	1.8	21215	1177	1.6240234375
2026-09-13T21:34:48+00:00	torvalds__linux	L	pipeline	58604	1731	5	2.4	21209	1177	1.48486328125
2026-09-13T21:35:03+00:00	torvalds__linux	L	pipeline	58619	1734	5	2.1	21258	1177	1.37646484375
2026-09-13T21:35:18+00:00	torvalds__linux	L	pipeline	58634	1739	5	2.2	21234	1177	1.51416015625
2026-09-13T21:35:33+00:00	torvalds__linux	L	pipeline	58649	1744	5	2.0	21216	1177	1.69482421875
2026-09-13T21:35:48+00:00	torvalds__linux	L	pipeline	58664	1747	5	2.4	21269	1177	1.54052734375
2026-09-13T21:36:03+00:00	torvalds__linux	L	pipeline	58679	1752	5	2.3	21276	1177	1.42041015625
2026-09-13T21:36:18+00:00	torvalds__linux	L	pipeline	58694	1756	5	2.1	21265	1177	1.40087890625
2026-09-13T21:36:33+00:00	torvalds__linux	L	pipeline	58709	1760	5	1.7	21230	1177	1.3115234375
2026-09-13T21:36:48+00:00	torvalds__linux	L	pipeline	58724	1764	5	2.1	21222	1177	1.5380859375
2026-09-13T21:37:03+00:00	torvalds__linux	L	pipeline	58740	1768	5	2.2	21264	1177	1.41796875
2026-09-13T21:37:18+00:00	torvalds__linux	L	pipeline	58755	1772	5	2.3	21311	1177	1.42919921875
2026-09-13T21:37:33+00:00	torvalds__linux	L	pipeline	58770	1777	5	2.2	21289	1177	1.33349609375
2026-09-13T21:37:48+00:00	torvalds__linux	L	pipeline	58785	1781	5	2.4	21259	1177	1.2587890625
2026-09-13T21:38:03+00:00	torvalds__linux	L	pipeline	58800	1784	5	2.3	21262	1177	1.28173828125
2026-09-13T21:38:18+00:00	torvalds__linux	L	pipeline	58815	1788	5	2.0	21295	1177	1.3671875
2026-09-13T21:38:34+00:00	torvalds__linux	L	pipeline	58830	1793	5	1.7	21314	1177	1.35888671875
2026-09-13T21:38:49+00:00	torvalds__linux	L	pipeline	58845	1799	5	1.9	21348	1177	1.27880859375
2026-09-13T21:39:04+00:00	torvalds__linux	L	pipeline	58860	1803	5	2.4	21317	1177	1.296875
2026-09-13T21:39:19+00:00	torvalds__linux	L	pipeline	58875	1807	5	2.3	21279	1177	1.23046875
2026-09-13T21:39:34+00:00	torvalds__linux	L	pipeline	58890	1812	5	2.1	21289	1177	1.17919921875
2026-09-13T21:39:49+00:00	torvalds__linux	L	pipeline	58905	1816	5	3.2	21323	1177	1.212890625
2026-09-13T21:40:04+00:00	torvalds__linux	L	pipeline	58920	1820	5	2.3	21347	1177	1.1650390625
2026-09-13T21:40:19+00:00	torvalds__linux	L	pipeline	58935	1824	5	2.5	21282	1177	1.1279296875
2026-09-13T21:40:34+00:00	torvalds__linux	L	pipeline	58950	1828	5	2.4	21395	1177	1.1796875
2026-09-13T21:40:49+00:00	torvalds__linux	L	pipeline	58965	1833	5	2.3	21365	1177	1.2197265625
2026-09-13T21:41:04+00:00	torvalds__linux	L	pipeline	58980	1837	5	2.6	21383	1177	1.38037109375
2026-09-13T21:41:19+00:00	torvalds__linux	L	pipeline	58995	1841	5	2.2	21305	1177	1.29541015625
2026-09-13T21:41:34+00:00	torvalds__linux	L	pipeline	59010	1846	5	1.9	21330	1177	1.3837890625
2026-09-13T21:41:49+00:00	torvalds__linux	L	pipeline	59025	1850	5	2.1	21354	1177	1.50830078125
2026-09-13T21:42:04+00:00	torvalds__linux	L	pipeline	59040	1854	5	2.1	21352	1177	1.46337890625
2026-09-13T21:42:19+00:00	torvalds__linux	L	pipeline	59055	1858	5	2.4	21375	1177	1.50244140625
2026-09-13T21:42:34+00:00	torvalds__linux	L	pipeline	59070	1863	5	1.8	21312	1177	1.390625
2026-09-13T21:42:49+00:00	torvalds__linux	L	pipeline	59085	1867	5	2.4	21359	1177	1.53173828125
2026-09-13T21:43:04+00:00	torvalds__linux	L	pipeline	59100	1872	5	3.0	21457	1177	1.61669921875
2026-09-13T21:43:19+00:00	torvalds__linux	L	pipeline	59115	1878	5	2.2	21444	1177	1.5537109375
2026-09-13T21:43:34+00:00	torvalds__linux	L	pipeline	59130	1883	5	2.1	21390	1177	1.4306640625
2026-09-13T21:43:49+00:00	torvalds__linux	L	pipeline	59145	1887	5	2.2	21363	1177	1.3349609375
2026-09-13T21:44:04+00:00	torvalds__linux	L	pipeline	59160	1892	5	2.1	21366	1177	1.3408203125
2026-09-13T21:44:19+00:00	torvalds__linux	L	pipeline	59175	1896	5	2.3	21369	1177	1.34521484375
2026-09-13T21:44:34+00:00	torvalds__linux	L	pipeline	59190	1900	5	2.0	21412	1177	1.26806640625
2026-09-13T21:44:49+00:00	torvalds__linux	L	pipeline	59205	1905	5	2.3	21416	1177	1.2822265625
2026-09-13T21:45:04+00:00	torvalds__linux	L	pipeline	59221	1909	5	2.1	21383	1177	1.21875
2026-09-13T21:45:19+00:00	torvalds__linux	L	pipeline	59236	1913	5	2.1	21423	1177	1.23779296875
2026-09-13T21:45:34+00:00	torvalds__linux	L	pipeline	59251	1918	5	1.8	21429	1177	1.2587890625
2026-09-13T21:45:49+00:00	torvalds__linux	L	pipeline	59266	1922	5	2.1	21420	1177	1.27490234375
2026-09-13T21:46:04+00:00	torvalds__linux	L	pipeline	59281	1928	5	2.4	21379	1177	1.212890625
2026-09-13T21:46:20+00:00	torvalds__linux	L	pipeline	59296	1932	5	2.5	21432	1177	1.1650390625
2026-09-13T21:46:35+00:00	torvalds__linux	L	pipeline	59311	1936	5	2.0	21460	1177	1.1279296875
2026-09-13T21:46:50+00:00	torvalds__linux	L	pipeline	59326	1941	5	2.3	21412	1177	1.09912109375
2026-09-13T21:47:05+00:00	torvalds__linux	L	pipeline	59341	1945	5	2.0	21465	1177	1.07666015625
2026-09-13T21:47:20+00:00	torvalds__linux	L	pipeline	59356	1950	5	2.3	21425	1177	1.05908203125
2026-09-13T21:47:35+00:00	torvalds__linux	L	pipeline	59371	1954	5	1.7	21439	1177	1.11962890625
2026-09-13T21:47:50+00:00	torvalds__linux	L	pipeline	59386	1958	5	2.1	21477	1177	1.09228515625
2026-09-13T21:48:05+00:00	torvalds__linux	L	pipeline	59401	1963	5	2.2	21492	1177	1.15185546875
2026-09-13T21:48:20+00:00	torvalds__linux	L	pipeline	59416	1968	5	2.1	21496	1177	1.185546875
2026-09-13T21:48:35+00:00	torvalds__linux	L	pipeline	59431	1973	5	1.7	21434	1177	1.14404296875
2026-09-13T21:48:50+00:00	torvalds__linux	L	pipeline	59446	1979	5	2.5	21475	1177	1.11181640625
2026-09-13T21:49:05+00:00	torvalds__linux	L	pipeline	59461	1983	5	2.0	21502	1177	1.08642578125
2026-09-13T21:49:20+00:00	torvalds__linux	L	pipeline	59476	1989	5	2.1	21556	1177	1.06689453125
2026-09-13T21:49:35+00:00	torvalds__linux	L	pipeline	59491	1993	5	1.9	21518	1177	1.05126953125
2026-09-13T21:49:50+00:00	torvalds__linux	L	pipeline	59506	1997	5	2.0	21472	1177	1.11328125
2026-09-13T21:50:05+00:00	torvalds__linux	L	pipeline	59521	2001	5	2.4	21519	1177	1.16162109375
2026-09-13T21:50:20+00:00	torvalds__linux	L	pipeline	59536	2006	5	2.6	21582	1177	1.501953125
2026-09-13T21:50:35+00:00	torvalds__linux	L	pipeline	59551	2010	5	2.5	21649	1177	1.5390625
2026-09-13T21:50:50+00:00	torvalds__linux	L	pipeline	59566	2015	5	2.0	21585	1177	1.65380859375
2026-09-13T21:51:05+00:00	torvalds__linux	L	pipeline	59581	2019	5	3.0	21489	1177	1.50830078125
2026-09-13T21:51:20+00:00	torvalds__linux	L	pipeline	59596	2023	5	2.4	21547	1177	1.46923828125
2026-09-13T21:51:35+00:00	torvalds__linux	L	pipeline	59611	2028	5	1.8	21531	1177	1.4326171875
2026-09-13T21:51:50+00:00	torvalds__linux	L	pipeline	59626	2032	5	3.2	21571	1177	1.79931640625
2026-09-13T21:52:05+00:00	torvalds__linux	L	pipeline	59641	2036	5	2.1	21472	1177	1.6953125
2026-09-13T21:52:20+00:00	torvalds__linux	L	pipeline	59656	2041	5	2.2	21543	1177	1.54052734375
2026-09-13T21:52:35+00:00	torvalds__linux	L	pipeline	59671	2046	5	1.9	21575	1177	1.56787109375
2026-09-13T21:52:50+00:00	torvalds__linux	L	pipeline	59687	2050	5	2.4	21507	1177	1.44140625
2026-09-13T21:53:05+00:00	torvalds__linux	L	pipeline	59702	2054	5	2.2	21586	1177	1.4111328125
2026-09-13T21:53:20+00:00	torvalds__linux	L	pipeline	59717	2058	5	2.5	21537	1177	1.3193359375
2026-09-13T21:53:35+00:00	torvalds__linux	L	pipeline	59732	2063	5	1.7	21504	1177	1.24755859375
2026-09-13T21:53:50+00:00	torvalds__linux	L	pipeline	59747	2068	5	2.0	21542	1177	1.2724609375
2026-09-13T21:54:06+00:00	torvalds__linux	L	pipeline	59762	2072	5	2.1	21469	1177	1.21142578125
2026-09-13T21:54:21+00:00	torvalds__linux	L	pipeline	59777	2076	5	2.4	21507	1177	1.39892578125
2026-09-13T21:54:36+00:00	torvalds__linux	L	pipeline	59792	2081	5	2.0	21535	1177	1.3095703125
2026-09-13T21:54:51+00:00	torvalds__linux	L	pipeline	59807	2086	5	3.3	21505	1177	1.38818359375
2026-09-13T21:55:06+00:00	torvalds__linux	L	pipeline	59822	2091	5	2.0	21552	1177	1.3017578125
2026-09-13T21:55:21+00:00	torvalds__linux	L	pipeline	59837	2095	5	2.5	21566	1177	1.234375
2026-09-13T21:55:36+00:00	torvalds__linux	L	pipeline	59852	2100	5	1.6	21553	1177	1.181640625
2026-09-13T21:55:51+00:00	torvalds__linux	L	pipeline	59867	2104	5	2.1	21538	1177	1.140625
2026-09-13T21:56:06+00:00	torvalds__linux	L	pipeline	59882	2109	5	2.4	21579	1177	1.1767578125
2026-09-13T21:56:21+00:00	torvalds__linux	L	pipeline	59897	2114	5	2.2	21578	1177	1.20556640625
2026-09-13T21:56:36+00:00	torvalds__linux	L	pipeline	59912	2118	5	1.7	21586	1177	1.15966796875
2026-09-13T21:56:51+00:00	torvalds__linux	L	pipeline	59927	2123	5	2.3	21521	1177	1.123046875
2026-09-13T21:57:06+00:00	torvalds__linux	L	pipeline	59942	2128	5	2.1	21597	1177	1.24951171875
2026-09-13T21:57:21+00:00	torvalds__linux	L	pipeline	59957	2132	5	2.1	21595	1177	1.26806640625
2026-09-13T21:57:36+00:00	torvalds__linux	L	pipeline	59972	2137	5	1.7	21611	1177	1.72412109375
2026-09-13T21:57:51+00:00	torvalds__linux	L	pipeline	59987	2142	5	2.4	21615	1177	1.7177734375
2026-09-13T21:58:06+00:00	torvalds__linux	L	pipeline	60002	2147	5	2.3	21658	1177	1.7060546875
2026-09-13T21:58:21+00:00	torvalds__linux	L	pipeline	60017	2152	5	2.2	21639	1177	1.54931640625
2026-09-13T21:58:36+00:00	torvalds__linux	L	pipeline	60032	2157	5	1.9	21592	1177	1.49462890625
2026-09-13T21:58:51+00:00	torvalds__linux	L	pipeline	60047	2162	5	2.4	21606	1177	1.45849609375
2026-09-13T21:59:06+00:00	torvalds__linux	L	pipeline	60062	2166	5	2.1	21650	1177	1.49853515625
2026-09-13T21:59:21+00:00	torvalds__linux	L	pipeline	60077	2171	5	2.2	21647	1177	1.38720703125
2026-09-13T21:59:36+00:00	torvalds__linux	L	pipeline	60092	2176	5	1.8	21663	1177	1.30078125
2026-09-13T21:59:51+00:00	torvalds__linux	L	pipeline	60107	2181	5	2.0	21643	1177	1.3017578125
2026-09-13T22:00:06+00:00	torvalds__linux	L	pipeline	60122	2186	5	2.2	21683	1177	1.3701171875
2026-09-13T22:00:21+00:00	torvalds__linux	L	pipeline	60137	2190	5	3.6	21764	1177	1.28759765625
2026-09-13T22:00:36+00:00	torvalds__linux	L	pipeline	60153	2284	5	3.5	21689	1177	1.37744140625
2026-09-13T22:00:51+00:00	torvalds__linux	L	pipeline	60168	2239	5	2.1	21834	1177	1.3740234375
2026-09-13T22:01:06+00:00	torvalds__linux	L	pipeline	60183	2239	5	2.0	21935	1177	1.29052734375
2026-09-13T22:01:21+00:00	torvalds__linux	L	pipeline	60198	2239	5	1.9	22097	1177	1.46044921875
2026-09-13T22:01:36+00:00	torvalds__linux	L	pipeline	60213	2239	5	1.4	22159	1177	1.35791015625
2026-09-13T22:01:51+00:00	torvalds__linux	L	pipeline	60228	2239	5	1.6	22342	1177	1.49462890625
2026-09-13T22:02:07+00:00	torvalds__linux	L	pipeline	60243	2239	5	1.9	22471	1177	1.38427734375
2026-09-13T22:02:22+00:00	torvalds__linux	L	pipeline	60258	2239	5	2.2	22615	1177	1.58251953125
2026-09-13T22:02:37+00:00	torvalds__linux	L	pipeline	60273	2239	5	1.9	22699	1177	1.453125
2026-09-13T22:02:52+00:00	torvalds__linux	L	pipeline	60288	2239	5	1.6	22778	1177	1.35205078125
2026-09-13T22:03:07+00:00	torvalds__linux	L	pipeline	60303	2239	5	1.7	22906	1177	1.2734375
2026-09-13T22:03:22+00:00	torvalds__linux	L	pipeline	60318	2239	5	2.2	23001	1177	1.2802734375
2026-09-13T22:03:37+00:00	torvalds__linux	L	pipeline	60333	2239	5	1.8	23153	1177	1.29150390625
2026-09-13T22:03:52+00:00	torvalds__linux	L	pipeline	60348	2239	5	1.6	23199	1177	1.37451171875
2026-09-13T22:04:07+00:00	torvalds__linux	L	pipeline	60363	2239	5	1.9	23319	1177	1.291015625
2026-09-13T22:04:22+00:00	torvalds__linux	L	pipeline	60378	2239	5	2.0	23432	1177	1.2939453125
2026-09-13T22:04:37+00:00	torvalds__linux	L	pipeline	60393	2239	5	1.8	23545	1177	1.30224609375
2026-09-13T22:04:52+00:00	torvalds__linux	L	pipeline	60408	2239	5	1.6	23590	1177	1.30859375
2026-09-13T22:05:07+00:00	torvalds__linux	L	pipeline	60423	2239	5	1.9	23690	1177	1.54150390625
2026-09-13T22:05:22+00:00	torvalds__linux	L	pipeline	60438	2239	5	1.7	23755	1177	1.4208984375
2026-09-13T22:05:37+00:00	torvalds__linux	L	pipeline	60453	2239	5	1.7	23830	1177	1.32666015625
2026-09-13T22:05:52+00:00	torvalds__linux	L	pipeline	60468	2239	5	2.0	23876	1177	1.25341796875
2026-09-13T22:06:07+00:00	torvalds__linux	L	pipeline	60483	2239	5	2.1	23924	1177	1.7392578125
2026-09-13T22:06:22+00:00	torvalds__linux	L	pipeline	60498	2239	5	1.8	24134	1177	1.57470703125
2026-09-13T22:06:37+00:00	torvalds__linux	L	pipeline	60513	2239	5	1.5	24155	1177	1.51513671875
2026-09-13T22:06:52+00:00	torvalds__linux	L	pipeline	60528	2239	5	2.2	24061	1177	1.69677734375
2026-09-13T22:07:07+00:00	torvalds__linux	L	pipeline	60543	2239	5	1.9	24106	1177	1.54150390625
2026-09-13T22:07:22+00:00	torvalds__linux	L	pipeline	60558	2239	5	2.0	24082	1177	1.4208984375
2026-09-13T22:07:37+00:00	torvalds__linux	L	pipeline	60573	2239	5	1.5	24062	1177	1.32666015625
2026-09-13T22:07:52+00:00	torvalds__linux	L	pipeline	60588	2239	5	1.8	24098	1177	1.25341796875
2026-09-13T22:08:07+00:00	torvalds__linux	L	pipeline	60603	2239	5	2.0	24039	1177	1.49169921875
2026-09-13T22:08:22+00:00	torvalds__linux	L	pipeline	60619	2239	5	2.1	24065	1177	1.3818359375
2026-09-13T22:08:37+00:00	torvalds__linux	L	pipeline	60634	2239	5	1.8	24101	1177	1.37060546875
2026-09-13T22:08:52+00:00	torvalds__linux	L	pipeline	60649	2239	5	1.7	24007	1177	1.35595703125
2026-09-13T22:09:07+00:00	torvalds__linux	L	pipeline	60664	2239	5	2.1	24035	1177	1.43115234375
2026-09-13T22:09:22+00:00	torvalds__linux	L	pipeline	60679	2239	5	3.3	23778	1177	1.544921875
2026-09-13T22:09:37+00:00	torvalds__linux	L	pipeline	60694	2239	5	1.4	23886	1177	1.42333984375
2026-09-13T22:09:53+00:00	torvalds__linux	L	pipeline	60709	2239	5	2.9	23921	1177	1.39697265625
2026-09-13T22:10:08+00:00	torvalds__linux	L	pipeline	60724	2239	5	2.9	23898	1177	1.388671875
2026-09-13T22:10:23+00:00	torvalds__linux	L	pipeline	60739	2239	5	2.5	23845	1177	1.3828125
2026-09-13T22:10:38+00:00	torvalds__linux	L	pipeline	60754	2239	5	1.6	23910	1177	1.37158203125
2026-09-13T22:10:53+00:00	torvalds__linux	L	pipeline	60769	2239	5	2.0	23885	1177	1.28857421875
2026-09-13T22:11:08+00:00	torvalds__linux	L	pipeline	60784	2239	5	2.3	23889	1177	1.22412109375
2026-09-13T22:11:23+00:00	torvalds__linux	L	pipeline	60799	2239	5	2.8	23838	1177	1.41455078125
2026-09-13T22:11:38+00:00	torvalds__linux	L	pipeline	60814	2239	5	1.4	23889	1177	1.322265625
2026-09-13T22:11:53+00:00	torvalds__linux	L	pipeline	60829	2239	5	1.7	23860	1177	1.25048828125
2026-09-13T22:12:08+00:00	torvalds__linux	L	pipeline	60844	2239	5	2.4	23867	1177	1.341796875
2026-09-13T22:12:23+00:00	torvalds__linux	L	pipeline	60859	2239	5	1.8	23914	1177	1.4013671875
2026-09-13T22:12:38+00:00	torvalds__linux	L	pipeline	60874	2239	5	1.6	23944	1177	1.31201171875
2026-09-13T22:12:53+00:00	torvalds__linux	L	pipeline	60889	2239	5	1.8	23986	1177	1.44580078125
2026-09-13T22:13:08+00:00	torvalds__linux	L	pipeline	60904	2239	5	10.1	24324	1177	1.48193359375
2026-09-13T22:13:23+00:00	torvalds__linux	L	pipeline	60919	2239	5	2.1	24191	1177	1.37451171875
2026-09-13T22:13:38+00:00	torvalds__linux	L	pipeline	60934	2239	5	1.8	24200	1177	1.291015625
2026-09-13T22:13:53+00:00	torvalds__linux	L	pipeline	60949	2239	5	2.3	24176	1177	1.22607421875
2026-09-13T22:14:08+00:00	torvalds__linux	L	pipeline	60964	2239	5	2.3	24191	1177	1.41552734375
2026-09-13T22:14:23+00:00	torvalds__linux	L	pipeline	60979	2239	5	1.4	24191	1177	1.32275390625
2026-09-13T22:14:38+00:00	torvalds__linux	L	pipeline	60994	2239	5	1.6	24193	1177	1.38671875
2026-09-13T22:14:53+00:00	torvalds__linux	L	pipeline	61009	2239	5	3.0	23793	1177	1.609375
2026-09-13T22:15:08+00:00	torvalds__linux	L	pipeline	61024	2239	5	2.7	23770	1177	1.5546875
2026-09-13T22:15:23+00:00	torvalds__linux	L	pipeline	61039	2239	5	1.6	23803	1177	1.431640625
2026-09-13T22:15:38+00:00	torvalds__linux	L	pipeline	61054	2239	5	1.4	23843	1177	1.33544921875
2026-09-13T22:15:53+00:00	torvalds__linux	L	pipeline	61069	2239	5	1.8	23860	1177	1.4208984375
2026-09-13T22:16:08+00:00	torvalds__linux	L	pipeline	61085	2239	5	2.5	23908	1177	1.4072265625
2026-09-13T22:16:23+00:00	torvalds__linux	L	pipeline	61100	2239	5	2.1	23940	1177	1.55126953125
2026-09-13T22:16:38+00:00	torvalds__linux	L	pipeline	61115	2239	5	1.5	23950	1177	1.42822265625
2026-09-13T22:16:53+00:00	torvalds__linux	L	pipeline	61130	2239	5	1.8	23959	1177	1.33251953125
2026-09-13T22:17:08+00:00	torvalds__linux	L	pipeline	61145	2239	5	2.5	24059	1177	1.41845703125
2026-09-13T22:17:24+00:00	torvalds__linux	L	pipeline	61160	2239	5	1.4	24097	1177	1.3251953125
2026-09-13T22:17:39+00:00	torvalds__linux	L	pipeline	61175	2239	5	1.7	24212	1177	1.251953125
2026-09-13T22:17:54+00:00	torvalds__linux	L	pipeline	61190	2239	5	3.1	24337	1177	1.5966796875
2026-09-13T22:18:09+00:00	torvalds__linux	L	pipeline	61205	2239	5	2.9	24332	1177	1.54443359375
2026-09-13T22:18:24+00:00	torvalds__linux	L	pipeline	61220	2239	5	1.4	24321	1177	1.50341796875
2026-09-13T22:18:39+00:00	torvalds__linux	L	pipeline	61235	2239	5	1.9	24367	1177	1.47216796875
2026-09-13T22:18:54+00:00	torvalds__linux	L	pipeline	61250	2239	5	2.3	24391	1177	1.447265625
2026-09-13T22:19:09+00:00	torvalds__linux	L	pipeline	61265	2239	5	2.7	24390	1177	1.34765625
2026-09-13T22:19:24+00:00	torvalds__linux	L	pipeline	61280	2239	5	1.5	24424	1177	1.26953125
2026-09-13T22:19:39+00:00	torvalds__linux	L	pipeline	61295	2239	5	1.6	24421	1177	1.28955078125
2026-09-13T22:19:54+00:00	torvalds__linux	L	pipeline	61310	2239	5	2.0	24414	1177	1.224609375
2026-09-13T22:20:09+00:00	torvalds__linux	L	pipeline	61325	2239	5	2.9	24577	1177	1.2548828125
2026-09-13T22:20:24+00:00	torvalds__linux	L	pipeline	61340	2239	5	1.9	24565	1177	1.4140625
2026-09-13T22:20:39+00:00	torvalds__linux	L	pipeline	61355	2239	5	1.6	24543	1177	1.32177734375
2026-09-13T22:20:54+00:00	torvalds__linux	L	pipeline	61370	2239	5	2.2	24469	1177	1.25
2026-09-13T22:21:09+00:00	torvalds__linux	L	pipeline	61385	2239	5	2.6	24508	1177	1.27490234375
2026-09-13T22:21:24+00:00	torvalds__linux	L	pipeline	61400	2239	5	1.8	24515	1177	1.212890625
2026-09-13T22:21:39+00:00	torvalds__linux	L	pipeline	61415	2239	5	1.4	24571	1177	1.1650390625
2026-09-13T22:21:54+00:00	torvalds__linux	L	pipeline	61430	2239	5	1.9	24539	1177	1.1279296875
2026-09-13T22:22:09+00:00	torvalds__linux	L	pipeline	61445	2238	5	2.3	24552	1177	1.09912109375
2026-09-13T22:22:24+00:00	torvalds__linux	L	pipeline	61460	2238	5	2.9	23785	1177	1.35400390625
2026-09-13T22:22:39+00:00	torvalds__linux	L	pipeline	61475	2238	5	1.7	23910	1177	1.2744140625
2026-09-13T22:22:54+00:00	torvalds__linux	L	pipeline	61490	2238	5	1.9	24100	1177	1.29345703125
2026-09-13T22:23:09+00:00	torvalds__linux	L	pipeline	61505	2238	5	3.2	23038	1177	1.2275390625
2026-09-13T22:23:24+00:00	torvalds__linux	L	pipeline	61520	2238	5	1.6	23135	1177	1.17626953125
2026-09-13T22:23:39+00:00	torvalds__linux	L	pipeline	61536	2238	5	1.5	23247	1177	1.13671875
2026-09-13T22:23:54+00:00	torvalds__linux	L	pipeline	61551	2238	5	2.2	23342	1177	1.26025390625
2026-09-13T22:24:09+00:00	torvalds__linux	L	pipeline	61566	2238	5	1.9	23483	1177	1.27001953125
2026-09-13T22:24:24+00:00	torvalds__linux	L	pipeline	61581	2238	5	1.5	23593	1177	1.20947265625
2026-09-13T22:24:39+00:00	torvalds__linux	L	pipeline	61596	2238	5	1.7	23631	1177	1.16259765625
2026-09-13T22:24:54+00:00	torvalds__linux	L	pipeline	61611	2238	5	3.2	23801	1177	1.26220703125
2026-09-13T22:25:10+00:00	torvalds__linux	L	pipeline	61626	2238	5	2.6	23871	1177	1.271484375
2026-09-13T22:25:25+00:00	torvalds__linux	L	pipeline	61641	2238	5	1.5	23919	1177	1.3466796875
2026-09-13T22:25:40+00:00	torvalds__linux	L	pipeline	61656	2238	5	1.6	23898	1177	1.26904296875
2026-09-13T22:25:55+00:00	torvalds__linux	L	pipeline	61671	2238	5	2.2	23901	1177	1.20849609375
2026-09-13T22:26:10+00:00	torvalds__linux	L	pipeline	61686	2238	5	2.3	23854	1177	1.2353515625
2026-09-13T22:26:25+00:00	torvalds__linux	L	pipeline	61701	2238	5	1.7	23915	1177	1.1826171875
2026-09-13T22:26:40+00:00	torvalds__linux	L	pipeline	61716	2238	5	1.4	23932	1177	1.1416015625
2026-09-13T22:26:55+00:00	torvalds__linux	L	pipeline	61731	2238	5	2.0	23954	1177	1.109375
2026-09-13T22:27:10+00:00	torvalds__linux	L	pipeline	61746	2238	5	2.7	23917	1177	1.08447265625
2026-09-13T22:27:25+00:00	torvalds__linux	L	pipeline	61761	2238	5	1.7	24052	1177	1.1337890625
2026-09-13T22:27:40+00:00	torvalds__linux	L	pipeline	61776	2238	5	1.4	24017	1177	1.171875
2026-09-13T22:27:55+00:00	torvalds__linux	L	pipeline	61791	2238	5	1.9	24439	1177	1.201171875
2026-09-13T22:28:10+00:00	torvalds__linux	L	pipeline	61806	2238	5	2.3	24145	1177	1.3046875
2026-09-13T22:28:25+00:00	torvalds__linux	L	pipeline	61821	2238	5	1.3	24189	1177	1.23681640625
2026-09-13T22:28:40+00:00	torvalds__linux	L	pipeline	61836	2238	5	11.0	24887	1177	1.33837890625
2026-09-13T22:28:55+00:00	torvalds__linux	L	pipeline	61851	2238	5	2.5	24884	1177	1.34326171875
2026-09-13T22:29:10+00:00	torvalds__linux	L	pipeline	61866	2238	5	2.4	24372	1177	1.4091796875
2026-09-13T22:29:25+00:00	torvalds__linux	L	pipeline	61881	2238	5	1.8	24407	1177	1.466796875
2026-09-13T22:29:40+00:00	torvalds__linux	L	pipeline	61896	2238	5	2.4	24282	1177	1.36279296875
2026-09-13T22:29:55+00:00	torvalds__linux	L	pipeline	61911	2238	5	2.7	24194	1177	1.4306640625
2026-09-13T22:30:10+00:00	torvalds__linux	L	pipeline	61926	2238	5	2.8	24175	1177	1.4091796875
2026-09-13T22:30:25+00:00	torvalds__linux	L	pipeline	61941	2238	5	1.8	24100	1177	1.521484375
2026-09-13T22:30:40+00:00	torvalds__linux	L	pipeline	61956	2238	5	1.3	24145	1177	1.4052734375
2026-09-13T22:30:55+00:00	torvalds__linux	L	pipeline	61971	2238	5	2.8	24049	1177	1.5185546875
2026-09-13T22:31:10+00:00	torvalds__linux	L	pipeline	61986	2238	5	2.3	24124	1177	1.40283203125
2026-09-13T22:31:25+00:00	torvalds__linux	L	pipeline	62002	2238	5	1.5	24114	1177	1.31298828125
2026-09-13T22:31:40+00:00	torvalds__linux	L	pipeline	62017	2238	5	2.0	24063	1177	1.24267578125
2026-09-13T22:31:55+00:00	torvalds__linux	L	pipeline	62032	2238	5	2.1	24080	1177	1.3984375
2026-09-13T22:32:10+00:00	torvalds__linux	L	pipeline	62047	2238	5	2.3	24157	1177	1.3896484375
2026-09-13T22:32:25+00:00	torvalds__linux	L	pipeline	62062	2238	5	1.6	24144	1177	1.302734375
2026-09-13T22:32:41+00:00	torvalds__linux	L	pipeline	62077	2238	5	1.6	24163	1177	1.2353515625
2026-09-13T22:32:56+00:00	torvalds__linux	L	pipeline	62092	2238	5	2.1	24194	1177	1.31884765625
2026-09-13T22:33:11+00:00	torvalds__linux	L	pipeline	62107	2238	5	2.0	24284	1177	1.7958984375
2026-09-13T22:33:26+00:00	torvalds__linux	L	pipeline	62122	2238	5	1.6	24433	1177	1.90869140625
2026-09-13T22:33:41+00:00	torvalds__linux	L	pipeline	62137	2238	5	1.9	24560	1177	1.787109375
2026-09-13T22:33:56+00:00	torvalds__linux	L	pipeline	62152	2238	5	2.1	24592	1177	1.7607421875
2026-09-13T22:34:11+00:00	torvalds__linux	L	pipeline	62167	2238	5	2.0	24622	1177	1.591796875
2026-09-13T22:34:26+00:00	torvalds__linux	L	pipeline	62182	2238	5	1.8	24676	1177	1.4599609375
2026-09-13T22:34:41+00:00	torvalds__linux	L	pipeline	62197	2238	5	2.2	24769	1177	1.357421875
2026-09-13T22:34:56+00:00	torvalds__linux	L	pipeline	62212	2238	5	2.1	24782	1177	1.345703125
2026-09-13T22:35:11+00:00	torvalds__linux	L	pipeline	62227	2238	5	2.5	24841	1177	1.2685546875
2026-09-13T22:35:26+00:00	torvalds__linux	L	pipeline	62242	2238	5	1.6	24850	1177	1.2763671875
2026-09-13T22:35:41+00:00	torvalds__linux	L	pipeline	62257	2238	5	2.1	24848	1177	1.3623046875
2026-09-13T22:35:56+00:00	torvalds__linux	L	pipeline	62272	2238	5	2.1	24876	1177	1.28125
2026-09-13T22:36:11+00:00	torvalds__linux	L	pipeline	62287	2238	5	2.3	24912	1177	1.2919921875
2026-09-13T22:36:26+00:00	torvalds__linux	L	pipeline	62302	2238	5	1.7	24828	1177	1.2265625
2026-09-13T22:36:41+00:00	torvalds__linux	L	pipeline	62317	2238	5	1.5	24874	1177	1.17529296875
2026-09-13T22:36:56+00:00	torvalds__linux	L	pipeline	62332	2238	5	2.3	24832	1177	1.1357421875
2026-09-13T22:37:11+00:00	torvalds__linux	L	pipeline	62347	2238	5	2.3	24835	1177	1.10498046875
2026-09-13T22:37:26+00:00	torvalds__linux	L	pipeline	62362	2238	5	1.7	24836	1177	1.216796875
2026-09-13T22:37:41+00:00	torvalds__linux	L	pipeline	62377	2238	5	2.0	24861	1177	1.16796875
2026-09-13T22:37:56+00:00	torvalds__linux	L	pipeline	62392	2238	5	2.0	24860	1177	1.1298828125
2026-09-13T22:38:11+00:00	torvalds__linux	L	pipeline	62407	2238	5	2.0	24813	1177	1.1005859375
2026-09-13T22:38:26+00:00	torvalds__linux	L	pipeline	62422	2238	5	1.4	24846	1177	1.07763671875
2026-09-13T22:38:41+00:00	torvalds__linux	L	pipeline	62437	2238	5	2.1	24504	1177	1.06005859375
2026-09-13T22:38:56+00:00	torvalds__linux	L	pipeline	62453	2238	5	2.2	23805	1177	1.1201171875
2026-09-13T22:39:11+00:00	torvalds__linux	L	pipeline	62468	2238	5	2.0	23914	1177	1.0927734375
2026-09-13T22:39:26+00:00	torvalds__linux	L	pipeline	62483	2238	5	1.9	24000	1177	1.07177734375
2026-09-13T22:39:41+00:00	torvalds__linux	L	pipeline	62498	2238	5	2.6	24108	1177	1.0556640625
2026-09-13T22:39:56+00:00	torvalds__linux	L	pipeline	62513	2238	5	3.9	24613	1177	1.197265625
2026-09-13T22:40:12+00:00	torvalds__linux	L	pipeline	62528	2238	5	2.3	24281	1177	1.2333984375
2026-09-13T22:40:27+00:00	torvalds__linux	L	pipeline	62543	2238	5	1.7	24451	1177	1.1806640625
2026-09-13T22:40:42+00:00	torvalds__linux	L	pipeline	62558	2238	5	1.4	24361	1177	1.2138671875
2026-09-13T22:40:57+00:00	torvalds__linux	L	pipeline	62573	2238	5	2.2	24334	1177	1.400390625
2026-09-13T22:41:12+00:00	torvalds__linux	L	pipeline	62588	2238	5	2.2	24525	1177	1.37939453125
2026-09-13T22:41:27+00:00	torvalds__linux	L	pipeline	62603	2238	5	1.8	24378	1177	1.375
2026-09-13T22:41:42+00:00	torvalds__linux	L	pipeline	62618	2238	5	2.1	24369	1177	1.29150390625
2026-09-13T22:41:57+00:00	torvalds__linux	L	pipeline	62633	2238	5	2.1	24492	1177	1.53515625
2026-09-13T22:42:12+00:00	torvalds__linux	L	pipeline	62648	2238	5	2.2	24413	1177	1.49658203125
2026-09-13T22:42:27+00:00	torvalds__linux	L	pipeline	62663	2238	5	1.4	24451	1177	1.38623046875
2026-09-13T22:42:42+00:00	torvalds__linux	L	pipeline	62678	2238	5	1.6	24582	1177	1.2998046875
2026-09-13T22:42:57+00:00	torvalds__linux	L	pipeline	62693	2238	5	2.7	24499	1177	1.232421875
2026-09-13T22:43:12+00:00	torvalds__linux	L	pipeline	62708	2238	5	2.1	24609	1177	1.18017578125
2026-09-13T22:43:27+00:00	torvalds__linux	L	pipeline	62723	2238	5	1.5	24545	1177	1.1396484375
2026-09-13T22:43:42+00:00	torvalds__linux	L	pipeline	62738	2238	5	1.7	24518	1177	1.10791015625
2026-09-13T22:43:57+00:00	torvalds__linux	L	pipeline	62753	2238	5	2.1	24549	1177	1.1640625
2026-09-13T22:44:12+00:00	torvalds__linux	L	pipeline	62768	2238	5	2.4	24525	1177	1.19580078125
2026-09-13T22:44:27+00:00	torvalds__linux	L	pipeline	62783	2238	5	1.6	24547	1177	1.1513671875
2026-09-13T22:44:42+00:00	torvalds__linux	L	pipeline	62798	2238	5	1.7	24589	1177	1.11767578125
2026-09-13T22:44:57+00:00	torvalds__linux	L	pipeline	62813	2238	5	1.9	24581	1177	1.0908203125
2026-09-13T22:45:12+00:00	torvalds__linux	L	pipeline	62828	2238	5	2.4	24636	1177	1.341796875
2026-09-13T22:45:27+00:00	torvalds__linux	L	pipeline	62843	2238	5	1.6	24609	1177	1.26513671875
2026-09-13T22:45:42+00:00	torvalds__linux	L	pipeline	62858	2238	5	2.1	24643	1177	1.2060546875
2026-09-13T22:45:57+00:00	torvalds__linux	L	pipeline	62873	2238	5	2.1	24605	1177	1.15966796875
2026-09-13T22:46:12+00:00	torvalds__linux	L	pipeline	62888	2238	5	2.0	24563	1177	1.123046875
2026-09-13T22:46:27+00:00	torvalds__linux	L	pipeline	62903	2238	5	1.4	24549	1177	1.09521484375
2026-09-13T22:46:42+00:00	torvalds__linux	L	pipeline	62919	2238	5	1.7	24577	1177	1.0732421875
2026-09-13T22:46:57+00:00	torvalds__linux	L	pipeline	62934	2238	5	2.2	24540	1177	1.05615234375
2026-09-13T22:47:12+00:00	torvalds__linux	L	pipeline	62949	2238	5	2.2	24540	1177	1.76416015625
2026-09-13T22:47:27+00:00	torvalds__linux	L	pipeline	62964	2238	5	1.6	24537	1177	1.736328125
2026-09-13T22:47:42+00:00	torvalds__linux	L	pipeline	62979	2238	5	1.7	24535	1177	1.80078125
2026-09-13T22:47:57+00:00	torvalds__linux	L	pipeline	62994	2238	5	2.3	24533	1177	1.62255859375
2026-09-13T22:48:13+00:00	torvalds__linux	L	pipeline	63009	2238	5	1.8	24501	1177	1.5517578125
2026-09-13T22:48:28+00:00	torvalds__linux	L	pipeline	63024	2238	5	1.9	24484	1177	1.4287109375
2026-09-13T22:48:43+00:00	torvalds__linux	L	pipeline	63039	2238	5	1.9	24468	1177	1.3330078125
2026-09-13T22:48:58+00:00	torvalds__linux	L	pipeline	63054	2238	5	2.2	24455	1177	1.25830078125
2026-09-13T22:49:13+00:00	torvalds__linux	L	pipeline	63069	2238	5	2.4	24471	1177	1.20068359375
2026-09-13T22:49:28+00:00	torvalds__linux	L	pipeline	63084	2238	5	1.7	24451	1177	1.236328125
2026-09-13T22:49:43+00:00	torvalds__linux	L	pipeline	63099	2238	5	2.2	24506	1177	1.3193359375
2026-09-13T22:49:58+00:00	torvalds__linux	L	pipeline	63114	2238	5	2.5	24443	1177	1.32177734375
2026-09-13T22:50:13+00:00	torvalds__linux	L	pipeline	63129	2238	5	2.2	24532	1177	1.25
2026-09-13T22:50:28+00:00	torvalds__linux	L	pipeline	63144	2238	5	1.9	24509	1177	1.1943359375
2026-09-13T22:50:43+00:00	torvalds__linux	L	pipeline	63159	2238	5	1.5	24536	1177	1.15087890625
2026-09-13T22:50:58+00:00	torvalds__linux	L	pipeline	63174	2238	5	2.6	24470	1177	1.1171875
2026-09-13T22:51:13+00:00	torvalds__linux	L	pipeline	63189	2238	5	2.0	24543	1177	1.1708984375
2026-09-13T22:51:28+00:00	torvalds__linux	L	pipeline	63204	2238	5	1.8	24573	1177	1.26806640625
2026-09-13T22:51:43+00:00	torvalds__linux	L	pipeline	63219	2238	5	2.1	24512	1177	1.49267578125
2026-09-13T22:51:58+00:00	torvalds__linux	L	pipeline	63234	2238	5	2.0	24513	1177	1.611328125
2026-09-13T22:52:13+00:00	torvalds__linux	L	pipeline	63249	2238	5	2.1	24528	1177	1.54345703125
2026-09-13T22:52:28+00:00	torvalds__linux	L	pipeline	63264	2238	5	1.6	24525	1177	1.490234375
2026-09-13T22:52:43+00:00	torvalds__linux	L	pipeline	63279	2238	5	1.8	24507	1177	1.5419921875
2026-09-13T22:52:58+00:00	torvalds__linux	L	pipeline	63294	2238	5	2.3	24491	1177	1.42138671875
2026-09-13T22:53:13+00:00	torvalds__linux	L	pipeline	63309	2238	5	1.9	24554	1177	1.3271484375
2026-09-13T22:53:28+00:00	torvalds__linux	L	pipeline	63324	2238	5	1.7	24541	1177	1.25390625
2026-09-13T22:53:43+00:00	torvalds__linux	L	pipeline	63339	2238	5	1.6	24505	1177	1.19677734375
2026-09-13T22:53:58+00:00	torvalds__linux	L	pipeline	63354	2238	5	1.9	24553	1177	1.15234375
2026-09-13T22:54:13+00:00	torvalds__linux	L	pipeline	63369	2238	5	2.3	24529	1177	1.1181640625
2026-09-13T22:54:28+00:00	torvalds__linux	L	pipeline	63384	2238	5	2.3	24534	1177	1.171875
2026-09-13T22:54:43+00:00	torvalds__linux	L	pipeline	63400	2238	5	2.5	24511	1177	1.435546875
2026-09-13T22:54:58+00:00	torvalds__linux	L	pipeline	63415	2238	5	1.9	24503	1177	1.41259765625
2026-09-13T22:55:13+00:00	torvalds__linux	L	pipeline	63430	2238	5	2.2	24510	1177	1.3203125
2026-09-13T22:55:28+00:00	torvalds__linux	L	pipeline	63445	2238	5	1.7	24499	1177	1.31689453125
2026-09-13T22:55:43+00:00	torvalds__linux	L	pipeline	63460	2238	5	1.6	24476	1177	1.24658203125
2026-09-13T22:55:59+00:00	torvalds__linux	L	pipeline	63475	2238	5	2.0	24525	1177	1.345703125
2026-09-13T22:56:14+00:00	torvalds__linux	L	pipeline	63490	2238	5	1.9	24513	1177	1.34228515625
2026-09-13T22:56:29+00:00	torvalds__linux	L	pipeline	63505	2238	5	1.8	24542	1177	1.265625
2026-09-13T22:56:44+00:00	torvalds__linux	L	pipeline	63520	2238	5	1.8	24527	1177	1.2060546875
2026-09-13T22:56:59+00:00	torvalds__linux	L	pipeline	63535	2238	5	2.1	24526	1177	1.15966796875
2026-09-13T22:57:14+00:00	torvalds__linux	L	pipeline	63550	2238	5	1.9	24543	1177	1.265625
2026-09-13T22:57:29+00:00	torvalds__linux	L	pipeline	63565	2238	5	1.6	24541	1177	1.42724609375
2026-09-13T22:57:44+00:00	torvalds__linux	L	pipeline	63580	2238	5	2.0	24533	1177	1.70751953125
2026-09-13T22:57:59+00:00	torvalds__linux	L	pipeline	63595	2238	5	2.1	24532	1177	1.6923828125
2026-09-13T22:58:14+00:00	torvalds__linux	L	pipeline	63610	2238	5	2.6	24537	1177	1.6123046875
2026-09-13T22:58:29+00:00	torvalds__linux	L	pipeline	63625	2238	5	4.1	24140	1177	1.70458984375
2026-09-13T22:58:44+00:00	torvalds__linux	L	pipeline	63640	2238	5	2.5	24279	1177	1.62841796875
2026-09-13T22:58:59+00:00	torvalds__linux	L	pipeline	63655	2238	5	2.5	24091	1177	1.48828125
2026-09-13T22:59:14+00:00	torvalds__linux	L	pipeline	63670	2238	5	2.3	23967	1177	1.45361328125
2026-09-13T22:59:29+00:00	torvalds__linux	L	pipeline	63685	2238	5	2.0	24018	1177	1.42041015625
2026-09-13T22:59:44+00:00	torvalds__linux	L	pipeline	63700	2238	5	2.4	24124	1177	1.39501953125
2026-09-13T22:59:59+00:00	torvalds__linux	L	pipeline	63715	2238	5	3.6	20779	1177	1.30712890625
2026-09-13T23:00:14+00:00	torvalds__linux	L	pipeline	63730	2238	5	1.8	20908	1177	1.3125
2026-09-13T23:00:29+00:00	torvalds__linux	L	pipeline	63745	2238	5	1.3	20917	1177	1.31640625
2026-09-13T23:00:44+00:00	torvalds__linux	L	pipeline	63760	2238	5	1.1	21015	1177	1.31982421875
2026-09-13T23:00:59+00:00	torvalds__linux	L	pipeline	63775	2238	5	1.7	21066	1177	1.248046875
2026-09-13T23:01:14+00:00	torvalds__linux	L	pipeline	63790	2238	5	1.4	21235	1177	1.1923828125
2026-09-13T23:01:29+00:00	torvalds__linux	L	pipeline	63805	2238	5	1.1	21423	1177	1.2236328125
2026-09-13T23:01:44+00:00	torvalds__linux	L	pipeline	63820	2238	5	1.0	21584	1177	1.173828125
2026-09-13T23:01:59+00:00	torvalds__linux	L	pipeline	63835	2238	5	1.7	21627	1177	1.13427734375
2026-09-13T23:02:14+00:00	torvalds__linux	L	pipeline	63850	2238	5	1.4	21686	1177	1.171875
2026-09-13T23:02:29+00:00	torvalds__linux	L	pipeline	63865	2238	5	0.9	21743	1177	1.13330078125
2026-09-13T23:02:44+00:00	torvalds__linux	L	pipeline	63880	2238	5	0.9	21789	1177	1.10302734375
2026-09-13T23:02:59+00:00	torvalds__linux	L	pipeline	63896	2238	5	1.3	21808	1177	1.07958984375
2026-09-13T23:03:14+00:00	torvalds__linux	L	pipeline	63911	2238	5	1.4	21862	1177	1.14208984375
2026-09-13T23:03:29+00:00	torvalds__linux	L	pipeline	63926	2238	5	1.0	21907	1177	1.18408203125
2026-09-13T23:03:44+00:00	torvalds__linux	L	pipeline	63941	2238	5	2.6	21992	1177	1.30322265625
2026-09-13T23:03:59+00:00	torvalds__linux	L	pipeline	63956	2238	5	1.4	21648	1177	1.2353515625
2026-09-13T23:04:14+00:00	torvalds__linux	L	pipeline	63971	2238	5	1.6	21624	1177	1.1826171875
2026-09-13T23:04:30+00:00	torvalds__linux	L	pipeline	63986	2238	5	1.4	21649	1177	1.2099609375
2026-09-13T23:04:45+00:00	torvalds__linux	L	pipeline	64001	2238	5	1.1	21668	1177	1.16259765625
2026-09-13T23:05:00+00:00	torvalds__linux	L	pipeline	64016	2238	5	1.3	21709	1177	1.20654296875
2026-09-13T23:05:15+00:00	torvalds__linux	L	pipeline	64031	2238	5	1.7	21668	1177	1.24072265625
2026-09-13T23:05:30+00:00	torvalds__linux	L	pipeline	64046	2238	5	1.3	21680	1177	1.26708984375
2026-09-13T23:05:45+00:00	torvalds__linux	L	pipeline	64061	2238	5	1.0	21661	1177	1.20751953125
2026-09-13T23:06:00+00:00	torvalds__linux	L	pipeline	64076	2238	5	1.6	21666	1177	1.23486328125
2026-09-13T23:06:15+00:00	torvalds__linux	L	pipeline	64091	2238	5	1.5	21658	1177	1.18212890625
2026-09-13T23:06:30+00:00	torvalds__linux	L	pipeline	64106	2238	5	1.1	21673	1177	1.14111328125
2026-09-13T23:06:45+00:00	torvalds__linux	L	pipeline	64121	2238	5	1.2	21695	1177	1.10888671875
2026-09-13T23:07:00+00:00	torvalds__linux	L	pipeline	64136	2238	5	1.4	21658	1177	1.083984375
2026-09-13T23:07:15+00:00	torvalds__linux	L	pipeline	64151	2238	5	1.9	21659	1177	1.06494140625
2026-09-13T23:07:30+00:00	torvalds__linux	L	pipeline	64166	2238	5	1.1	21696	1177	1.05029296875
2026-09-13T23:07:45+00:00	torvalds__linux	L	pipeline	64181	2238	5	1.2	21744	1177	1.03857421875
2026-09-13T23:08:00+00:00	torvalds__linux	L	pipeline	64196	2238	5	1.5	21712	1177	1.029296875
2026-09-13T23:08:15+00:00	torvalds__linux	L	pipeline	64211	2238	5	1.4	21752	1177	1.16455078125
2026-09-13T23:08:30+00:00	torvalds__linux	L	pipeline	64226	2238	5	1.3	21815	1177	1.1279296875
2026-09-13T23:08:45+00:00	torvalds__linux	L	pipeline	64241	2238	5	1.8	21789	1177	1.09912109375
2026-09-13T23:09:00+00:00	torvalds__linux	L	pipeline	64256	2238	5	1.4	21761	1177	2.6787109375
2026-09-13T23:09:15+00:00	torvalds__linux	L	pipeline	64271	2238	5	2.2	21778	1177	2.6748046875
2026-09-13T23:09:30+00:00	torvalds__linux	L	pipeline	64286	2238	5	1.2	21791	1177	2.38330078125
2026-09-13T23:09:45+00:00	torvalds__linux	L	pipeline	64301	2238	5	2.2	21797	1177	2.07666015625
2026-09-13T23:10:00+00:00	torvalds__linux	L	pipeline	64316	2238	5	1.2	21789	1177	1.83740234375
2026-09-13T23:10:15+00:00	torvalds__linux	L	pipeline	64331	2238	5	1.6	21861	1177	1.65087890625
2026-09-13T23:10:30+00:00	torvalds__linux	L	pipeline	64346	2238	5	1.3	21859	1177	1.505859375
2026-09-13T23:10:45+00:00	torvalds__linux	L	pipeline	64361	2238	5	1.4	21837	1177	1.39306640625
2026-09-13T23:11:00+00:00	torvalds__linux	L	pipeline	64376	2238	5	1.6	21833	1177	1.30517578125
2026-09-13T23:11:15+00:00	torvalds__linux	L	pipeline	64391	2238	5	1.4	22004	1177	1.23681640625
2026-09-13T23:11:30+00:00	torvalds__linux	L	pipeline	64406	2238	5	1.2	21910	1177	1.18408203125
2026-09-13T23:11:45+00:00	torvalds__linux	L	pipeline	64421	2238	5	1.2	21969	1177	1.142578125
2026-09-13T23:12:00+00:00	torvalds__linux	L	pipeline	64437	2238	5	1.4	21898	1177	1.31396484375
2026-09-13T23:12:15+00:00	torvalds__linux	L	pipeline	64452	2238	5	1.7	21894	1177	1.24365234375
2026-09-13T23:12:30+00:00	torvalds__linux	L	pipeline	64467	2238	5	1.2	21887	1177	1.189453125
2026-09-13T23:12:45+00:00	torvalds__linux	L	pipeline	64482	2238	5	1.3	21866	1177	1.30712890625
2026-09-13T23:13:00+00:00	torvalds__linux	L	pipeline	64497	2238	5	1.3	21832	1177	1.23828125
2026-09-13T23:13:15+00:00	torvalds__linux	L	pipeline	64512	2238	5	1.3	21844	1177	1.265625
2026-09-13T23:13:31+00:00	torvalds__linux	L	pipeline	64527	2238	5	1.1	21810	1177	1.40966796875
2026-09-13T23:13:46+00:00	torvalds__linux	L	pipeline	64542	2238	5	1.4	21818	1177	1.46728515625
2026-09-13T23:14:01+00:00	torvalds__linux	L	pipeline	64557	2238	5	1.2	21800	1177	1.36328125
2026-09-13T23:14:16+00:00	torvalds__linux	L	pipeline	64572	2238	5	1.7	21824	1177	1.2822265625
2026-09-13T23:14:31+00:00	torvalds__linux	L	pipeline	64587	2238	5	1.3	21800	1177	1.21875
2026-09-13T23:14:46+00:00	torvalds__linux	L	pipeline	64602	2238	5	1.4	21785	1177	1.40478515625
2026-09-13T23:15:01+00:00	torvalds__linux	L	pipeline	64617	2238	5	1.4	21767	1177	1.4619140625
2026-09-13T23:15:16+00:00	torvalds__linux	L	pipeline	64632	2238	5	1.6	21793	1177	1.439453125
2026-09-13T23:15:31+00:00	torvalds__linux	L	pipeline	64647	2238	5	1.2	21799	1177	1.421875
2026-09-13T23:15:46+00:00	torvalds__linux	L	pipeline	64662	2238	5	1.3	21744	1177	1.32763671875
2026-09-13T23:16:01+00:00	torvalds__linux	L	pipeline	64677	2238	5	1.5	21807	1177	1.25439453125
2026-09-13T23:16:16+00:00	torvalds__linux	L	pipeline	64692	2238	5	1.3	21783	1177	1.197265625
2026-09-13T23:16:31+00:00	torvalds__linux	L	pipeline	64707	2238	5	1.3	21749	1177	1.15283203125
2026-09-13T23:16:46+00:00	torvalds__linux	L	pipeline	64722	2238	5	1.3	21769	1177	1.1181640625
2026-09-13T23:17:01+00:00	torvalds__linux	L	pipeline	64737	2238	5	1.5	21729	1177	1.09130859375
2026-09-13T23:17:16+00:00	torvalds__linux	L	pipeline	64752	2238	5	1.6	21740	1177	1.07080078125
2026-09-13T23:17:31+00:00	torvalds__linux	L	pipeline	64767	2238	5	1.1	21752	1177	1.27099609375
2026-09-13T23:17:46+00:00	torvalds__linux	L	pipeline	64782	2238	5	1.1	21758	1177	1.21044921875
2026-09-13T23:18:01+00:00	torvalds__linux	L	pipeline	64797	2238	5	1.4	21733	1177	1.56396484375
2026-09-13T23:18:16+00:00	torvalds__linux	L	pipeline	64812	2238	5	1.7	21825	1177	1.43798828125
2026-09-13T23:18:31+00:00	torvalds__linux	L	pipeline	64827	2238	5	1.1	21806	1177	1.34033203125
2026-09-13T23:18:46+00:00	torvalds__linux	L	pipeline	64842	2238	5	1.4	21792	1177	1.3447265625
2026-09-13T23:19:01+00:00	torvalds__linux	L	pipeline	64857	2238	5	1.4	21795	1177	1.26806640625
2026-09-13T23:19:16+00:00	torvalds__linux	L	pipeline	64872	2238	5	1.4	21776	1177	1.2822265625
2026-09-13T23:19:31+00:00	torvalds__linux	L	pipeline	64887	2238	5	1.1	21821	1177	1.21875
2026-09-13T23:19:46+00:00	torvalds__linux	L	pipeline	64902	2238	5	1.2	21837	1177	1.169921875
2026-09-13T23:20:01+00:00	torvalds__linux	L	pipeline	64917	2238	5	1.5	21840	1177	1.33544921875
2026-09-13T23:20:16+00:00	torvalds__linux	L	pipeline	64932	2238	5	1.6	21816	1177	1.26025390625
2026-09-13T23:20:31+00:00	torvalds__linux	L	pipeline	64947	2238	5	1.3	21851	1177	1.20166015625
2026-09-13T23:20:46+00:00	torvalds__linux	L	pipeline	64962	2238	5	1.3	21822	1177	1.15625
2026-09-13T23:21:01+00:00	torvalds__linux	L	pipeline	64978	2238	5	1.4	21845	1177	1.12109375
2026-09-13T23:21:16+00:00	torvalds__linux	L	pipeline	64993	2238	5	1.4	21850	1177	1.29736328125
2026-09-13T23:21:31+00:00	torvalds__linux	L	pipeline	65008	2238	5	1.2	21849	1177	1.30517578125
2026-09-13T23:21:46+00:00	torvalds__linux	L	pipeline	65023	2238	5	1.2	21837	1177	1.23681640625
2026-09-13T23:22:01+00:00	torvalds__linux	L	pipeline	65038	2238	5	1.5	21836	1177	1.18408203125
2026-09-13T23:22:16+00:00	torvalds__linux	L	pipeline	65053	2238	5	1.4	21844	1177	1.2109375
2026-09-13T23:22:31+00:00	torvalds__linux	L	pipeline	65068	2238	5	1.3	21851	1177	1.16357421875
2026-09-13T23:22:47+00:00	torvalds__linux	L	pipeline	65083	2238	5	1.5	21820	1177	1.126953125
2026-09-13T23:23:02+00:00	torvalds__linux	L	pipeline	65098	2238	5	1.5	21822	1177	1.17236328125
2026-09-13T23:23:17+00:00	torvalds__linux	L	pipeline	65113	2238	5	1.3	21826	1177	1.20166015625
2026-09-13T23:23:32+00:00	torvalds__linux	L	pipeline	65128	2238	5	1.1	21854	1177	1.15625
2026-09-13T23:23:47+00:00	torvalds__linux	L	pipeline	65143	2238	5	1.4	21839	1177	1.12109375
2026-09-13T23:24:02+00:00	torvalds__linux	L	pipeline	65158	2238	5	1.4	21833	1177	1.09375
2026-09-13T23:24:17+00:00	torvalds__linux	L	pipeline	65173	2238	5	1.4	21827	1177	1.072265625
2026-09-13T23:24:32+00:00	torvalds__linux	L	pipeline	65188	2238	5	1.3	21840	1177	1.0556640625
2026-09-13T23:24:47+00:00	torvalds__linux	L	pipeline	65203	2238	5	2.5	21817	1177	1.04248046875
2026-09-13T23:25:02+00:00	torvalds__linux	L	pipeline	65218	2238	5	1.5	21846	1177	1.11328125
2026-09-13T23:25:17+00:00	torvalds__linux	L	pipeline	65233	2238	5	1.5	21792	1177	1.08740234375
2026-09-13T23:25:32+00:00	torvalds__linux	L	pipeline	65248	2238	5	1.1	21826	1177	1.06689453125
2026-09-13T23:25:47+00:00	torvalds__linux	L	pipeline	65263	2238	5	1.3	21817	1177	1.12548828125
2026-09-13T23:26:02+00:00	torvalds__linux	L	pipeline	65278	2238	5	1.4	21842	1177	1.2578125
2026-09-13T23:26:17+00:00	torvalds__linux	L	pipeline	65293	2238	5	1.3	21842	1177	1.2001953125
2026-09-13T23:26:32+00:00	torvalds__linux	L	pipeline	65308	2238	5	1.1	21824	1177	1.1552734375
2026-09-13T23:26:47+00:00	torvalds__linux	L	pipeline	65323	2238	5	1.3	21835	1177	1.1201171875
2026-09-13T23:27:02+00:00	torvalds__linux	L	pipeline	65338	2238	5	1.4	21854	1177	1.0927734375
2026-09-13T23:27:17+00:00	torvalds__linux	L	pipeline	65353	2238	5	1.4	21836	1177	1.1396484375
2026-09-13T23:27:32+00:00	torvalds__linux	L	pipeline	65368	2238	5	1.2	21836	1177	1.17626953125
2026-09-13T23:27:47+00:00	torvalds__linux	L	pipeline	65383	2238	5	1.4	21819	1177	1.13671875
2026-09-13T23:28:02+00:00	torvalds__linux	L	pipeline	65398	2238	5	1.4	21828	1177	1.173828125
2026-09-13T23:28:17+00:00	torvalds__linux	L	pipeline	65413	2238	5	1.8	21821	1177	1.13427734375
2026-09-13T23:28:32+00:00	torvalds__linux	L	pipeline	65428	2238	5	1.2	21822	1177	1.103515625
2026-09-13T23:28:47+00:00	torvalds__linux	L	pipeline	65443	2238	5	4.6	21845	1177	1.38232421875
2026-09-13T23:29:02+00:00	torvalds__linux	L	pipeline	65458	2238	5	8.0	21786	1177	1.52001953125
2026-09-13T23:29:17+00:00	torvalds__linux	L	pipeline	65473	2238	5	2.4	21875	1177	1.40380859375
2026-09-13T23:29:32+00:00	torvalds__linux	L	pipeline	65488	2238	5	1.2	21729	1177	1.46826171875
2026-09-13T23:29:47+00:00	torvalds__linux	L	pipeline	65503	2238	5	1.5	21728	1177	1.3642578125
2026-09-13T23:30:02+00:00	torvalds__linux	L	pipeline	65518	2238	5	1.5	21754	1177	1.52392578125
2026-09-13T23:30:17+00:00	torvalds__linux	L	pipeline	65534	2238	5	1.7	21749	1177	1.4072265625
2026-09-13T23:30:32+00:00	torvalds__linux	L	pipeline	65549	2238	5	1.0	21735	1177	1.31640625
2026-09-13T23:30:47+00:00	torvalds__linux	L	pipeline	65564	2238	5	1.3	21741	1177	1.24609375
2026-09-13T23:31:02+00:00	torvalds__linux	L	pipeline	65579	2238	5	1.3	21740	1177	1.1904296875
2026-09-13T23:31:17+00:00	torvalds__linux	L	pipeline	65594	2238	5	1.6	21706	1177	1.2900390625
2026-09-13T23:31:32+00:00	torvalds__linux	L	pipeline	65609	2238	5	1.0	21755	1177	1.22509765625
2026-09-13T23:31:48+00:00	torvalds__linux	L	pipeline	65624	2238	5	1.4	21681	1177	1.1748046875
2026-09-13T23:32:03+00:00	torvalds__linux	L	pipeline	65639	2238	5	1.4	21712	1177	1.13525390625
2026-09-13T23:32:18+00:00	torvalds__linux	L	pipeline	65654	2238	5	1.5	21669	1177	1.1044921875
2026-09-13T23:32:33+00:00	torvalds__linux	L	pipeline	65669	2238	5	1.0	21705	1177	1.08056640625
2026-09-13T23:32:48+00:00	torvalds__linux	L	pipeline	65684	2238	5	1.2	21697	1177	1.20947265625
2026-09-13T23:33:03+00:00	torvalds__linux	L	pipeline	65699	2238	5	1.5	21704	1177	1.16259765625
2026-09-13T23:33:18+00:00	torvalds__linux	L	pipeline	65714	2238	5	1.3	21711	1177	1.1943359375
2026-09-13T23:33:33+00:00	torvalds__linux	L	pipeline	65729	2238	5	1.1	21755	1177	1.15087890625
2026-09-13T23:33:48+00:00	torvalds__linux	L	pipeline	65744	2238	5	1.2	21706	1177	1.2646484375
2026-09-13T23:34:03+00:00	torvalds__linux	L	pipeline	65759	2238	5	1.4	21731	1177	1.3662109375
2026-09-13T23:34:18+00:00	torvalds__linux	L	pipeline	65774	2238	5	1.4	21700	1177	1.2841796875
2026-09-13T23:34:33+00:00	torvalds__linux	L	pipeline	65789	2238	5	1.3	21738	1177	1.294921875
2026-09-13T23:34:48+00:00	torvalds__linux	L	pipeline	65804	2238	5	1.3	21732	1177	1.22900390625
2026-09-13T23:35:03+00:00	torvalds__linux	L	pipeline	65819	2238	5	1.3	21747	1177	1.177734375
2026-09-13T23:35:18+00:00	torvalds__linux	L	pipeline	65834	2238	5	1.2	21681	1177	1.1376953125
2026-09-13T23:35:33+00:00	torvalds__linux	L	pipeline	65849	2238	5	1.2	21710	1177	1.1064453125
2026-09-13T23:35:48+00:00	torvalds__linux	L	pipeline	65864	2238	5	1.3	21700	1177	1.08203125
2026-09-13T23:36:03+00:00	torvalds__linux	L	pipeline	65879	2238	5	1.3	21749	1177	1.06298828125
2026-09-13T23:36:18+00:00	torvalds__linux	L	pipeline	65894	2238	5	2.7	21602	1177	1.26416015625
2026-09-13T23:36:33+00:00	torvalds__linux	L	pipeline	65909	2238	5	1.0	21629	1177	1.28564453125
2026-09-13T23:36:48+00:00	torvalds__linux	L	pipeline	65924	2238	5	1.2	21652	1177	1.2216796875
2026-09-13T23:37:03+00:00	torvalds__linux	L	pipeline	65939	2238	5	1.7	21672	1177	1.25244140625
2026-09-13T23:37:18+00:00	torvalds__linux	L	pipeline	65954	2238	5	1.3	21624	1177	1.19580078125
2026-09-13T23:37:33+00:00	torvalds__linux	L	pipeline	65969	2238	5	1.2	21680	1177	1.23193359375
2026-09-13T23:37:48+00:00	torvalds__linux	L	pipeline	65984	2238	5	1.3	21674	1177	1.328125
2026-09-13T23:38:03+00:00	torvalds__linux	L	pipeline	65999	2238	5	1.5	21661	1177	1.3974609375
2026-09-13T23:38:18+00:00	torvalds__linux	L	pipeline	66014	2238	5	1.4	21657	1177	1.37646484375
2026-09-13T23:38:33+00:00	torvalds__linux	L	pipeline	66029	2238	5	1.1	21675	1177	1.29248046875
2026-09-13T23:38:48+00:00	torvalds__linux	L	pipeline	66044	2238	5	1.3	21667	1177	1.22705078125
2026-09-13T23:39:03+00:00	torvalds__linux	L	pipeline	66059	2238	5	1.4	21644	1177	1.17578125
2026-09-13T23:39:18+00:00	torvalds__linux	L	pipeline	66075	2238	5	1.4	21679	1177	1.2724609375
2026-09-13T23:39:33+00:00	torvalds__linux	L	pipeline	66090	2238	5	1.2	21726	1177	1.35888671875
2026-09-13T23:39:48+00:00	torvalds__linux	L	pipeline	66105	2238	5	2.4	21691	1177	1.35302734375
2026-09-13T23:40:03+00:00	torvalds__linux	L	pipeline	66120	2238	5	1.6	21680	1177	1.2744140625
2026-09-13T23:40:18+00:00	torvalds__linux	L	pipeline	66135	2238	5	1.6	21669	1177	1.28076171875
2026-09-13T23:40:33+00:00	torvalds__linux	L	pipeline	66150	2238	5	1.1	21715	1177	1.2177734375
2026-09-13T23:40:49+00:00	torvalds__linux	L	pipeline	66165	2238	5	1.4	21713	1177	1.1689453125
2026-09-13T23:41:04+00:00	torvalds__linux	L	pipeline	66180	2238	5	1.3	21714	1177	1.21142578125
2026-09-13T23:41:19+00:00	torvalds__linux	L	pipeline	66195	2238	5	1.3	21735	1177	1.1640625
2026-09-13T23:41:34+00:00	torvalds__linux	L	pipeline	66210	2238	5	1.0	21732	1177	1.12744140625
2026-09-13T23:41:49+00:00	torvalds__linux	L	pipeline	66225	2238	5	1.3	21705	1177	1.0986328125
2026-09-13T23:42:04+00:00	torvalds__linux	L	pipeline	66240	2238	5	1.4	21726	1177	1.076171875
2026-09-13T23:42:19+00:00	torvalds__linux	L	pipeline	66255	2238	5	1.3	21708	1177	1.05859375
2026-09-13T23:42:34+00:00	torvalds__linux	L	pipeline	66270	2238	5	1.0	21734	1177	1.18701171875
2026-09-13T23:42:49+00:00	torvalds__linux	L	pipeline	66285	2238	5	1.6	21682	1177	1.212890625
2026-09-13T23:43:04+00:00	torvalds__linux	L	pipeline	66300	2238	5	1.3	21732	1177	1.1650390625
2026-09-13T23:43:19+00:00	torvalds__linux	L	pipeline	66315	2238	5	1.4	21701	1177	1.1279296875
2026-09-13T23:43:34+00:00	torvalds__linux	L	pipeline	66330	2238	5	1.0	21742	1177	1.09912109375
2026-09-13T23:43:49+00:00	torvalds__linux	L	pipeline	66345	2238	5	1.4	21707	1177	1.07666015625
2026-09-13T23:44:04+00:00	torvalds__linux	L	pipeline	66360	2238	5	1.3	21727	1177	1.13330078125
2026-09-13T23:44:19+00:00	torvalds__linux	L	pipeline	66375	2238	5	1.4	21743	1177	1.18359375
2026-09-13T23:44:34+00:00	torvalds__linux	L	pipeline	66390	2238	5	1.3	21747	1177	1.14208984375
2026-09-13T23:44:49+00:00	torvalds__linux	L	pipeline	66405	2238	5	1.2	21715	1177	1.10986328125
2026-09-13T23:45:04+00:00	torvalds__linux	L	pipeline	66420	2238	5	1.4	21718	1177	1.08447265625
2026-09-13T23:45:19+00:00	torvalds__linux	L	pipeline	66435	2238	5	1.4	21759	1177	1.0654296875
2026-09-13T23:45:34+00:00	torvalds__linux	L	pipeline	66450	2238	5	1.0	21695	1177	1.05029296875
2026-09-13T23:45:49+00:00	torvalds__linux	L	pipeline	66465	2238	5	1.4	21726	1177	1.03857421875
2026-09-13T23:46:04+00:00	torvalds__linux	L	pipeline	66480	2238	5	1.5	21722	1177	1.46630859375
2026-09-13T23:46:19+00:00	torvalds__linux	L	pipeline	66495	2238	5	1.5	21722	1177	1.3623046875
2026-09-13T23:46:34+00:00	torvalds__linux	L	pipeline	66510	2238	5	1.0	21764	1177	1.28125
2026-09-13T23:46:49+00:00	torvalds__linux	L	pipeline	66525	2238	5	1.4	21735	1177	1.21826171875
2026-09-13T23:47:04+00:00	torvalds__linux	L	pipeline	66540	2238	5	1.4	21747	1177	1.2373046875
2026-09-13T23:47:19+00:00	torvalds__linux	L	pipeline	66555	2238	5	1.3	21739	1177	1.1845703125
2026-09-13T23:47:34+00:00	torvalds__linux	L	pipeline	66570	2238	5	1.1	21946	1177	1.14306640625
2026-09-13T23:47:49+00:00	torvalds__linux	L	pipeline	66585	2238	5	1.5	21741	1177	1.11083984375
2026-09-13T23:48:04+00:00	torvalds__linux	L	pipeline	66600	2238	5	1.5	21750	1177	1.2890625
2026-09-13T23:48:19+00:00	torvalds__linux	L	pipeline	66615	2238	5	1.4	21741	1177	1.22412109375
2026-09-13T23:48:34+00:00	torvalds__linux	L	pipeline	66631	2238	5	1.0	21717	1177	1.173828125
2026-09-13T23:48:49+00:00	torvalds__linux	L	pipeline	66646	2238	5	1.3	21703	1177	1.13427734375
2026-09-13T23:49:04+00:00	torvalds__linux	L	pipeline	66661	2238	5	1.5	21776	1177	1.103515625
2026-09-13T23:49:19+00:00	torvalds__linux	L	pipeline	66676	2238	5	1.5	21756	1177	1.080078125
2026-09-13T23:49:34+00:00	torvalds__linux	L	pipeline	66691	2238	5	1.1	21743	1177	1.0615234375
2026-09-13T23:49:49+00:00	torvalds__linux	L	pipeline	66706	2238	5	1.2	21710	1177	1.115234375
2026-09-13T23:50:05+00:00	torvalds__linux	L	pipeline	66721	2238	5	1.5	21748	1177	1.1572265625
2026-09-13T23:50:20+00:00	torvalds__linux	L	pipeline	66736	2238	5	1.6	21786	1177	1.1220703125
2026-09-13T23:50:35+00:00	torvalds__linux	L	pipeline	66751	2238	5	1.1	21725	1177	1.09423828125
2026-09-13T23:50:50+00:00	torvalds__linux	L	pipeline	66766	2238	5	1.2	21758	1177	1.146484375
2026-09-13T23:51:05+00:00	torvalds__linux	L	pipeline	66781	2238	5	1.6	21724	1177	1.11279296875
2026-09-13T23:51:20+00:00	torvalds__linux	L	pipeline	66796	2238	5	1.6	21751	1177	1.08740234375
2026-09-13T23:51:35+00:00	torvalds__linux	L	pipeline	66811	2238	5	1.3	21708	1177	1.06689453125
2026-09-13T23:51:50+00:00	torvalds__linux	L	pipeline	66826	2238	5	1.3	21686	1177	1.05126953125
2026-09-13T23:52:05+00:00	torvalds__linux	L	pipeline	66841	2238	5	1.5	21720	1177	1.0390625
2026-09-13T23:52:20+00:00	torvalds__linux	L	pipeline	66856	2238	5	1.5	21710	1177	1.1103515625
2026-09-13T23:52:35+00:00	torvalds__linux	L	pipeline	66871	2238	5	1.0	21733	1177	1.0849609375
2026-09-13T23:52:50+00:00	torvalds__linux	L	pipeline	66886	2238	5	1.3	21719	1177	1.06591796875
2026-09-13T23:53:05+00:00	torvalds__linux	L	pipeline	66901	2238	5	1.6	21724	1177	1.05078125
2026-09-13T23:53:20+00:00	torvalds__linux	L	pipeline	66916	2238	5	1.4	21718	1177	1.11962890625
2026-09-13T23:53:35+00:00	torvalds__linux	L	pipeline	66931	2238	5	1.0	21693	1177	1.09228515625
2026-09-13T23:53:50+00:00	torvalds__linux	L	pipeline	66946	2238	5	1.4	21714	1177	1.23193359375
2026-09-13T23:54:05+00:00	torvalds__linux	L	pipeline	66961	2238	5	1.5	21711	1177	1.41455078125
2026-09-13T23:54:20+00:00	torvalds__linux	L	pipeline	66976	2238	5	1.4	21708	1177	1.322265625
2026-09-13T23:54:35+00:00	torvalds__linux	L	pipeline	66991	2238	5	1.3	21681	1177	1.25048828125
2026-09-13T23:54:50+00:00	torvalds__linux	L	pipeline	67006	2238	5	2.4	21691	1177	1.2685546875
2026-09-13T23:55:05+00:00	torvalds__linux	L	pipeline	67021	2238	5	1.4	21733	1177	1.2080078125
2026-09-13T23:55:20+00:00	torvalds__linux	L	pipeline	67036	2238	5	1.4	21819	1177	1.1611328125
2026-09-13T23:55:35+00:00	torvalds__linux	L	pipeline	67051	2238	5	1.0	21695	1177	1.12451171875
2026-09-13T23:55:50+00:00	torvalds__linux	L	pipeline	67066	2238	5	1.4	21687	1177	1.17041015625
2026-09-13T23:56:05+00:00	torvalds__linux	L	pipeline	67081	2238	5	1.4	21711	1177	1.13232421875
2026-09-13T23:56:20+00:00	torvalds__linux	L	pipeline	67096	2238	5	1.2	21714	1177	1.25048828125
2026-09-13T23:56:35+00:00	torvalds__linux	L	pipeline	67111	2238	5	1.2	21710	1177	1.1943359375
2026-09-13T23:56:50+00:00	torvalds__linux	L	pipeline	67126	2238	5	1.3	21706	1177	1.29833984375
2026-09-13T23:57:05+00:00	torvalds__linux	L	pipeline	67141	2238	5	1.4	21705	1177	1.2314453125
2026-09-13T23:57:20+00:00	torvalds__linux	L	pipeline	67156	2238	5	1.4	21695	1177	1.1796875
2026-09-13T23:57:35+00:00	torvalds__linux	L	pipeline	67171	2238	5	1.2	21712	1177	1.13916015625
2026-09-13T23:57:50+00:00	torvalds__linux	L	pipeline	67187	2238	5	1.5	21683	1177	1.10791015625
2026-09-13T23:58:05+00:00	torvalds__linux	L	pipeline	67202	2238	5	1.3	21708	1177	1.08349609375
2026-09-13T23:58:20+00:00	torvalds__linux	L	pipeline	67217	2238	5	1.8	21673	1177	1.064453125
2026-09-13T23:58:35+00:00	torvalds__linux	L	pipeline	67232	2238	5	1.2	21707	1177	1.18505859375
2026-09-13T23:58:50+00:00	torvalds__linux	L	pipeline	67247	2238	5	1.3	21678	1177	1.1435546875
2026-09-13T23:59:05+00:00	torvalds__linux	L	pipeline	67262	2238	5	1.2	21679	1177	1.19189453125
2026-09-13T23:59:21+00:00	torvalds__linux	L	pipeline	67277	2238	5	1.3	21722	1177	1.14892578125
2026-09-13T23:59:36+00:00	torvalds__linux	L	pipeline	67292	2238	5	1.2	21687	1177	1.115234375
2026-09-13T23:59:51+00:00	torvalds__linux	L	pipeline	67307	2238	5	1.3	21728	1177	1.08935546875
2026-09-14T00:00:06+00:00	torvalds__linux	L	pipeline	67322	2238	5	5.3	22068	1177	1.3896484375
2026-09-14T00:00:21+00:00	torvalds__linux	L	pipeline	67337	2238	5	18.4	23217	1177	1.87060546875
2026-09-14T00:00:36+00:00	torvalds__linux	L	pipeline	67352	2238	5	3.4	22862	1177	1.67724609375
2026-09-14T00:00:51+00:00	torvalds__linux	L	pipeline	67367	2238	5	1.8	22782	1177	1.5263671875
2026-09-14T00:01:06+00:00	torvalds__linux	L	pipeline	67382	2238	5	1.9	22843	1177	1.4091796875
2026-09-14T00:01:21+00:00	torvalds__linux	L	pipeline	67397	2238	5	1.7	22828	1177	1.31787109375
2026-09-14T00:01:36+00:00	torvalds__linux	L	pipeline	67412	2238	5	1.5	22885	1177	1.314453125
2026-09-14T00:01:51+00:00	torvalds__linux	L	pipeline	67427	2238	5	1.3	22750	1177	1.3125
2026-09-14T00:02:06+00:00	torvalds__linux	L	pipeline	67442	2238	5	2.0	22572	1177	1.310546875
2026-09-14T00:02:21+00:00	torvalds__linux	L	pipeline	67457	2238	5	1.7	22570	1177	1.2412109375
2026-09-14T00:02:36+00:00	torvalds__linux	L	pipeline	67472	2238	5	1.3	22532	1177	1.18701171875
2026-09-14T00:02:51+00:00	torvalds__linux	L	pipeline	67487	2238	5	1.9	22521	1177	1.14501953125
2026-09-14T00:03:06+00:00	torvalds__linux	L	pipeline	67502	2238	5	1.5	22474	1177	1.27294921875
2026-09-14T00:03:21+00:00	torvalds__linux	L	pipeline	67517	2238	5	2.6	20531	1177	1.28564453125
2026-09-14T00:03:36+00:00	torvalds__linux	L	pipeline	67532	2238	5	1.2	20568	1177	1.2216796875
2026-09-14T00:03:51+00:00	torvalds__linux	L	pipeline	67547	2238	5	1.1	20617	1177	1.171875
2026-09-14T00:04:06+00:00	torvalds__linux	L	pipeline	67562	2238	5	1.2	20721	1177	1.5712890625
2026-09-14T00:04:21+00:00	torvalds__linux	L	pipeline	67577	2238	5	1.3	20753	1177	1.44384765625
2026-09-14T00:04:36+00:00	torvalds__linux	L	pipeline	67592	2238	5	1.3	20847	1177	1.41943359375
2026-09-14T00:04:51+00:00	torvalds__linux	L	pipeline	67607	2238	5	1.2	20902	1177	1.32568359375
2026-09-14T00:05:06+00:00	torvalds__linux	L	pipeline	67622	2238	5	1.4	21010	1177	1.6162109375
2026-09-14T00:05:21+00:00	torvalds__linux	L	pipeline	67637	2238	5	1.4	21030	1177	1.47900390625
2026-09-14T00:05:36+00:00	torvalds__linux	L	pipeline	67652	2238	5	1.0	21105	1177	1.3720703125
2026-09-14T00:05:51+00:00	torvalds__linux	L	pipeline	67667	2238	5	1.2	21237	1177	1.28857421875
2026-09-14T00:06:06+00:00	torvalds__linux	L	pipeline	67682	2238	5	1.6	21224	1177	1.22412109375
2026-09-14T00:06:21+00:00	torvalds__linux	L	pipeline	67697	2238	5	1.4	21251	1177	1.173828125
2026-09-14T00:06:36+00:00	torvalds__linux	L	pipeline	67713	2238	5	1.2	21223	1177	1.2822265625
2026-09-14T00:06:51+00:00	torvalds__linux	L	pipeline	67728	2238	5	1.5	21262	1177	1.21875
2026-09-14T00:07:06+00:00	torvalds__linux	L	pipeline	67743	2238	5	1.4	21263	1177	1.169921875
2026-09-14T00:07:21+00:00	torvalds__linux	L	pipeline	67758	2238	5	1.4	21315	1177	1.1318359375
2026-09-14T00:07:36+00:00	torvalds__linux	L	pipeline	67773	2238	5	1.1	21318	1177	1.244140625
2026-09-14T00:07:51+00:00	torvalds__linux	L	pipeline	67788	2238	5	1.5	21345	1177	1.189453125
2026-09-14T00:08:07+00:00	torvalds__linux	L	pipeline	67803	2238	5	1.6	21377	1177	1.146484375
2026-09-14T00:08:22+00:00	torvalds__linux	L	pipeline	67818	2238	5	1.4	21395	1177	1.11279296875
2026-09-14T00:08:37+00:00	torvalds__linux	L	pipeline	67833	2238	5	1.2	21391	1177	1.08740234375
2026-09-14T00:08:52+00:00	torvalds__linux	L	pipeline	67848	2238	5	1.3	21421	1177	1.203125
2026-09-14T00:09:07+00:00	torvalds__linux	L	pipeline	67863	2238	5	1.5	21454	1177	1.1572265625
2026-09-14T00:09:22+00:00	torvalds__linux	L	pipeline	67878	2238	5	2.4	21493	1177	1.20263671875
2026-09-14T00:09:37+00:00	torvalds__linux	L	pipeline	67893	2238	5	1.2	21565	1177	1.29296875
2026-09-14T00:09:52+00:00	torvalds__linux	L	pipeline	67908	2238	5	2.6	21563	1177	1.22705078125
2026-09-14T00:10:07+00:00	torvalds__linux	L	pipeline	67923	2238	5	1.5	21560	1177	1.32373046875
2026-09-14T00:10:22+00:00	torvalds__linux	L	pipeline	67938	2238	5	1.7	21607	1177	1.3251953125
2026-09-14T00:10:37+00:00	torvalds__linux	L	pipeline	67953	2238	5	1.3	21895	1177	1.326171875
2026-09-14T00:10:52+00:00	torvalds__linux	L	pipeline	67968	2238	5	1.4	21891	1177	1.2529296875
2026-09-14T00:11:07+00:00	torvalds__linux	L	pipeline	67983	2238	5	1.5	21732	1177	1.1962890625
2026-09-14T00:11:22+00:00	torvalds__linux	L	pipeline	67998	2238	5	1.3	21711	1177	1.2880859375
2026-09-14T00:11:37+00:00	torvalds__linux	L	pipeline	68013	2238	5	1.4	21855	1177	1.2236328125
2026-09-14T00:11:52+00:00	torvalds__linux	L	pipeline	68028	2238	5	1.6	21841	1177	1.44482421875
2026-09-14T00:12:07+00:00	torvalds__linux	L	pipeline	68043	2238	5	1.4	21811	1177	1.345703125
2026-09-14T00:12:22+00:00	torvalds__linux	L	pipeline	68058	2238	5	1.5	21826	1177	1.2685546875
2026-09-14T00:12:37+00:00	torvalds__linux	L	pipeline	68073	2238	5	1.3	21804	1177	1.28857421875
2026-09-14T00:12:52+00:00	torvalds__linux	L	pipeline	68088	2238	5	1.5	21964	1177	1.22412109375
2026-09-14T00:13:07+00:00	torvalds__linux	L	pipeline	68103	2238	5	2.2	21986	1177	1.173828125
2026-09-14T00:13:22+00:00	torvalds__linux	L	pipeline	68118	2238	5	1.6	21994	1177	1.13427734375
2026-09-14T00:13:37+00:00	torvalds__linux	L	pipeline	68133	2238	5	1.4	21950	1177	1.103515625
2026-09-14T00:13:52+00:00	torvalds__linux	L	pipeline	68148	2238	5	1.5	21885	1177	1.080078125
2026-09-14T00:14:07+00:00	torvalds__linux	L	pipeline	68163	2238	5	1.6	21915	1177	1.0615234375
2026-09-14T00:14:22+00:00	torvalds__linux	L	pipeline	68178	2238	5	1.5	21901	1177	1.046875
2026-09-14T00:14:37+00:00	torvalds__linux	L	pipeline	68193	2238	5	1.4	21881	1177	1.03564453125
2026-09-14T00:14:52+00:00	torvalds__linux	L	pipeline	68208	2238	5	1.4	21844	1177	1.02734375
2026-09-14T00:15:07+00:00	torvalds__linux	L	pipeline	68223	2238	5	1.5	21851	1177	1.0205078125
2026-09-14T00:15:22+00:00	torvalds__linux	L	pipeline	68238	2238	5	1.6	21853	1177	1.01513671875
2026-09-14T00:15:37+00:00	torvalds__linux	L	pipeline	68254	2238	5	1.4	21817	1177	1.0107421875
2026-09-14T00:15:52+00:00	torvalds__linux	L	pipeline	68269	2238	5	1.5	21799	1177	1.16259765625
2026-09-14T00:16:07+00:00	torvalds__linux	L	pipeline	68284	2238	5	1.7	21823	1177	1.1259765625
2026-09-14T00:16:22+00:00	torvalds__linux	L	pipeline	68299	2238	5	1.5	21799	1177	1.09765625
2026-09-14T00:16:37+00:00	torvalds__linux	L	pipeline	68314	2238	5	1.4	21824	1177	1.15576171875
2026-09-14T00:16:52+00:00	torvalds__linux	L	pipeline	68329	2238	5	1.3	21792	1177	1.12060546875
2026-09-14T00:17:08+00:00	torvalds__linux	L	pipeline	68344	2238	5	1.7	21785	1177	1.25390625
2026-09-14T00:17:23+00:00	torvalds__linux	L	pipeline	68359	2238	5	1.5	21735	1177	1.27099609375
2026-09-14T00:17:38+00:00	torvalds__linux	L	pipeline	68374	2238	5	1.2	21786	1177	1.22900390625
2026-09-14T00:17:53+00:00	torvalds__linux	L	pipeline	68389	2238	5	1.7	21759	1177	1.39892578125
2026-09-14T00:18:08+00:00	torvalds__linux	L	pipeline	68404	2238	5	1.5	21779	1177	1.3095703125
2026-09-14T00:18:23+00:00	torvalds__linux	L	pipeline	68419	2238	5	1.5	21759	1177	1.24072265625
2026-09-14T00:18:38+00:00	torvalds__linux	L	pipeline	68434	2238	5	1.2	21805	1177	1.1865234375
2026-09-14T00:18:53+00:00	torvalds__linux	L	pipeline	68449	2238	5	1.6	21789	1177	1.212890625
2026-09-14T00:19:08+00:00	torvalds__linux	L	pipeline	68464	2238	5	1.6	21859	1177	1.1650390625
2026-09-14T00:19:23+00:00	torvalds__linux	L	pipeline	68479	2238	5	1.5	21826	1177	1.20166015625
2026-09-14T00:19:38+00:00	torvalds__linux	L	pipeline	68494	2238	5	1.2	21741	1177	1.22998046875
2026-09-14T00:19:53+00:00	torvalds__linux	L	pipeline	68509	2238	5	1.5	21730	1177	1.40673828125
2026-09-14T00:20:08+00:00	torvalds__linux	L	pipeline	68524	2238	5	1.7	21836	1177	1.59423828125
2026-09-14T00:20:23+00:00	torvalds__linux	L	pipeline	68539	2238	5	1.6	21782	1177	1.5302734375
2026-09-14T00:20:38+00:00	torvalds__linux	L	pipeline	68554	2238	5	1.3	21830	1177	1.41259765625
2026-09-14T00:20:53+00:00	torvalds__linux	L	pipeline	68569	2238	5	1.7	21783	1177	1.3203125
2026-09-14T00:21:08+00:00	torvalds__linux	L	pipeline	68584	2238	5	1.6	21839	1177	1.24853515625
2026-09-14T00:21:23+00:00	torvalds__linux	L	pipeline	68599	2238	5	1.3	21825	1177	1.26123046875
2026-09-14T00:21:38+00:00	torvalds__linux	L	pipeline	68614	2238	5	1.3	21836	1177	1.20263671875
2026-09-14T00:21:53+00:00	torvalds__linux	L	pipeline	68629	2238	5	1.5	21873	1177	1.15673828125
2026-09-14T00:22:08+00:00	torvalds__linux	L	pipeline	68644	2238	5	1.5	21858	1177	1.12158203125
2026-09-14T00:22:23+00:00	torvalds__linux	L	pipeline	68659	2238	5	1.3	21882	1177	1.16259765625
2026-09-14T00:22:38+00:00	torvalds__linux	L	pipeline	68674	2238	5	1.1	21907	1177	1.1259765625
2026-09-14T00:22:53+00:00	torvalds__linux	L	pipeline	68689	2238	5	1.7	21864	1177	1.09765625
2026-09-14T00:23:08+00:00	torvalds__linux	L	pipeline	68704	2238	5	1.8	21887	1177	1.0751953125
2026-09-14T00:23:23+00:00	torvalds__linux	L	pipeline	68719	2238	5	1.4	21896	1177	1.0576171875
2026-09-14T00:23:38+00:00	torvalds__linux	L	pipeline	68734	2238	5	1.0	21887	1177	1.04443359375
2026-09-14T00:23:53+00:00	torvalds__linux	L	pipeline	68749	2238	5	1.6	21898	1177	1.03369140625
2026-09-14T00:24:08+00:00	torvalds__linux	L	pipeline	68764	2238	5	1.8	21918	1177	1.09375
2026-09-14T00:24:23+00:00	torvalds__linux	L	pipeline	68779	2238	5	1.3	21900	1177	1.21435546875
2026-09-14T00:24:38+00:00	torvalds__linux	L	pipeline	68795	2238	5	1.4	21878	1177	1.166015625
2026-09-14T00:24:53+00:00	torvalds__linux	L	pipeline	68810	2238	5	2.9	21927	1177	1.1962890625
2026-09-14T00:25:08+00:00	torvalds__linux	L	pipeline	68825	2238	5	1.8	21910	1177	1.22021484375
2026-09-14T00:25:23+00:00	torvalds__linux	L	pipeline	68840	2238	5	1.4	21866	1177	1.38671875
2026-09-14T00:25:38+00:00	torvalds__linux	L	pipeline	68855	2238	5	1.2	21902	1177	1.51611328125
2026-09-14T00:25:53+00:00	torvalds__linux	L	pipeline	68870	2238	5	1.6	21867	1177	1.46923828125
2026-09-14T00:26:08+00:00	torvalds__linux	L	pipeline	68885	2238	5	1.9	21874	1177	1.51318359375
2026-09-14T00:26:24+00:00	torvalds__linux	L	pipeline	68900	2358	5	4.0	22268	1177	1.6953125
2026-09-14T00:26:39+00:00	torvalds__linux	L	pipeline	68915	2491	5	5.5	22386	1177	1.6826171875
2026-09-14T00:26:54+00:00	torvalds__linux	L	pipeline	68930	2644	5	8.1	22594	1177	1.75341796875
2026-09-14T00:27:09+00:00	torvalds__linux	L	pipeline	68945	2665	5	8.2	22661	1177	2.1103515625
2026-09-14T00:27:24+00:00	torvalds__linux	L	pipeline	68960	3124	5	10.0	23079	1177	2.2275390625
2026-09-14T00:27:39+00:00	torvalds__linux	L	pipeline	68975	3439	5	10.5	23292	1177	2.23876953125
2026-09-14T00:27:54+00:00	torvalds__linux	L	pipeline	68990	3963	5	15.6	23632	1177	2.783203125
2026-09-14T00:28:09+00:00	torvalds__linux	L	pipeline	69005	3991	5	13.2	23615	1177	2.81298828125
2026-09-14T00:28:24+00:00	torvalds__linux	L	pipeline	69020	3998	5	14.2	23572	1177	2.9033203125
2026-09-14T00:28:39+00:00	torvalds__linux	L	pipeline	69035	3999	5	11.6	23580	1177	2.7890625
2026-09-14T00:28:54+00:00	torvalds__linux	L	pipeline	69050	4003	5	10.0	23563	1177	2.6015625
2026-09-14T00:29:09+00:00	torvalds__linux	L	pipeline	69065	4009	5	10.1	23616	1177	2.5234375
2026-09-14T00:29:24+00:00	torvalds__linux	L	pipeline	69080	4068	5	9.9	23670	1177	2.48779296875
2026-09-14T00:29:39+00:00	torvalds__linux	L	pipeline	69095	4294	5	12.7	23779	1177	2.52685546875
2026-09-14T00:29:54+00:00	torvalds__linux	L	pipeline	69110	4308	5	12.2	23739	1177	2.77392578125
2026-09-14T00:30:09+00:00	torvalds__linux	L	pipeline	69125	4309	5	13.3	23679	1177	2.59619140625
2026-09-14T00:30:24+00:00	torvalds__linux	L	pipeline	69140	4380	5	15.6	23654	1177	2.5380859375
2026-09-14T00:30:39+00:00	torvalds__linux	L	pipeline	69155	4380	5	12.8	23607	1177	2.4921875
2026-09-14T00:30:54+00:00	torvalds__linux	L	pipeline	69170	4382	5	12.6	23473	1177	2.5927734375
2026-09-14T00:31:09+00:00	torvalds__linux	L	pipeline	69185	4382	5	11.2	23478	1177	2.603515625
2026-09-14T00:31:24+00:00	torvalds__linux	L	pipeline	69200	4382	5	10.6	23450	1177	2.611328125
2026-09-14T00:31:39+00:00	torvalds__linux	L	pipeline	69215	4464	5	10.9	23438	1177	2.48779296875
2026-09-14T00:31:54+00:00	torvalds__linux	L	pipeline	69230	4464	5	11.8	23315	1177	2.60205078125
2026-09-14T00:32:09+00:00	torvalds__linux	L	pipeline	69245	4585	5	13.6	23341	1177	2.78271484375
2026-09-14T00:32:24+00:00	torvalds__linux	L	pipeline	69260	4576	5	10.8	23359	1177	2.8251953125
2026-09-14T00:32:39+00:00	torvalds__linux	L	pipeline	69275	4576	5	9.4	23255	1177	2.7158203125
2026-09-14T00:32:54+00:00	torvalds__linux	L	pipeline	69290	4578	5	10.1	23335	1177	2.78515625
2026-09-14T00:33:09+00:00	torvalds__linux	L	pipeline	69305	4579	5	10.3	23279	1177	2.8515625
2026-09-14T00:33:24+00:00	torvalds__linux	L	pipeline	69320	4579	5	8.8	23310	1177	2.81689453125
2026-09-14T00:33:39+00:00	torvalds__linux	L	pipeline	69335	4579	5	9.3	23332	1177	2.5615234375
2026-09-14T00:33:54+00:00	torvalds__linux	L	pipeline	69351	4583	5	11.0	23206	1177	2.51171875
2026-09-14T00:34:09+00:00	torvalds__linux	L	pipeline	69366	4583	5	9.2	23270	1177	2.7490234375
2026-09-14T00:34:24+00:00	torvalds__linux	L	pipeline	69381	4583	5	9.5	23255	1177	2.8232421875
2026-09-14T00:34:39+00:00	torvalds__linux	L	pipeline	69396	4584	5	10.7	23238	1177	2.6396484375
2026-09-14T00:34:54+00:00	torvalds__linux	L	pipeline	69411	4584	5	10.8	23248	1177	2.41748046875
2026-09-14T00:35:09+00:00	torvalds__linux	L	pipeline	69426	4584	5	11.3	23211	1177	2.54052734375
2026-09-14T00:35:25+00:00	torvalds__linux	L	pipeline	69441	4585	5	9.7	23256	1177	2.5625
2026-09-14T00:35:40+00:00	torvalds__linux	L	pipeline	69456	4585	5	8.9	23348	1177	2.74560546875
2026-09-14T00:35:55+00:00	torvalds__linux	L	pipeline	69471	4585	5	10.0	23302	1177	2.57373046875
2026-09-14T00:36:10+00:00	torvalds__linux	L	pipeline	69486	4585	5	9.2	23368	1177	2.6748046875
2026-09-14T00:36:25+00:00	torvalds__linux	L	pipeline	69501	4585	5	9.9	23392	1177	2.7412109375
2026-09-14T00:36:40+00:00	torvalds__linux	L	pipeline	69516	4585	5	9.9	23430	1177	2.650390625
2026-09-14T00:36:55+00:00	torvalds__linux	L	pipeline	69531	4586	5	11.8	23502	1177	2.8759765625
2026-09-14T00:37:10+00:00	torvalds__linux	L	pipeline	69546	4695	5	11.9	23592	1177	2.83544921875
2026-09-14T00:37:25+00:00	torvalds__linux	L	pipeline	69561	4779	5	12.1	23697	1177	3.013671875
2026-09-14T00:37:40+00:00	torvalds__linux	L	pipeline	69576	4761	5	10.3	23736	1177	3.0166015625
2026-09-14T00:37:55+00:00	torvalds__linux	L	pipeline	69591	4761	5	11.8	23740	1177	3.1611328125
2026-09-14T00:38:10+00:00	torvalds__linux	L	pipeline	69606	4766	5	13.3	23749	1177	3.12451171875
2026-09-14T00:38:25+00:00	torvalds__linux	L	pipeline	69621	4767	5	9.4	23816	1177	2.6533203125
2026-09-14T00:38:40+00:00	torvalds__linux	L	pipeline	69636	4767	5	10.8	23824	1177	2.6748046875
2026-09-14T00:38:55+00:00	torvalds__linux	L	pipeline	69651	4773	5	9.7	23801	1177	2.61181640625
2026-09-14T00:39:10+00:00	torvalds__linux	L	pipeline	69666	4781	5	10.7	23842	1177	2.62451171875
2026-09-14T00:39:25+00:00	torvalds__linux	L	pipeline	69681	4865	5	12.9	23868	1177	2.63427734375
2026-09-14T00:39:40+00:00	torvalds__linux	L	pipeline	69696	5008	5	14.1	23888	1177	2.7158203125
2026-09-14T00:39:55+00:00	torvalds__linux	L	pipeline	69711	5008	5	16.8	23811	1177	3.203125
2026-09-14T00:40:10+00:00	torvalds__linux	L	pipeline	69726	5009	5	13.8	23829	1177	3.00390625
2026-09-14T00:40:25+00:00	torvalds__linux	L	pipeline	69741	5013	5	13.1	23773	1177	2.85498046875
2026-09-14T00:40:40+00:00	torvalds__linux	L	pipeline	69756	5013	5	13.6	23778	1177	2.7451171875
2026-09-14T00:40:55+00:00	torvalds__linux	L	pipeline	69771	5013	5	13.6	23741	1177	3.4052734375
2026-09-14T00:41:10+00:00	torvalds__linux	L	pipeline	69786	5016	5	10.3	23662	1177	3.22265625
2026-09-14T00:41:25+00:00	torvalds__linux	L	pipeline	69801	5016	5	9.9	23575	1177	2.94482421875
2026-09-14T00:41:40+00:00	torvalds__linux	L	pipeline	69816	5016	5	9.9	23527	1177	2.9384765625
2026-09-14T00:41:55+00:00	torvalds__linux	L	pipeline	69831	5017	5	10.0	23500	1177	2.810546875
2026-09-14T00:42:10+00:00	torvalds__linux	L	pipeline	69846	5017	5	10.2	23499	1177	2.791015625
2026-09-14T00:42:25+00:00	torvalds__linux	L	pipeline	69861	5017	5	9.4	23525	1177	2.60986328125
2026-09-14T00:42:40+00:00	torvalds__linux	L	pipeline	69876	5019	5	9.3	23590	1177	2.400390625
2026-09-14T00:42:55+00:00	torvalds__linux	L	pipeline	69892	5020	5	11.3	23424	1177	2.38623046875
2026-09-14T00:43:10+00:00	torvalds__linux	L	pipeline	69907	5026	5	10.5	23147	1177	2.5166015625
2026-09-14T00:43:25+00:00	torvalds__linux	L	pipeline	69922	5026	5	9.3	23204	1177	2.32177734375
2026-09-14T00:43:40+00:00	torvalds__linux	L	pipeline	69937	5026	5	9.2	23133	1177	2.4599609375
2026-09-14T00:43:55+00:00	torvalds__linux	L	pipeline	69952	5027	5	9.7	23108	1177	2.50048828125
2026-09-14T00:44:10+00:00	torvalds__linux	L	pipeline	69967	5027	5	9.4	23100	1177	2.30322265625
2026-09-14T00:44:26+00:00	torvalds__linux	L	pipeline	69982	5029	5	10.1	22856	1177	2.24169921875
2026-09-14T00:44:41+00:00	torvalds__linux	L	pipeline	69997	5029	5	10.0	22841	1177	2.26171875
2026-09-14T00:44:56+00:00	torvalds__linux	L	pipeline	70012	5029	5	11.6	22797	1177	2.494140625
2026-09-14T00:45:11+00:00	torvalds__linux	L	pipeline	70027	5030	5	11.3	22802	1177	2.59423828125
2026-09-14T00:45:26+00:00	torvalds__linux	L	pipeline	70042	5031	5	12.4	22824	1177	2.5419921875
2026-09-14T00:45:41+00:00	torvalds__linux	L	pipeline	70057	5031	5	8.5	22891	1177	2.427734375
2026-09-14T00:45:56+00:00	torvalds__linux	L	pipeline	70072	5031	5	8.7	22950	1177	2.1103515625
2026-09-14T00:46:11+00:00	torvalds__linux	L	pipeline	70087	5031	5	8.1	22913	1177	2.1474609375
2026-09-14T00:46:26+00:00	torvalds__linux	L	pipeline	70102	5031	5	8.5	23041	1177	2.26171875
2026-09-14T00:46:41+00:00	torvalds__linux	L	pipeline	70117	5031	5	7.3	23073	1177	2.35791015625
2026-09-14T00:46:56+00:00	torvalds__linux	L	pipeline	70132	5032	5	9.9	23175	1177	2.20458984375
2026-09-14T00:47:11+00:00	torvalds__linux	L	pipeline	70147	5033	5	11.0	23101	1177	2.3623046875
2026-09-14T00:47:26+00:00	torvalds__linux	L	pipeline	70162	5034	5	10.3	23203	1177	2.349609375
2026-09-14T00:47:41+00:00	torvalds__linux	L	pipeline	70177	5034	5	9.4	23182	1177	2.21044921875
2026-09-14T00:47:56+00:00	torvalds__linux	L	pipeline	70192	5034	5	9.7	23270	1177	2.1572265625
2026-09-14T00:48:11+00:00	torvalds__linux	L	pipeline	70207	5034	5	9.1	23236	1177	2.20263671875
2026-09-14T00:48:26+00:00	torvalds__linux	L	pipeline	70222	5034	5	8.5	23240	1177	2.3046875
2026-09-14T00:48:41+00:00	torvalds__linux	L	pipeline	70237	5035	5	10.5	23232	1177	2.52734375
2026-09-14T00:48:56+00:00	torvalds__linux	L	pipeline	70252	5035	5	11.4	23279	1177	2.5400390625
2026-09-14T00:49:11+00:00	torvalds__linux	L	pipeline	70267	5036	5	8.3	23324	1177	2.34619140625
2026-09-14T00:49:26+00:00	torvalds__linux	L	pipeline	70282	5036	5	7.7	23356	1177	2.3427734375
2026-09-14T00:49:41+00:00	torvalds__linux	L	pipeline	70297	5036	5	9.8	23375	1177	2.18603515625
2026-09-14T00:49:56+00:00	torvalds__linux	L	pipeline	70312	5176	5	10.8	23464	1177	2.37890625
2026-09-14T00:50:11+00:00	torvalds__linux	L	pipeline	70327	5177	5	10.0	23553	1177	2.3564453125
2026-09-14T00:50:26+00:00	torvalds__linux	L	pipeline	70342	5177	5	14.1	23500	1177	2.64111328125
2026-09-14T00:50:41+00:00	torvalds__linux	L	pipeline	70357	5177	5	13.7	23489	1177	2.81298828125
2026-09-14T00:50:56+00:00	torvalds__linux	L	pipeline	70372	5180	5	11.3	23393	1177	2.64501953125
2026-09-14T00:51:11+00:00	torvalds__linux	L	pipeline	70387	5180	5	11.4	23549	1177	2.62548828125
2026-09-14T00:51:26+00:00	torvalds__linux	L	pipeline	70402	5181	5	9.2	23581	1177	2.708984375
2026-09-14T00:51:41+00:00	torvalds__linux	L	pipeline	70417	5181	5	8.5	23630	1177	2.4033203125
2026-09-14T00:51:56+00:00	torvalds__linux	L	pipeline	70433	5181	5	9.7	23645	1177	2.529296875
2026-09-14T00:52:11+00:00	torvalds__linux	L	pipeline	70448	5181	5	9.0	23653	1177	2.4921875
2026-09-14T00:52:26+00:00	torvalds__linux	L	pipeline	70463	5182	5	10.2	23661	1177	2.75830078125
2026-09-14T00:52:41+00:00	torvalds__linux	L	pipeline	70478	5182	5	8.5	23718	1177	3.19921875
2026-09-14T00:52:56+00:00	torvalds__linux	L	pipeline	70493	5183	5	8.8	23733	1177	2.865234375
2026-09-14T00:53:11+00:00	torvalds__linux	L	pipeline	70508	5183	5	9.3	23785	1177	2.66748046875
2026-09-14T00:53:26+00:00	torvalds__linux	L	pipeline	70523	5184	5	9.1	23872	1177	2.4453125
2026-09-14T00:53:42+00:00	torvalds__linux	L	pipeline	70538	5184	5	9.2	23938	1177	2.3525390625
2026-09-14T00:53:57+00:00	torvalds__linux	L	pipeline	70553	5185	5	10.7	23881	1177	2.55810546875
2026-09-14T00:54:12+00:00	torvalds__linux	L	pipeline	70568	5188	5	9.2	23922	1177	2.5205078125
2026-09-14T00:54:27+00:00	torvalds__linux	L	pipeline	70583	5194	5	9.4	23915	1177	2.33056640625
2026-09-14T00:54:42+00:00	torvalds__linux	L	pipeline	70598	5195	5	8.9	24028	1177	2.34375
2026-09-14T00:54:57+00:00	torvalds__linux	L	pipeline	70613	5195	5	12.8	23811	1177	2.69287109375
2026-09-14T00:55:12+00:00	torvalds__linux	L	pipeline	70628	5195	5	12.0	23871	1177	2.52685546875
2026-09-14T00:55:27+00:00	torvalds__linux	L	pipeline	70643	5195	5	10.8	23839	1177	2.4716796875
2026-09-14T00:55:42+00:00	torvalds__linux	L	pipeline	70658	5195	5	8.9	23812	1177	2.2861328125
2026-09-14T00:55:57+00:00	torvalds__linux	L	pipeline	70673	5195	5	9.3	23837	1177	2.30224609375
2026-09-14T00:56:12+00:00	torvalds__linux	L	pipeline	70688	5196	5	9.1	23905	1177	2.46923828125
2026-09-14T00:56:27+00:00	torvalds__linux	L	pipeline	70703	5196	5	8.6	23950	1177	2.654296875
2026-09-14T00:56:42+00:00	torvalds__linux	L	pipeline	70718	5198	5	12.8	23865	1177	2.67578125
2026-09-14T00:56:57+00:00	torvalds__linux	L	pipeline	70733	5198	5	10.9	23859	1177	2.6005859375
2026-09-14T00:57:12+00:00	torvalds__linux	L	pipeline	70748	5198	5	9.6	23885	1177	2.541015625
2026-09-14T00:57:27+00:00	torvalds__linux	L	pipeline	70763	5789	5	12.9	24302	1177	2.81494140625
2026-09-14T00:57:42+00:00	torvalds__linux	L	pipeline	70778	5790	5	13.8	24288	1177	3.00341796875
2026-09-14T00:57:57+00:00	torvalds__linux	L	pipeline	70793	5790	5	13.1	24247	1177	2.921875
2026-09-14T00:58:12+00:00	torvalds__linux	L	pipeline	70808	5790	5	13.3	24334	1177	3.30908203125
2026-09-14T00:58:27+00:00	torvalds__linux	L	pipeline	70823	5790	5	12.8	24321	1177	3.54833984375
2026-09-14T00:58:42+00:00	torvalds__linux	L	pipeline	70838	5792	5	13.1	24313	1177	3.50634765625
2026-09-14T00:58:57+00:00	torvalds__linux	L	pipeline	70853	5792	5	12.3	24323	1177	3.38720703125
2026-09-14T00:59:12+00:00	torvalds__linux	L	pipeline	70868	5792	5	10.5	24382	1177	3.22705078125
2026-09-14T00:59:27+00:00	torvalds__linux	L	pipeline	70883	5792	5	11.7	24390	1177	3.17578125
2026-09-14T00:59:42+00:00	torvalds__linux	L	pipeline	70898	5793	5	11.0	24311	1177	2.982421875
2026-09-14T00:59:57+00:00	torvalds__linux	L	pipeline	70913	5794	5	11.3	24170	1177	2.68359375
2026-09-14T01:00:12+00:00	torvalds__linux	L	pipeline	70928	5794	5	10.0	24208	1177	2.53125
2026-09-14T01:00:27+00:00	torvalds__linux	L	pipeline	70943	5794	5	9.9	24229	1177	2.7021484375
2026-09-14T01:00:42+00:00	torvalds__linux	L	pipeline	70958	5798	5	8.6	24151	1177	2.8486328125
2026-09-14T01:00:57+00:00	torvalds__linux	L	pipeline	70973	5799	5	11.2	24076	1177	2.88232421875
2026-09-14T01:01:12+00:00	torvalds__linux	L	pipeline	70989	5877	5	12.0	24133	1177	2.9208984375
2026-09-14T01:01:27+00:00	torvalds__linux	L	pipeline	71004	5845	5	9.9	24120	1177	2.78369140625
2026-09-14T01:01:42+00:00	torvalds__linux	L	pipeline	71019	5847	5	8.6	24115	1177	2.83203125
2026-09-14T01:01:57+00:00	torvalds__linux	L	pipeline	71034	5847	5	9.7	24114	1177	2.64697265625
2026-09-14T01:02:12+00:00	torvalds__linux	L	pipeline	71049	5852	5	9.1	24091	1177	2.65185546875
2026-09-14T01:02:27+00:00	torvalds__linux	L	pipeline	71064	5852	5	10.5	24040	1177	2.833984375
2026-09-14T01:02:43+00:00	torvalds__linux	L	pipeline	71079	5852	5	10.6	24026	1177	2.66162109375
2026-09-14T01:02:58+00:00	torvalds__linux	L	pipeline	71094	5853	5	9.4	24028	1177	2.36669921875
2026-09-14T01:03:13+00:00	torvalds__linux	L	pipeline	71109	5853	5	10.0	24074	1177	2.45166015625
2026-09-14T01:03:28+00:00	torvalds__linux	L	pipeline	71124	5853	5	8.2	24055	1177	2.43115234375
2026-09-14T01:03:43+00:00	torvalds__linux	L	pipeline	71139	5854	5	10.1	24071	1177	2.47802734375
2026-09-14T01:03:58+00:00	torvalds__linux	L	pipeline	71154	5854	5	10.4	24121	1177	2.45166015625
2026-09-14T01:04:13+00:00	torvalds__linux	L	pipeline	71169	5855	5	9.7	24147	1177	2.57373046875
2026-09-14T01:04:28+00:00	torvalds__linux	L	pipeline	71184	5855	5	8.8	24196	1177	2.53271484375
2026-09-14T01:04:43+00:00	torvalds__linux	L	pipeline	71199	5859	5	9.7	24222	1177	2.6611328125
2026-09-14T01:04:58+00:00	torvalds__linux	L	pipeline	71214	5860	5	9.9	24235	1177	2.81689453125
2026-09-14T01:05:13+00:00	torvalds__linux	L	pipeline	71229	5860	5	10.2	24274	1177	2.9560546875
2026-09-14T01:05:28+00:00	torvalds__linux	L	pipeline	71244	5860	5	11.4	24262	1177	2.75
2026-09-14T01:05:43+00:00	torvalds__linux	L	pipeline	71259	5861	5	10.1	24247	1177	2.58935546875
2026-09-14T01:05:58+00:00	torvalds__linux	L	pipeline	71274	5862	5	14.9	24215	1177	2.84716796875
2026-09-14T01:06:13+00:00	torvalds__linux	L	pipeline	71289	5863	5	10.0	24265	1177	3.0234375
2026-09-14T01:06:28+00:00	torvalds__linux	L	pipeline	71304	5864	5	8.3	24266	1177	2.79052734375
2026-09-14T01:06:43+00:00	torvalds__linux	L	pipeline	71319	5864	5	8.9	24335	1177	2.68310546875
2026-09-14T01:06:58+00:00	torvalds__linux	L	pipeline	71334	5866	5	8.3	24326	1177	2.6728515625
2026-09-14T01:07:13+00:00	torvalds__linux	L	pipeline	71349	5866	5	10.6	24407	1177	2.59130859375
2026-09-14T01:07:28+00:00	torvalds__linux	L	pipeline	71364	5868	5	10.4	24403	1177	2.626953125
2026-09-14T01:07:43+00:00	torvalds__linux	L	pipeline	71379	6215	5	11.7	24597	1177	2.7158203125
2026-09-14T01:07:58+00:00	torvalds__linux	L	pipeline	71394	6215	5	14.6	24510	1177	2.779296875
2026-09-14T01:08:13+00:00	torvalds__linux	L	pipeline	71409	6216	5	16.5	24461	1177	3.05078125
2026-09-14T01:08:28+00:00	torvalds__linux	L	pipeline	71424	6219	5	11.8	24491	1177	2.94677734375
2026-09-14T01:08:43+00:00	torvalds__linux	L	pipeline	71439	6347	5	12.6	24563	1177	2.74267578125
2026-09-14T01:08:58+00:00	torvalds__linux	L	pipeline	71454	6347	5	13.0	24479	1177	2.6396484375
2026-09-14T01:09:13+00:00	torvalds__linux	L	pipeline	71469	6347	5	11.9	24483	1177	2.9970703125
2026-09-14T01:09:28+00:00	torvalds__linux	L	pipeline	71484	6398	5	10.7	24286	1177	3.34326171875
2026-09-14T01:09:43+00:00	torvalds__linux	L	pipeline	71499	6531	5	13.6	24378	1177	3.2666015625
2026-09-14T01:09:58+00:00	torvalds__linux	L	pipeline	71514	6463	5	12.2	24205	1177	3.25048828125
2026-09-14T01:10:13+00:00	torvalds__linux	L	pipeline	71530	6463	5	8.9	24278	1177	2.82470703125
2026-09-14T01:10:28+00:00	torvalds__linux	L	pipeline	71545	6464	5	10.1	24257	1177	2.71533203125
2026-09-14T01:10:43+00:00	torvalds__linux	L	pipeline	71560	6464	5	8.7	24284	1177	2.68603515625
2026-09-14T01:10:58+00:00	torvalds__linux	L	pipeline	71575	6464	5	9.5	24286	1177	2.99658203125
2026-09-14T01:11:13+00:00	torvalds__linux	L	pipeline	71590	6465	5	8.9	24287	1177	2.77490234375
2026-09-14T01:11:28+00:00	torvalds__linux	L	pipeline	71605	6465	5	8.3	24302	1177	2.53466796875
2026-09-14T01:11:44+00:00	torvalds__linux	L	pipeline	71620	6466	5	9.9	24198	1177	2.50830078125
2026-09-14T01:11:59+00:00	torvalds__linux	L	pipeline	71635	6466	5	9.6	24275	1177	2.5498046875
2026-09-14T01:12:14+00:00	torvalds__linux	L	pipeline	71650	6466	5	9.1	24254	1177	2.51416015625
2026-09-14T01:12:29+00:00	torvalds__linux	L	pipeline	71665	6466	5	8.9	24233	1177	2.603515625
2026-09-14T01:12:44+00:00	torvalds__linux	L	pipeline	71680	6467	5	8.6	24246	1177	2.60498046875
2026-09-14T01:12:59+00:00	torvalds__linux	L	pipeline	71695	6468	5	8.7	24264	1177	2.4580078125
2026-09-14T01:13:14+00:00	torvalds__linux	L	pipeline	71710	6468	5	8.4	24298	1177	2.44873046875
2026-09-14T01:13:29+00:00	torvalds__linux	L	pipeline	71725	6468	5	9.4	24333	1177	2.28076171875
2026-09-14T01:13:44+00:00	torvalds__linux	L	pipeline	71740	6469	5	8.7	24306	1177	2.34130859375
2026-09-14T01:13:59+00:00	torvalds__linux	L	pipeline	71755	6470	5	9.3	24374	1177	2.494140625
2026-09-14T01:14:14+00:00	torvalds__linux	L	pipeline	71770	6471	5	11.4	24390	1177	2.2421875
2026-09-14T01:14:29+00:00	torvalds__linux	L	pipeline	71785	6472	5	11.5	24354	1177	2.478515625
2026-09-14T01:14:44+00:00	torvalds__linux	L	pipeline	71800	6472	5	14.0	24267	1177	2.4521484375
2026-09-14T01:14:59+00:00	torvalds__linux	L	pipeline	71815	6473	5	12.0	24279	1177	2.41943359375
2026-09-14T01:15:14+00:00	torvalds__linux	L	pipeline	71830	6473	5	12.5	24313	1177	2.39404296875
2026-09-14T01:15:29+00:00	torvalds__linux	L	pipeline	71845	6474	5	10.7	24358	1177	2.31298828125
2026-09-14T01:15:44+00:00	torvalds__linux	L	pipeline	71860	6474	5	8.0	24424	1177	2.4033203125
2026-09-14T01:15:59+00:00	torvalds__linux	L	pipeline	71875	6474	5	10.7	24409	1177	2.38720703125
2026-09-14T01:16:14+00:00	torvalds__linux	L	pipeline	71890	6474	5	9.0	24477	1177	2.22705078125
2026-09-14T01:16:29+00:00	torvalds__linux	L	pipeline	71905	6475	5	9.9	24460	1177	2.2509765625
2026-09-14T01:16:44+00:00	torvalds__linux	L	pipeline	71920	6483	5	9.0	24455	1177	2.10888671875
2026-09-14T01:16:59+00:00	torvalds__linux	L	pipeline	71935	6484	5	12.3	24187	1177	2.5224609375
2026-09-14T01:17:14+00:00	torvalds__linux	L	pipeline	71950	6484	5	13.9	24123	1177	2.54833984375
2026-09-14T01:17:29+00:00	torvalds__linux	L	pipeline	71965	6484	5	12.3	24213	1177	2.65478515625
2026-09-14T01:17:44+00:00	torvalds__linux	L	pipeline	71980	6485	5	14.0	24080	1177	3.03955078125
2026-09-14T01:17:59+00:00	torvalds__linux	L	pipeline	71995	6485	5	14.0	23806	1177	3.166015625
2026-09-14T01:18:14+00:00	torvalds__linux	L	pipeline	72010	6486	5	13.3	23423	1177	3.1962890625
2026-09-14T01:18:29+00:00	torvalds__linux	L	pipeline	72025	6486	5	10.6	23426	1177	3.22705078125
2026-09-14T01:18:44+00:00	torvalds__linux	L	pipeline	72040	6486	5	9.6	23508	1177	3.09033203125
2026-09-14T01:18:59+00:00	torvalds__linux	L	pipeline	72055	6487	5	10.4	23594	1177	3.224609375
2026-09-14T01:19:14+00:00	torvalds__linux	L	pipeline	72071	6487	5	10.4	23787	1177	3.1005859375
2026-09-14T01:19:29+00:00	torvalds__linux	L	pipeline	72086	6488	5	12.5	23753	1177	3.0771484375
2026-09-14T01:19:44+00:00	torvalds__linux	L	pipeline	72101	6488	5	13.6	23775	1177	3.21435546875
2026-09-14T01:19:59+00:00	torvalds__linux	L	pipeline	72116	6488	5	14.3	23765	1177	3.30224609375
2026-09-14T01:20:14+00:00	torvalds__linux	L	pipeline	72131	6489	5	11.7	23694	1177	3.525390625
2026-09-14T01:20:29+00:00	torvalds__linux	L	pipeline	72146	6489	5	11.1	23483	1177	3.4755859375
2026-09-14T01:20:45+00:00	torvalds__linux	L	pipeline	72161	6489	5	9.3	23394	1177	3.1484375
2026-09-14T01:21:00+00:00	torvalds__linux	L	pipeline	72176	6489	5	11.1	23329	1177	3.337890625
2026-09-14T01:21:15+00:00	torvalds__linux	L	pipeline	72191	6490	5	10.8	23340	1177	3.1025390625
2026-09-14T01:21:30+00:00	torvalds__linux	L	pipeline	72206	6490	5	11.1	23307	1177	3.0126953125
2026-09-14T01:21:45+00:00	torvalds__linux	L	pipeline	72221	6490	5	13.2	23317	1177	2.8681640625
2026-09-14T01:22:00+00:00	torvalds__linux	L	pipeline	72236	6490	5	12.0	23317	1177	2.97021484375
2026-09-14T01:22:15+00:00	torvalds__linux	L	pipeline	72251	6600	5	13.1	23456	1177	2.84716796875
2026-09-14T01:22:30+00:00	torvalds__linux	L	pipeline	72266	6601	5	13.3	23462	1177	2.95556640625
2026-09-14T01:22:45+00:00	torvalds__linux	L	pipeline	72281	6581	5	11.2	23424	1177	2.958984375
2026-09-14T01:23:00+00:00	torvalds__linux	L	pipeline	72296	6581	5	10.8	23493	1177	2.66552734375
2026-09-14T01:23:15+00:00	torvalds__linux	L	pipeline	72311	6582	5	11.4	23408	1177	2.6474609375
2026-09-14T01:23:30+00:00	torvalds__linux	L	pipeline	72326	6582	5	9.5	23321	1177	2.7939453125
2026-09-14T01:23:45+00:00	torvalds__linux	L	pipeline	72341	6582	5	7.8	23290	1177	2.6298828125
2026-09-14T01:24:00+00:00	torvalds__linux	L	pipeline	72356	6583	5	9.2	23353	1177	2.3359375
2026-09-14T01:24:15+00:00	torvalds__linux	L	pipeline	72371	6583	5	10.8	23393	1177	2.26708984375
2026-09-14T01:24:30+00:00	torvalds__linux	L	pipeline	72386	6583	5	12.6	23505	1177	2.28125
2026-09-14T01:24:45+00:00	torvalds__linux	L	pipeline	72401	6583	5	16.0	23567	1177	2.73681640625
2026-09-14T01:25:00+00:00	torvalds__linux	L	pipeline	72416	6583	5	10.9	23491	1177	2.63525390625
2026-09-14T01:25:15+00:00	torvalds__linux	L	pipeline	72431	6584	5	12.8	23514	1177	2.62939453125
2026-09-14T01:25:30+00:00	torvalds__linux	L	pipeline	72446	6585	5	10.5	23615	1177	2.64990234375
2026-09-14T01:25:45+00:00	torvalds__linux	L	pipeline	72461	6585	5	8.6	23626	1177	2.65966796875
2026-09-14T01:26:00+00:00	torvalds__linux	L	pipeline	72476	6586	5	9.4	23628	1177	2.5009765625
2026-09-14T01:26:15+00:00	torvalds__linux	L	pipeline	72491	6672	5	12.8	23755	1177	2.748046875
2026-09-14T01:26:30+00:00	torvalds__linux	L	pipeline	72506	6674	5	12.7	23782	1177	2.8779296875
2026-09-14T01:26:45+00:00	torvalds__linux	L	pipeline	72521	6675	5	14.3	23724	1177	3.13330078125
2026-09-14T01:27:00+00:00	torvalds__linux	L	pipeline	72536	6675	5	12.0	23730	1177	2.94921875
2026-09-14T01:27:15+00:00	torvalds__linux	L	pipeline	72551	6678	5	9.0	23728	1177	2.73291015625
2026-09-14T01:27:30+00:00	torvalds__linux	L	pipeline	72566	6678	5	9.0	23815	1177	2.79833984375
2026-09-14T01:27:45+00:00	torvalds__linux	L	pipeline	72581	6679	5	7.5	23771	1177	2.70166015625
2026-09-14T01:28:00+00:00	torvalds__linux	L	pipeline	72597	6680	5	10.8	23728	1177	2.63818359375
2026-09-14T01:28:15+00:00	torvalds__linux	L	pipeline	72612	6680	5	9.2	23742	1177	2.638671875
2026-09-14T01:28:30+00:00	torvalds__linux	L	pipeline	72627	6680	5	8.0	23812	1177	2.27490234375
2026-09-14T01:28:45+00:00	torvalds__linux	L	pipeline	72642	6680	5	8.1	23803	1177	2.0595703125
2026-09-14T01:29:00+00:00	torvalds__linux	L	pipeline	72657	6682	5	7.1	23870	1177	2.2685546875
2026-09-14T01:29:15+00:00	torvalds__linux	L	pipeline	72672	6682	5	7.2	23960	1177	1.98681640625
2026-09-14T01:29:31+00:00	torvalds__linux	L	pipeline	72687	6682	5	7.8	23989	1177	2.14990234375
2026-09-14T01:29:46+00:00	torvalds__linux	L	pipeline	72702	6682	5	6.8	23998	1177	2.04248046875
2026-09-14T01:30:01+00:00	torvalds__linux	L	pipeline	72717	6682	5	7.0	24033	1177	1.9716796875
2026-09-14T01:30:16+00:00	torvalds__linux	L	pipeline	72732	6683	5	8.2	24027	1177	2.10693359375
2026-09-14T01:30:31+00:00	torvalds__linux	L	pipeline	72747	6684	5	8.0	24014	1177	2.0087890625
2026-09-14T01:30:46+00:00	torvalds__linux	L	pipeline	72762	6684	5	9.6	24053	1177	2.01318359375
2026-09-14T01:31:01+00:00	torvalds__linux	L	pipeline	72777	6741	5	8.9	24105	1177	2.17041015625
2026-09-14T01:31:16+00:00	torvalds__linux	L	pipeline	72792	7399	5	11.9	24630	1177	2.26806640625
2026-09-14T01:31:31+00:00	torvalds__linux	L	pipeline	72807	7399	5	11.7	24634	1177	2.43115234375
2026-09-14T01:31:46+00:00	torvalds__linux	L	pipeline	72822	7400	5	11.4	24596	1177	2.62451171875
2026-09-14T01:32:01+00:00	torvalds__linux	L	pipeline	72837	7400	5	10.9	24581	1177	2.4853515625
2026-09-14T01:32:16+00:00	torvalds__linux	L	pipeline	72852	7401	5	11.0	24598	1177	2.68017578125
2026-09-14T01:32:31+00:00	torvalds__linux	L	pipeline	72867	7305	5	7.9	24604	1177	2.380859375
2026-09-14T01:32:46+00:00	torvalds__linux	L	pipeline	72882	7306	5	8.4	24568	1177	2.30224609375
2026-09-14T01:33:01+00:00	torvalds__linux	L	pipeline	72897	7307	5	7.9	24535	1177	2.38330078125
2026-09-14T01:33:16+00:00	torvalds__linux	L	pipeline	72912	7308	5	7.9	24549	1177	2.45263671875
2026-09-14T01:33:31+00:00	torvalds__linux	L	pipeline	72927	7308	5	9.2	24506	1177	2.345703125
2026-09-14T01:33:46+00:00	torvalds__linux	L	pipeline	72942	7308	5	9.0	24498	1177	2.26318359375
2026-09-14T01:34:01+00:00	torvalds__linux	L	pipeline	72957	7309	5	8.2	24543	1177	2.14306640625
2026-09-14T01:34:16+00:00	torvalds__linux	L	pipeline	72972	7309	5	7.6	24519	1177	2.025390625
2026-09-14T01:34:31+00:00	torvalds__linux	L	pipeline	72987	7310	5	6.7	24568	1177	2.099609375
2026-09-14T01:34:46+00:00	torvalds__linux	L	pipeline	73002	7310	5	8.7	24549	1177	2.30517578125
2026-09-14T01:35:01+00:00	torvalds__linux	L	pipeline	73017	7311	5	7.6	24569	1177	2.82666015625
2026-09-14T01:35:16+00:00	torvalds__linux	L	pipeline	73032	7311	5	7.4	24618	1177	2.5751953125
2026-09-14T01:35:31+00:00	torvalds__linux	L	pipeline	73047	7311	5	7.7	24640	1177	2.38623046875
2026-09-14T01:35:46+00:00	torvalds__linux	L	pipeline	73062	7311	5	9.9	24635	1177	2.423828125
2026-09-14T01:36:01+00:00	torvalds__linux	L	pipeline	73077	7312	5	9.0	24663	1177	2.47802734375
2026-09-14T01:36:16+00:00	torvalds__linux	L	pipeline	73092	7312	5	7.2	24743	1177	2.58154296875
2026-09-14T01:36:31+00:00	torvalds__linux	L	pipeline	73107	7313	5	8.1	24768	1177	2.38427734375
2026-09-14T01:36:46+00:00	torvalds__linux	L	pipeline	73122	7313	5	8.5	24818	1177	2.29248046875
2026-09-14T01:37:01+00:00	torvalds__linux	L	pipeline	73138	7313	5	7.2	24889	1177	2.30126953125
2026-09-14T01:37:16+00:00	torvalds__linux	L	pipeline	73153	7313	5	7.8	24905	1177	2.375
2026-09-14T01:37:31+00:00	torvalds__linux	L	pipeline	73168	7313	5	6.4	24949	1177	2.359375
2026-09-14T01:37:46+00:00	torvalds__linux	L	pipeline	73183	7313	5	9.5	24857	1177	2.501953125
2026-09-14T01:38:01+00:00	torvalds__linux	L	pipeline	73198	7313	5	7.0	24940	1177	2.38427734375
2026-09-14T01:38:16+00:00	torvalds__linux	L	pipeline	73213	7313	5	8.1	24945	1177	2.2373046875
2026-09-14T01:38:32+00:00	torvalds__linux	L	pipeline	73228	7313	5	7.2	24963	1177	2.42529296875
2026-09-14T01:38:47+00:00	torvalds__linux	L	pipeline	73243	7313	5	7.1	24981	1177	2.49755859375
2026-09-14T01:39:02+00:00	torvalds__linux	L	pipeline	73258	7314	5	6.4	24966	1177	2.37451171875
2026-09-14T01:39:17+00:00	torvalds__linux	L	pipeline	73273	7314	5	7.0	24986	1177	2.291015625
2026-09-14T01:39:32+00:00	torvalds__linux	L	pipeline	73288	7314	5	6.8	24981	1177	2.2939453125
2026-09-14T01:39:47+00:00	torvalds__linux	L	pipeline	73303	7314	5	8.4	24972	1177	2.30859375
2026-09-14T01:40:02+00:00	torvalds__linux	L	pipeline	73318	7314	5	8.4	24962	1177	2.46240234375
2026-09-14T01:40:17+00:00	torvalds__linux	L	pipeline	73333	7318	5	18.1	24012	1177	4.1376953125
2026-09-14T01:40:32+00:00	torvalds__linux	L	pipeline	73348	7318	5	7.1	23921	1177	3.89208984375
2026-09-14T01:40:47+00:00	torvalds__linux	L	pipeline	73363	7318	5	7.1	23827	1177	3.5400390625
2026-09-14T01:41:02+00:00	torvalds__linux	L	pipeline	73378	7318	5	5.8	23705	1177	3.1181640625
2026-09-14T01:41:17+00:00	torvalds__linux	L	pipeline	73393	7324	5	6.0	23772	1177	2.79638671875
2026-09-14T01:41:32+00:00	torvalds__linux	L	pipeline	73408	7324	5	5.6	23860	1177	2.68701171875
2026-09-14T01:41:47+00:00	torvalds__linux	L	pipeline	73423	7324	5	6.9	23938	1177	2.61474609375
2026-09-14T01:42:02+00:00	torvalds__linux	L	pipeline	73438	7324	5	6.7	24086	1177	2.55859375
2026-09-14T01:42:17+00:00	torvalds__linux	L	pipeline	73453	7324	5	7.8	24237	1177	2.57666015625
2026-09-14T01:42:32+00:00	torvalds__linux	L	pipeline	73468	7324	5	8.7	24362	1177	2.5224609375
2026-09-14T01:42:47+00:00	torvalds__linux	L	pipeline	73483	7324	5	8.8	24443	1177	2.47412109375
2026-09-14T01:43:02+00:00	torvalds__linux	L	pipeline	73498	7324	5	7.6	24553	1177	2.43603515625
2026-09-14T01:43:17+00:00	torvalds__linux	L	pipeline	73513	7324	5	8.4	24556	1177	2.19091796875
2026-09-14T01:43:32+00:00	torvalds__linux	L	pipeline	73528	7324	5	8.2	24570	1177	2.22314453125
2026-09-14T01:43:47+00:00	torvalds__linux	L	pipeline	73543	7324	5	8.5	24587	1177	2.2412109375
2026-09-14T01:44:02+00:00	torvalds__linux	L	pipeline	73558	7324	5	6.5	24688	1177	2.18115234375
2026-09-14T01:44:17+00:00	torvalds__linux	L	pipeline	73573	7324	5	7.3	24735	1177	2.2763671875
2026-09-14T01:44:32+00:00	torvalds__linux	L	pipeline	73588	7324	5	6.2	24839	1177	2.22705078125
2026-09-14T01:44:47+00:00	torvalds__linux	L	pipeline	73603	7324	5	6.5	24878	1177	2.244140625
2026-09-14T01:45:02+00:00	torvalds__linux	L	pipeline	73618	7324	5	8.1	24961	1177	2.54736328125
2026-09-14T01:45:17+00:00	torvalds__linux	L	pipeline	73633	7324	5	7.7	25052	1177	2.345703125
2026-09-14T01:45:32+00:00	torvalds__linux	L	pipeline	73649	7324	5	7.5	25096	1177	2.404296875
2026-09-14T01:45:47+00:00	torvalds__linux	L	pipeline	73664	7324	5	8.2	25100	1177	2.3818359375
2026-09-14T01:46:02+00:00	torvalds__linux	L	pipeline	73679	7324	5	7.7	25168	1177	2.22900390625
2026-09-14T01:46:17+00:00	torvalds__linux	L	pipeline	73694	7324	5	8.9	25145	1177	2.31982421875
2026-09-14T01:46:32+00:00	torvalds__linux	L	pipeline	73709	7324	5	8.9	25123	1177	2.2421875
2026-09-14T01:46:47+00:00	torvalds__linux	L	pipeline	73724	7324	5	8.9	25230	1177	2.255859375
2026-09-14T01:47:03+00:00	torvalds__linux	L	pipeline	73739	7324	5	6.8	25250	1177	2.130859375
2026-09-14T01:47:18+00:00	torvalds__linux	L	pipeline	73754	7327	5	7.1	25301	1177	2.11376953125
2026-09-14T01:47:33+00:00	torvalds__linux	L	pipeline	73769	7327	5	5.9	25352	1177	2.01416015625
2026-09-14T01:47:48+00:00	torvalds__linux	L	pipeline	73784	7327	5	6.7	25343	1177	2.15771484375
2026-09-14T01:48:03+00:00	torvalds__linux	L	pipeline	73799	7327	5	7.6	25387	1177	2.1044921875
2026-09-14T01:48:18+00:00	torvalds__linux	L	pipeline	73814	7327	5	8.0	25374	1177	2.06884765625
2026-09-14T01:48:33+00:00	torvalds__linux	L	pipeline	73829	7327	5	8.7	25409	1177	2.12109375
2026-09-14T01:48:48+00:00	torvalds__linux	L	pipeline	73844	7327	5	6.4	25426	1177	1.95263671875
2026-09-14T01:49:03+00:00	torvalds__linux	L	pipeline	73859	7327	5	6.9	25357	1177	1.74072265625
2026-09-14T01:49:18+00:00	torvalds__linux	L	pipeline	73874	7327	5	6.3	25400	1177	1.64453125
2026-09-14T01:49:33+00:00	torvalds__linux	L	pipeline	73889	7327	5	7.3	25444	1177	1.779296875
2026-09-14T01:49:48+00:00	torvalds__linux	L	pipeline	73904	7327	5	6.6	25438	1177	1.6865234375
2026-09-14T01:50:03+00:00	torvalds__linux	L	pipeline	73919	7327	5	7.6	25438	1177	1.8427734375
2026-09-14T01:50:18+00:00	torvalds__linux	L	pipeline	73934	7327	5	9.7	24904	1177	2.02587890625
2026-09-14T01:50:33+00:00	torvalds__linux	L	pipeline	73949	7331	5	7.6	24648	1177	2.00732421875
2026-09-14T01:50:48+00:00	torvalds__linux	L	pipeline	73964	7331	5	7.6	24617	1177	1.99853515625
2026-09-14T01:51:03+00:00	torvalds__linux	L	pipeline	73979	7331	5	7.6	24704	1177	1.857421875
2026-09-14T01:51:18+00:00	torvalds__linux	L	pipeline	73994	7331	5	8.6	24755	1177	1.89501953125
2026-09-14T01:51:33+00:00	torvalds__linux	L	pipeline	74009	7331	5	8.6	24854	1177	1.9990234375
2026-09-14T01:51:48+00:00	torvalds__linux	L	pipeline	74024	7331	5	9.5	24860	1177	2.15380859375
2026-09-14T01:52:03+00:00	torvalds__linux	L	pipeline	74039	7331	5	8.6	24938	1177	2.26123046875
2026-09-14T01:52:18+00:00	torvalds__linux	L	pipeline	74054	7331	5	8.3	24932	1177	2.28955078125
2026-09-14T01:52:33+00:00	torvalds__linux	L	pipeline	74069	7331	5	8.0	24903	1177	2.21923828125
2026-09-14T01:52:48+00:00	torvalds__linux	L	pipeline	74084	7331	5	11.1	24894	1177	2.56494140625
2026-09-14T01:53:03+00:00	torvalds__linux	L	pipeline	74099	7331	5	10.3	24924	1177	3.01806640625
2026-09-14T01:53:18+00:00	torvalds__linux	L	pipeline	74114	7331	5	10.1	25008	1177	2.7060546875
2026-09-14T01:53:33+00:00	torvalds__linux	L	pipeline	74129	7331	5	7.4	25010	1177	2.5439453125
2026-09-14T01:53:48+00:00	torvalds__linux	L	pipeline	74144	7331	5	7.4	25022	1177	2.28125
2026-09-14T01:54:03+00:00	torvalds__linux	L	pipeline	74160	7331	5	9.3	25002	1177	2.23095703125
2026-09-14T01:54:18+00:00	torvalds__linux	L	pipeline	74175	7332	5	10.5	25020	1177	2.4755859375
2026-09-14T01:54:33+00:00	torvalds__linux	L	pipeline	74190	7332	5	10.0	25009	1177	2.3701171875
2026-09-14T01:54:48+00:00	torvalds__linux	L	pipeline	74205	7332	5	12.2	25114	1177	2.3681640625
2026-09-14T01:55:03+00:00	torvalds__linux	L	pipeline	74220	7332	5	10.1	25131	1177	2.4404296875
2026-09-14T01:55:18+00:00	torvalds__linux	L	pipeline	74235	7332	5	7.3	25141	1177	2.35498046875
2026-09-14T01:55:33+00:00	torvalds__linux	L	pipeline	74250	7332	5	7.2	25106	1177	2.28173828125
2026-09-14T01:55:49+00:00	torvalds__linux	L	pipeline	74265	7332	5	9.0	25094	1177	2.15087890625
2026-09-14T01:56:04+00:00	torvalds__linux	L	pipeline	74280	7332	5	8.3	25168	1177	2.49365234375
2026-09-14T01:56:19+00:00	torvalds__linux	L	pipeline	74295	7332	5	8.3	25120	1177	2.52685546875
2026-09-14T01:56:34+00:00	torvalds__linux	L	pipeline	74310	7332	5	8.8	25083	1177	2.56396484375
2026-09-14T01:56:49+00:00	torvalds__linux	L	pipeline	74325	7332	5	8.3	25110	1177	2.50634765625
2026-09-14T01:57:04+00:00	torvalds__linux	L	pipeline	74340	7332	5	7.3	25109	1177	2.251953125
2026-09-14T01:57:19+00:00	torvalds__linux	L	pipeline	74355	7332	5	8.0	24977	1177	2.41796875
2026-09-14T01:57:34+00:00	torvalds__linux	L	pipeline	74370	7332	5	6.7	24991	1177	2.41162109375
2026-09-14T01:57:49+00:00	torvalds__linux	L	pipeline	74385	7332	5	9.5	24991	1177	2.5234375
2026-09-14T01:58:04+00:00	torvalds__linux	L	pipeline	74400	7332	5	7.8	24993	1177	2.33349609375
2026-09-14T01:58:19+00:00	torvalds__linux	L	pipeline	74415	7332	5	10.7	25055	1177	2.32666015625
2026-09-14T01:58:34+00:00	torvalds__linux	L	pipeline	74430	7332	5	7.2	25033	1177	2.39599609375
2026-09-14T01:58:49+00:00	torvalds__linux	L	pipeline	74445	7332	5	7.4	25093	1177	2.30810546875
2026-09-14T01:59:04+00:00	torvalds__linux	L	pipeline	74460	7332	5	9.5	25048	1177	2.2333984375
2026-09-14T01:59:19+00:00	torvalds__linux	L	pipeline	74475	7332	5	7.1	25037	1177	2.0390625
2026-09-14T01:59:34+00:00	torvalds__linux	L	pipeline	74490	7332	5	7.8	25059	1177	1.888671875
2026-09-14T01:59:49+00:00	torvalds__linux	L	pipeline	74505	7332	5	8.9	25043	1177	2.0859375
2026-09-14T02:00:04+00:00	torvalds__linux	L	pipeline	74520	7332	5	7.8	25091	1177	2.20166015625
2026-09-14T02:00:19+00:00	torvalds__linux	L	pipeline	74535	7334	5	8.2	25083	1177	2.2861328125
2026-09-14T02:00:34+00:00	torvalds__linux	L	pipeline	74550	7334	5	8.2	25111	1177	2.22900390625
2026-09-14T02:00:49+00:00	torvalds__linux	L	pipeline	74565	7334	5	7.4	25113	1177	2.0361328125
2026-09-14T02:01:04+00:00	torvalds__linux	L	pipeline	74580	7334	5	9.0	25090	1177	2.1083984375
2026-09-14T02:01:19+00:00	torvalds__linux	L	pipeline	74595	7334	5	8.8	25064	1177	2.01025390625
2026-09-14T02:01:34+00:00	torvalds__linux	L	pipeline	74610	7334	5	8.2	25065	1177	2.00732421875
2026-09-14T02:01:49+00:00	torvalds__linux	L	pipeline	74625	7334	5	6.9	25085	1177	1.931640625
2026-09-14T02:02:04+00:00	torvalds__linux	L	pipeline	74640	7334	5	8.3	25098	1177	1.94140625
2026-09-14T02:02:19+00:00	torvalds__linux	L	pipeline	74655	7334	5	8.9	25069	1177	1.93603515625
2026-09-14T02:02:34+00:00	torvalds__linux	L	pipeline	74670	7334	5	7.1	25105	1177	2.0361328125
2026-09-14T02:02:49+00:00	torvalds__linux	L	pipeline	74685	7334	5	8.6	25107	1177	2.25048828125
2026-09-14T02:03:04+00:00	torvalds__linux	L	pipeline	74701	7334	5	11.8	25082	1177	2.46533203125
2026-09-14T02:03:19+00:00	torvalds__linux	L	pipeline	74716	7334	5	11.8	24765	1177	2.71240234375
2026-09-14T02:03:34+00:00	torvalds__linux	L	pipeline	74731	7334	5	8.0	24835	1177	2.78857421875
2026-09-14T02:03:49+00:00	torvalds__linux	L	pipeline	74746	7334	5	8.8	24812	1177	2.79248046875
2026-09-14T02:04:04+00:00	torvalds__linux	L	pipeline	74761	7334	5	7.4	24835	1177	2.39501953125
2026-09-14T02:04:19+00:00	torvalds__linux	L	pipeline	74776	7364	5	10.1	24831	1177	2.68359375
2026-09-14T02:04:35+00:00	torvalds__linux	L	pipeline	74791	7325	5	11.1	24741	1177	2.82177734375
2026-09-14T02:04:50+00:00	torvalds__linux	L	pipeline	74806	7325	5	13.6	24700	1177	2.8740234375
2026-09-14T02:05:05+00:00	torvalds__linux	L	pipeline	74821	7325	5	11.6	24691	1177	2.6796875
2026-09-14T02:05:20+00:00	torvalds__linux	L	pipeline	74836	7325	5	9.7	24693	1177	2.5283203125
2026-09-14T02:05:35+00:00	torvalds__linux	L	pipeline	74851	7325	5	11.0	24776	1177	2.5341796875
2026-09-14T02:05:50+00:00	torvalds__linux	L	pipeline	74866	7325	5	7.5	24739	1177	2.341796875
2026-09-14T02:06:05+00:00	torvalds__linux	L	pipeline	74881	7325	5	9.5	24730	1177	2.33935546875
2026-09-14T02:06:20+00:00	torvalds__linux	L	pipeline	74896	7325	5	8.6	24736	1177	2.1220703125
2026-09-14T02:06:35+00:00	torvalds__linux	L	pipeline	74911	7325	5	7.9	24691	1177	2.087890625
2026-09-14T02:06:50+00:00	torvalds__linux	L	pipeline	74926	7325	5	15.9	25099	1177	2.36962890625
2026-09-14T02:07:05+00:00	torvalds__linux	L	pipeline	74941	7325	5	11.6	24775	1177	2.8359375
2026-09-14T02:07:20+00:00	torvalds__linux	L	pipeline	74956	7325	5	8.7	24632	1177	2.64990234375
2026-09-14T02:07:35+00:00	torvalds__linux	L	pipeline	74971	7333	5	5.9	24590	1177	2.52490234375
2026-09-14T02:07:50+00:00	torvalds__linux	L	pipeline	74986	7333	5	7.8	24402	1177	2.48828125
2026-09-14T02:08:05+00:00	torvalds__linux	L	pipeline	75001	7333	5	6.8	24399	1177	2.39208984375
2026-09-14T02:08:20+00:00	torvalds__linux	L	pipeline	75016	7333	5	9.5	24359	1177	2.24365234375
2026-09-14T02:08:35+00:00	torvalds__linux	L	pipeline	75031	7333	5	6.7	24431	1177	2.412109375
2026-09-14T02:08:50+00:00	torvalds__linux	L	pipeline	75046	7333	5	8.1	24458	1177	2.1787109375
2026-09-14T02:09:05+00:00	torvalds__linux	L	pipeline	75061	7333	5	11.4	24496	1177	2.138671875
2026-09-14T02:09:20+00:00	torvalds__linux	L	pipeline	75076	7333	5	11.2	24617	1177	2.1015625
2026-09-14T02:09:35+00:00	torvalds__linux	L	pipeline	75091	7333	5	9.3	24717	1177	2.00439453125
2026-09-14T02:09:50+00:00	torvalds__linux	L	pipeline	75106	7333	5	8.8	24807	1177	2.0771484375
2026-09-14T02:10:05+00:00	torvalds__linux	L	pipeline	75121	7340	5	10.5	21087	1177	1.9794921875
2026-09-14T02:10:20+00:00	torvalds__linux	L	pipeline	75136	7340	5	9.2	21385	1177	1.91064453125
2026-09-14T02:10:35+00:00	torvalds__linux	L	pipeline	75151	7340	5	11.1	21606	1177	2.1650390625
2026-09-14T02:10:50+00:00	torvalds__linux	L	pipeline	75166	7347	5	8.9	21670	1177	2.36865234375
2026-09-14T02:11:05+00:00	torvalds__linux	L	pipeline	75181	7347	5	10.0	21845	1177	2.44091796875
2026-09-14T02:11:20+00:00	torvalds__linux	L	pipeline	75196	7347	5	10.0	21877	1177	2.6455078125
2026-09-14T02:11:35+00:00	torvalds__linux	L	pipeline	75211	7347	5	10.9	21988	1177	2.7177734375
2026-09-14T02:11:50+00:00	torvalds__linux	L	pipeline	75227	7347	5	26.1	24444	1177	3.62890625
2026-09-14T02:12:05+00:00	torvalds__linux	L	pipeline	75242	7347	5	18.1	24756	1177	4.77685546875
2026-09-14T02:12:20+00:00	torvalds__linux	L	pipeline	75257	7442	5	13.2	24554	1177	4.302734375
2026-09-14T02:12:35+00:00	torvalds__linux	L	pipeline	75272	7442	5	9.6	24397	1177	3.85986328125
2026-09-14T02:12:50+00:00	torvalds__linux	L	pipeline	75287	7442	5	9.7	24418	1177	3.66845703125
2026-09-14T02:13:05+00:00	torvalds__linux	L	pipeline	75302	7442	5	8.7	24453	1177	3.3662109375
2026-09-14T02:13:21+00:00	torvalds__linux	L	pipeline	75317	7442	5	9.4	24434	1177	3.439453125
2026-09-14T02:13:36+00:00	torvalds__linux	L	pipeline	75332	7432	5	8.0	24295	1177	3.13232421875
2026-09-14T02:13:51+00:00	torvalds__linux	L	pipeline	75347	7335	5	9.8	24165	1177	2.73974609375
2026-09-14T02:14:06+00:00	torvalds__linux	L	pipeline	75362	7335	5	8.4	24331	1177	2.5693359375
2026-09-14T02:14:21+00:00	torvalds__linux	L	pipeline	75377	7429	5	11.4	24334	1177	2.44287109375
2026-09-14T02:14:36+00:00	torvalds__linux	L	pipeline	75392	7429	5	11.2	24243	1177	2.48681640625
2026-09-14T02:14:51+00:00	torvalds__linux	L	pipeline	75407	7423	5	11.2	24318	1177	2.5390625
2026-09-14T02:15:06+00:00	torvalds__linux	L	pipeline	75422	7423	5	11.9	24380	1177	2.64697265625
2026-09-14T02:15:21+00:00	torvalds__linux	L	pipeline	75437	7423	5	12.2	24521	1177	2.947265625
2026-09-14T02:15:36+00:00	torvalds__linux	L	pipeline	75452	7423	5	13.5	24529	1177	3.0263671875
2026-09-14T02:15:51+00:00	torvalds__linux	L	pipeline	75467	7426	5	12.2	24619	1177	2.71826171875
2026-09-14T02:16:06+00:00	torvalds__linux	L	pipeline	75482	7426	5	16.5	24782	1177	3.09521484375
